x0,y0,z0,x1,y1,z1,x2,y2,z2,x3,y3,z3,x4,y4,z4,x5,y5,z5,x6,y6,z6,x7,y7,z7,x8,y8,z8,x9,y9,z9,x10,y10,z10,x11,y11,z11,x12,y12,z12,x13,y13,z13,x14,y14,z14,x15,y15,z15,x16,y16,z16,x17,y17,z17,x18,y18,z18,x19,y19,z19,x20,y20,z20,label
0.6613943576812744,0.749186635017395,-7.376413577731e-07,0.5838735103607178,0.670656144618988,-0.014617286622524261,0.5403514504432678,0.5506347417831421,-0.0195454228669405,0.5247578620910645,0.45608681440353394,-0.029838677495718002,0.5030850172042847,0.38359981775283813,-0.03555213660001755,0.5884721875190735,0.46872007846832275,0.014965958893299103,0.58241206407547,0.39173680543899536,-0.028213316574692726,0.5890735387802124,0.46997106075286865,-0.05701348930597305,0.59568852186203,0.5434474349021912,-0.06834603101015091,0.6450326442718506,0.4790153503417969,0.00469615263864398,0.640980064868927,0.40058785676956177,-0.04124651476740837,0.6336606740951538,0.505578339099884,-0.05629129335284233,0.6331272721290588,0.581743597984314,-0.052963003516197205,0.699334979057312,0.5063262581825256,-0.012859050184488297,0.6974706053733826,0.43753403425216675,-0.055461395531892776,0.6763436794281006,0.5357868075370789,-0.046086136251688004,0.6662158370018005,0.6046442985534668,-0.02560333162546158,0.7536774277687073,0.5462257266044617,-0.03221715986728668,0.7514947652816772,0.49083393812179565,-0.055173709988594055,0.7227333784103394,0.5448673963546753,-0.04204722121357918,0.7051913738250732,0.5877305269241333,-0.02391412854194641,A
0.28078141808509827,0.7267569899559021,-8.108234510473267e-07,0.21980102360248566,0.6603913903236389,-0.008108116686344147,0.19074136018753052,0.5508373379707336,-0.010722493752837181,0.17724016308784485,0.4752933979034424,-0.01871468499302864,0.15065154433250427,0.41706958413124084,-0.02378319390118122,0.24400416016578674,0.46122661232948303,0.01960720680654049,0.21198375523090363,0.4213360846042633,-0.016877150163054466,0.20859402418136597,0.49144691228866577,-0.04168099910020828,0.2145853489637375,0.5529460906982422,-0.05107186734676361,0.2852444052696228,0.47315242886543274,0.009698321111500263,0.24951285123825073,0.434040904045105,-0.024794183671474457,0.24094776809215546,0.5232919454574585,-0.03559822961688042,0.24625876545906067,0.5833234786987305,-0.033004362136125565,0.32786235213279724,0.4983684718608856,-0.006654971279203892,0.2925628125667572,0.45884671807289124,-0.03969263657927513,0.276361882686615,0.5465877056121826,-0.030909664928913116,0.2781662940979004,0.6035216450691223,-0.014407078735530376,0.3719181418418884,0.535792350769043,-0.024445516988635063,0.3378334641456604,0.49825194478034973,-0.04208074510097504,0.31328001618385315,0.5495044589042664,-0.030886981636285782,0.3084721267223358,0.5871968269348145,-0.015778381377458572,A
0.8373798727989197,0.718696653842926,-4.487559976951161e-07,0.7667770385742188,0.6334036588668823,-0.020132452249526978,0.730004072189331,0.5261741876602173,-0.023375436663627625,0.7203429341316223,0.42876362800598145,-0.030962292104959488,0.703866720199585,0.3584924340248108,-0.033565595746040344,0.7755190134048462,0.45973727107048035,0.03298121690750122,0.7853235602378845,0.3896854519844055,-0.005215485580265522,0.7955948114395142,0.4488312602043152,-0.03573298454284668,0.7966296076774597,0.5112929344177246,-0.0488055981695652,0.8284503221511841,0.47376060485839844,0.02903364598751068,0.8458351492881775,0.41056331992149353,-0.015776820480823517,0.8382898569107056,0.49604031443595886,-0.03957774117588997,0.8248654007911682,0.5656485557556152,-0.0424705445766449,0.8763163685798645,0.50048828125,0.016579294577240944,0.8948597311973572,0.45022764801979065,-0.026464099064469337,0.8725278973579407,0.5263621211051941,-0.02816900610923767,0.851451575756073,0.5876024961471558,-0.014542992226779461,0.9209450483322144,0.537279486656189,0.001986690564081073,0.937218189239502,0.49888181686401367,-0.021979928016662598,0.9118987321853638,0.5411160588264465,-0.015920933336019516,0.8894104957580566,0.579673171043396,-0.00226004421710968,A
0.5582724213600159,0.8383626937866211,-1.2572802461363608e-06,0.42997607588768005,0.6988282799720764,-0.031876642256975174,0.3691418766975403,0.4814823269844055,-0.0411820113658905,0.3500382900238037,0.3156282901763916,-0.057227060198783875,0.3047674894332886,0.20641657710075378,-0.06424999982118607,0.44912511110305786,0.3656470775604248,0.015063461847603321,0.44460350275039673,0.23389746248722076,-0.058408740907907486,0.4558010995388031,0.3780876696109772,-0.10425012558698654,0.4652649164199829,0.49847128987312317,-0.1223641186952591,0.5421187281608582,0.3865048885345459,0.002064245054498315,0.5431158542633057,0.2634272277355194,-0.07701756805181503,0.5286552309989929,0.45253267884254456,-0.09678884595632553,0.5258365273475647,0.5678532123565674,-0.08888588845729828,0.6263303756713867,0.4379611313343048,-0.023921014741063118,0.6352075338363647,0.3146907687187195,-0.0970819741487503,0.5963960289955139,0.48651108145713806,-0.07185810804367065,0.5799224972724915,0.5943130254745483,-0.032589878886938095,0.7080327272415161,0.5090880990028381,-0.05405709147453308,0.719387948513031,0.4100917875766754,-0.09397734701633453,0.6717718839645386,0.5045440793037415,-0.0678774043917656,0.6443703174591064,0.567314863204956,-0.035580720752477646,A
0.5333477854728699,0.7131248712539673,-4.505254764808342e-07,0.4841805696487427,0.66347336769104,-0.009672069922089577,0.4616408348083496,0.5890926718711853,-0.013335681520402431,0.4555289149284363,0.529427707195282,-0.02004208229482174,0.4398742616176605,0.4881714880466461,-0.02422375977039337,0.4967557489871979,0.5415828227996826,0.008255556225776672,0.4940357804298401,0.49773135781288147,-0.018415866419672966,0.4958617389202118,0.5474627614021301,-0.03646380454301834,0.49719908833503723,0.5927712321281433,-0.043691448867321014,0.5312401652336121,0.5512767434120178,0.0021532864775508642,0.529775083065033,0.5036830306053162,-0.026345625519752502,0.5231781601905823,0.567841112613678,-0.03584370017051697,0.5212336778640747,0.6175326704978943,-0.03392992168664932,0.5637626647949219,0.5716812014579773,-0.008372168987989426,0.5633581280708313,0.5285638570785522,-0.03526784107089043,0.5484030842781067,0.5868598818778992,-0.029753832146525383,0.5415001511573792,0.6313148140907288,-0.01715793088078499,0.5967339277267456,0.5997815132141113,-0.019959010183811188,0.5940836071968079,0.5627569556236267,-0.03484932705760002,0.5756837725639343,0.5940901041030884,-0.02680067904293537,0.5653029680252075,0.6220722198486328,-0.015537532977759838,A
0.49836093187332153,0.7284212112426758,-6.07535525887215e-07,0.42056888341903687,0.7139818668365479,-0.004426924511790276,0.3533569872379303,0.6571117639541626,-0.004677983466535807,0.3089534044265747,0.6138445734977722,-0.011600691825151443,0.2681705355644226,0.5916630625724792,-0.016515325754880905,0.35952016711235046,0.5736289620399475,0.028871141374111176,0.32161206007003784,0.5334208607673645,-0.0032088791485875845,0.3516441285610199,0.5769133567810059,-0.02670644409954548,0.3830658495426178,0.6164369583129883,-0.03589963912963867,0.3955219089984894,0.5474380254745483,0.017856763675808907,0.35771381855010986,0.4998258948326111,-0.015848439186811447,0.3908121585845947,0.5681292414665222,-0.03009159304201603,0.42135077714920044,0.6146901845932007,-0.028403393924236298,0.43984487652778625,0.5298177599906921,0.0011643022298812866,0.40299075841903687,0.482207328081131,-0.030961357057094574,0.4292689859867096,0.5588403940200806,-0.02471441961824894,0.4546252489089966,0.6081922054290771,-0.008540373295545578,0.49172794818878174,0.521018385887146,-0.016407091170549393,0.4569908678531647,0.4846244156360626,-0.03342575579881668,0.4629404544830322,0.5402088165283203,-0.02175809070467949,0.47753381729125977,0.5786551833152771,-0.005862262565642595,A
0.5180704593658447,0.7327569127082825,-6.0923929368073e-07,0.5004101991653442,0.6328717470169067,-0.009178809821605682,0.528113842010498,0.5281644463539124,-0.009625961072742939,0.5562610030174255,0.4634869396686554,-0.01423252560198307,0.5579384565353394,0.40938252210617065,-0.016062146052718163,0.5811105966567993,0.5226717591285706,0.013414465822279453,0.6053735613822937,0.47073590755462646,-0.018520960584282875,0.5787747502326965,0.5245264768600464,-0.03998391330242157,0.5529817938804626,0.57533860206604,-0.04800063371658325,0.6122059226036072,0.5678402781486511,0.005406547337770462,0.637580931186676,0.5162691473960876,-0.029666226357221603,0.5948701500892639,0.5754746198654175,-0.04147171974182129,0.5641288757324219,0.6252065896987915,-0.03846069052815437,0.636135995388031,0.6220372915267944,-0.007942070253193378,0.6596118807792664,0.5745434165000916,-0.039822693914175034,0.6117869019508362,0.6215428709983826,-0.03282474726438522,0.5797926783561707,0.6619510650634766,-0.016955018043518066,0.6567365527153015,0.682682454586029,-0.02242184616625309,0.6712357401847839,0.6384362578392029,-0.03871085122227669,0.6361007690429688,0.6539376974105835,-0.027817703783512115,0.6125401258468628,0.673744261264801,-0.01335480622947216,A
0.3495599925518036,0.5287575721740723,-8.076718813754269e-07,0.2638182044029236,0.475585401058197,-0.003133946331217885,0.21552765369415283,0.37661874294281006,0.0007604033453390002,0.19383299350738525,0.2970459461212158,-0.0029709048103541136,0.1622418761253357,0.2467069923877716,-0.003758403705433011,0.25623369216918945,0.29023638367652893,0.036406129598617554,0.22831958532333374,0.2305411696434021,0.0005300744669511914,0.23666387796401978,0.3029491603374481,-0.023290211334824562,0.25507181882858276,0.3636443316936493,-0.03185941278934479,0.3015845715999603,0.28119686245918274,0.02416030690073967,0.27309274673461914,0.20871728658676147,-0.014201381243765354,0.27702105045318604,0.3069077730178833,-0.026906104758381844,0.2955041825771332,0.3648420572280884,-0.022579491138458252,0.3523091971874237,0.28459325432777405,0.004800932481884956,0.32680660486221313,0.21147887408733368,-0.03167535364627838,0.32135435938835144,0.3118782937526703,-0.022331805899739265,0.33401966094970703,0.3686845898628235,-0.0032086397986859083,0.4086916446685791,0.2998224198818207,-0.015709852799773216,0.382761687040329,0.24535506963729858,-0.034760843962430954,0.3645651638507843,0.3050903081893921,-0.022847505286335945,0.3677012026309967,0.3430749773979187,-0.006518416106700897,A
0.5695085525512695,0.9694408178329468,-6.278177693275211e-07,0.4938340187072754,0.9112740755081177,-0.011830474250018597,0.44321325421333313,0.8130124807357788,-0.013810567557811737,0.4176451563835144,0.7365231513977051,-0.020734207704663277,0.3905452489852905,0.681634247303009,-0.023453108966350555,0.47883927822113037,0.7363321781158447,0.024091491475701332,0.46429380774497986,0.6763921976089478,-0.012590697966516018,0.4774095416069031,0.74708491563797,-0.0362638495862484,0.49201107025146484,0.7993905544281006,-0.045258890837430954,0.5266779065132141,0.7293834090232849,0.015443778596818447,0.5126572251319885,0.6609034538269043,-0.022693244740366936,0.5163818001747131,0.7544940114021301,-0.03513660654425621,0.5283871293067932,0.8009557127952576,-0.03195945918560028,0.5768875479698181,0.7385101318359375,-0.00020302706980146468,0.5657166242599487,0.6705577373504639,-0.036866504698991776,0.5580883622169495,0.7609236836433411,-0.026086222380399704,0.5638408660888672,0.806911051273346,-0.006491110660135746,0.6285925507545471,0.759486734867096,-0.017418814823031425,0.615165114402771,0.7117505073547363,-0.03466498479247093,0.597631573677063,0.7693320512771606,-0.019895512610673904,0.5959847569465637,0.8018007874488831,-0.0021080730948597193,A
0.4476209878921509,0.6300234794616699,-1.187749944620009e-06,0.3339713215827942,0.4739076495170593,-0.012512551620602608,0.303198903799057,0.2754974961280823,-0.008620921522378922,0.3079577684402466,0.13182339072227478,-0.014162443578243256,0.2809791564941406,0.031271547079086304,-0.012891160324215889,0.38515952229499817,0.18016435205936432,0.043903086334466934,0.3995181918144226,0.06273026764392853,-0.01720319502055645,0.39449542760849,0.18441063165664673,-0.05630552023649216,0.3894399404525757,0.29769203066825867,-0.06993868201971054,0.4723640978336334,0.20453286170959473,0.02629384584724903,0.49201521277427673,0.07781469821929932,-0.03743256628513336,0.46236452460289,0.23534516990184784,-0.05640430003404617,0.45177897810935974,0.3391607701778412,-0.04864194989204407,0.555679202079773,0.2599257826805115,-0.0026659874711185694,0.5828080773353577,0.13495826721191406,-0.06243780627846718,0.532483696937561,0.2762121260166168,-0.04285299405455589,0.509360671043396,0.369458943605423,-0.00934723298996687,0.6359559297561646,0.339607834815979,-0.03393521532416344,0.6499682068824768,0.24604719877243042,-0.06629852950572968,0.5931459069252014,0.32314497232437134,-0.04357084259390831,0.560824453830719,0.3803586959838867,-0.014706107787787914,A
0.5617953538894653,0.9958271980285645,-1.1194117632840062e-06,0.43117862939834595,0.8894451856613159,-0.01911943219602108,0.35503989458084106,0.7153528332710266,-0.01861521787941456,0.327694296836853,0.5690735578536987,-0.027261313050985336,0.2942246198654175,0.46508103609085083,-0.028525017201900482,0.4252189099788666,0.5927355885505676,0.04971908777952194,0.41166526079177856,0.4775124192237854,-0.009239551611244678,0.4299182891845703,0.5974998474121094,-0.04912898689508438,0.4468473494052887,0.6960408091545105,-0.06453707814216614,0.5103272199630737,0.589194118976593,0.03495834767818451,0.49740931391716003,0.4679909944534302,-0.02772950939834118,0.5005689859390259,0.6293245553970337,-0.05053510144352913,0.5119590759277344,0.7191875576972961,-0.04623709246516228,0.5958786010742188,0.6130775213241577,0.00799595471471548,0.5897436738014221,0.48204806447029114,-0.05332962051033974,0.5708204507827759,0.6379015445709229,-0.03528732433915138,0.568313717842102,0.7288804054260254,-0.002010869327932596,0.6837339401245117,0.6603829860687256,-0.02176004648208618,0.6756418943405151,0.5650249719619751,-0.053199559450149536,0.6390606760978699,0.6613625884056091,-0.028605015948414803,0.6234317421913147,0.724388837814331,0.0020328296814113855,A
0.5197098851203918,0.6723840236663818,-3.065410112412792e-07,0.4766966700553894,0.644919216632843,-0.011553619988262653,0.45118656754493713,0.5907584428787231,-0.015626156702637672,0.43966883420944214,0.5430691838264465,-0.02083464339375496,0.4238998591899872,0.5134032964706421,-0.02367410622537136,0.47285857796669006,0.5472782254219055,0.002307191491127014,0.47264033555984497,0.5121281147003174,-0.019802596420049667,0.4780455529689789,0.5506066083908081,-0.03239725902676582,0.4815294146537781,0.5799826979637146,-0.036802828311920166,0.5024980306625366,0.5493245124816895,-0.001112910220399499,0.5038056969642639,0.5112683773040771,-0.023418212309479713,0.5024879574775696,0.5626083016395569,-0.02913591079413891,0.5034804344177246,0.5892738103866577,-0.026755651459097862,0.5310418605804443,0.5599683523178101,-0.00840261485427618,0.5340394377708435,0.5235382318496704,-0.031028255820274353,0.5263124108314514,0.5722963809967041,-0.024552496150135994,0.5240304470062256,0.5970114469528198,-0.013326575048267841,0.5589718818664551,0.5770754814147949,-0.01665664277970791,0.5593408942222595,0.5499067902565002,-0.028866004198789597,0.548992931842804,0.5815381407737732,-0.02076476812362671,0.5442937612533569,0.5992340445518494,-0.010750767774879932,A
0.2402009218931198,0.7273790836334229,-5.364727257983759e-07,0.17884626984596252,0.6942130923271179,-0.010812859050929546,0.13881248235702515,0.6146131157875061,-0.01511792279779911,0.11415484547615051,0.5529218316078186,-0.02236659824848175,0.08171196281909943,0.5185734033584595,-0.027219265699386597,0.17270898818969727,0.5485221743583679,0.007046769838780165,0.14371530711650848,0.5175864100456238,-0.02399449236690998,0.15695983171463013,0.5733710527420044,-0.04217809438705444,0.17263109982013702,0.6116017699241638,-0.04908367991447449,0.21030433475971222,0.5456945896148682,0.0005510200280696154,0.18053728342056274,0.5098668336868286,-0.028505628928542137,0.18893298506736755,0.5856096744537354,-0.03483274206519127,0.20472119748592377,0.6170005202293396,-0.03145546466112137,0.25094810128211975,0.5557023286819458,-0.011113664135336876,0.2234364002943039,0.5153172612190247,-0.041166797280311584,0.2231319099664688,0.5893995761871338,-0.03067154251039028,0.2356284260749817,0.6206659078598022,-0.01504524890333414,0.2932088375091553,0.5735836625099182,-0.02374233305454254,0.2653091549873352,0.5456974506378174,-0.040938857942819595,0.25442779064178467,0.592846155166626,-0.03015298768877983,0.26125162839889526,0.6156661510467529,-0.016848227009177208,A
0.8510378003120422,0.7484999895095825,-3.163264352679107e-07,0.7793291807174683,0.7065357565879822,-0.023211171850562096,0.73121577501297,0.6293090581893921,-0.024358490481972694,0.7071497440338135,0.5585824847221375,-0.026758018881082535,0.6760838627815247,0.5214681625366211,-0.02351546660065651,0.7455046772956848,0.5700215697288513,0.033385373651981354,0.7551541328430176,0.5215357542037964,-0.002868178067728877,0.7757093906402588,0.5720676779747009,-0.030045896768569946,0.781560480594635,0.613332211971283,-0.04077160358428955,0.791027307510376,0.5612108707427979,0.03448428213596344,0.7970672845840454,0.5068846940994263,-0.007027249783277512,0.812562882900238,0.5773332715034485,-0.030088698491454124,0.8092855215072632,0.6162208318710327,-0.0333368144929409,0.8335355520248413,0.5599122643470764,0.027002446353435516,0.8404975533485413,0.5132608413696289,-0.013679832220077515,0.8452643156051636,0.5807012319564819,-0.01593257673084736,0.836211621761322,0.614565908908844,-0.004008535761386156,0.8727617263793945,0.5639156103134155,0.017562832683324814,0.8802918195724487,0.5292280912399292,-0.0022661664988845587,0.8762171268463135,0.5812180638313293,0.0049508558586239815,0.8642697334289551,0.6111611127853394,0.01810164377093315,A
0.5334317684173584,0.3409119248390198,-4.940877147419087e-07,0.47806939482688904,0.32435986399650574,-0.00812871940433979,0.4373610317707062,0.2722936272621155,-0.009375156834721565,0.4158226251602173,0.22513334453105927,-0.013476379215717316,0.3965327739715576,0.19140665233135223,-0.015027584508061409,0.45683643221855164,0.20273636281490326,0.010433345101773739,0.4372813105583191,0.17298772931098938,-0.014143457636237144,0.4511065185070038,0.2206973135471344,-0.029098402708768845,0.4665166139602661,0.2546739876270294,-0.03466004505753517,0.487916499376297,0.19221380352973938,0.004848979413509369,0.46617135405540466,0.15405979752540588,-0.019937565550208092,0.4777226746082306,0.21972155570983887,-0.02572457492351532,0.49299857020378113,0.2513083815574646,-0.021972300484776497,0.5230133533477783,0.1915687471628189,-0.005259887780994177,0.5050252676010132,0.14952164888381958,-0.03045162931084633,0.5082515478134155,0.21489879488945007,-0.02257898449897766,0.5185250043869019,0.24723753333091736,-0.009100254625082016,0.5618480443954468,0.19817107915878296,-0.016245264559984207,0.5465216636657715,0.16857761144638062,-0.030887698754668236,0.5391494035720825,0.21028481423854828,-0.022901644930243492,0.5421684384346008,0.23292317986488342,-0.011934534646570683,A
0.7889249920845032,0.9028121829032898,-3.771874332869629e-07,0.7349645495414734,0.8810144066810608,-0.019311152398586273,0.6885979771614075,0.8279238343238831,-0.02643590420484543,0.6588192582130432,0.7786175608634949,-0.03455277532339096,0.6338919401168823,0.7405659556388855,-0.038242023438215256,0.6983507871627808,0.764180064201355,0.004396993201225996,0.6888461112976074,0.7216657996177673,-0.026184184476733208,0.7088629603385925,0.7693527340888977,-0.04373664781451225,0.720583975315094,0.800663411617279,-0.05060543492436409,0.7355866432189941,0.7510040402412415,0.0017274190904572606,0.7269766330718994,0.705289900302887,-0.029226472601294518,0.7415239214897156,0.7711371779441833,-0.0378536581993103,0.7460845112800598,0.7940171957015991,-0.03582920879125595,0.7729362845420837,0.7494779229164124,-0.006952785886824131,0.76833575963974,0.707068681716919,-0.038961514830589294,0.7731299996376038,0.769982099533081,-0.03128677234053612,0.7727713584899902,0.7926609516143799,-0.017170347273349762,0.8094834089279175,0.7569848895072937,-0.017371712252497673,0.8086000084877014,0.7248808145523071,-0.03505665808916092,0.8039191365242004,0.7683756351470947,-0.02556314691901207,0.7984054684638977,0.789249837398529,-0.013306153938174248,A
0.2747268080711365,0.8565438389778137,-5.82769246193493e-07,0.22126510739326477,0.8255155086517334,-0.008785875514149666,0.1865210384130478,0.7493516206741333,-0.012040846981108189,0.1633749008178711,0.694029688835144,-0.017833394929766655,0.13402312994003296,0.6613408923149109,-0.020309867337346077,0.22277861833572388,0.6689201593399048,0.01073941309005022,0.1803855150938034,0.6618331074714661,-0.016054915264248848,0.19219428300857544,0.7220682501792908,-0.03190614655613899,0.2097349911928177,0.7490228414535522,-0.03902357816696167,0.25496187806129456,0.6626986265182495,0.00429117027670145,0.20765256881713867,0.6572209596633911,-0.020621370524168015,0.2167769968509674,0.7298828959465027,-0.023399533703923225,0.23627078533172607,0.7463973760604858,-0.019839920103549957,0.28991198539733887,0.6709865927696228,-0.007437731139361858,0.24541756510734558,0.6607789397239685,-0.03254048153758049,0.24690040946006775,0.730644702911377,-0.01931134983897209,0.2630363702774048,0.7468557953834534,-0.004688219632953405,0.3246038258075714,0.6894031167030334,-0.02085542120039463,0.28546351194381714,0.6839168071746826,-0.03572804853320122,0.27655306458473206,0.730161726474762,-0.025915667414665222,0.286892294883728,0.7442716360092163,-0.014706172049045563,A
0.685666024684906,0.744220495223999,-4.344294097791135e-07,0.6216889023780823,0.6763319373130798,-0.008636007085442543,0.5873185396194458,0.5866690278053284,-0.008727830834686756,0.5714495778083801,0.5121583342552185,-0.013942327350378036,0.5466471314430237,0.470007985830307,-0.015958592295646667,0.6196896433830261,0.5375152826309204,0.028477106243371964,0.6223017573356628,0.47751209139823914,-0.001092732883989811,0.6375529170036316,0.5269901752471924,-0.023970816284418106,0.6451819539070129,0.5774489045143127,-0.0337696373462677,0.6653621196746826,0.5376396775245667,0.021074363961815834,0.6702010035514832,0.4748569130897522,-0.013067633844912052,0.6729862093925476,0.5512628555297852,-0.028859127312898636,0.6716587543487549,0.6081390976905823,-0.029210353270173073,0.7076807618141174,0.5523293018341064,0.007893464528024197,0.7169173359870911,0.49517518281936646,-0.025028228759765625,0.7059750556945801,0.5657078623771667,-0.0204582829028368,0.6978216171264648,0.6198752522468567,-0.005834356881678104,0.7503441572189331,0.578548789024353,-0.006482284516096115,0.758881688117981,0.5308892130851746,-0.022769605740904808,0.7412382960319519,0.5697728395462036,-0.012640828266739845,0.727159321308136,0.6038462519645691,0.0012512392131611705,A
0.5694699883460999,0.7802350521087646,-7.319302426367358e-07,0.47803178429603577,0.7146275043487549,-0.015198266133666039,0.4217500686645508,0.5951808094978333,-0.017581608146429062,0.3994532823562622,0.5036212205886841,-0.02516000345349312,0.37192073464393616,0.438262403011322,-0.02756083570420742,0.4616968631744385,0.49814707040786743,0.020047301426529884,0.4499474763870239,0.4284486174583435,-0.02500990405678749,0.46957701444625854,0.5105785727500916,-0.05595991387963295,0.48708727955818176,0.5811018347740173,-0.06860679388046265,0.521907389163971,0.4927026033401489,0.010012980550527573,0.5103039741516113,0.4132515788078308,-0.037533700466156006,0.5170121788978577,0.5251150727272034,-0.05344294011592865,0.527111828327179,0.5989028215408325,-0.05021154507994652,0.5829707384109497,0.5060152411460876,-0.007991255261003971,0.5768540501594543,0.4234313666820526,-0.051836539059877396,0.5668715238571167,0.5317497849464417,-0.04084442928433418,0.5656961798667908,0.6042976975440979,-0.01884511671960354,0.6455731391906738,0.534686803817749,-0.028128311038017273,0.6415887475013733,0.47364819049835205,-0.05184781178832054,0.6180381774902344,0.5366528630256653,-0.03787337243556976,0.6058926582336426,0.5827764868736267,-0.018795711919665337,A
0.7158753871917725,0.7122464179992676,-2.9174361770856194e-07,0.6556704044342041,0.6649879217147827,-0.00949184875935316,0.6176793575286865,0.5995122790336609,-0.008759516291320324,0.5942994356155396,0.5435959100723267,-0.011995935812592506,0.570384681224823,0.5131055116653442,-0.011805363930761814,0.6327238082885742,0.5508326888084412,0.031183451414108276,0.6333803534507751,0.5013005137443542,0.005885013844817877,0.6538217663764954,0.5392806529998779,-0.015419130213558674,0.6651352643966675,0.5801323056221008,-0.02472696453332901,0.6709153056144714,0.5427654981613159,0.026828359812498093,0.6744655966758728,0.4927189350128174,-0.00430630799382925,0.6883366107940674,0.5551984906196594,-0.021655190736055374,0.6914176940917969,0.6012181043624878,-0.0238521546125412,0.7073173522949219,0.5476817488670349,0.01694607548415661,0.7139855027198792,0.5028792023658752,-0.013001716695725918,0.7155739068984985,0.561888575553894,-0.012629139237105846,0.7118184566497803,0.605720579624176,-0.0018456093966960907,0.7435503005981445,0.5615217089653015,0.005971828475594521,0.7511880397796631,0.5250331163406372,-0.009022016078233719,0.7434234619140625,0.5621162056922913,-0.0019354885444045067,0.7340005040168762,0.5916669964790344,0.00942049641162157,A
0.5637958645820618,0.8235723972320557,-9.124981943386956e-07,0.4413614273071289,0.7409371137619019,-0.029061900451779366,0.3555818200111389,0.5840102434158325,-0.037870172411203384,0.3090721368789673,0.4604657292366028,-0.05301650986075401,0.24735768139362335,0.3927478790283203,-0.06231462210416794,0.39898788928985596,0.4654885232448578,0.0257710088044405,0.37847018241882324,0.37951982021331787,-0.04021719470620155,0.41185885667800903,0.48607775568962097,-0.0851890966296196,0.43881386518478394,0.5721749067306519,-0.10416916012763977,0.47841745615005493,0.4497450888156891,0.015305751003324986,0.4573642909526825,0.35130226612091064,-0.0556381531059742,0.4768597483634949,0.5063581466674805,-0.07950279861688614,0.4983210265636444,0.5971463918685913,-0.07584865391254425,0.5596814155578613,0.46203163266181946,-0.007387965451925993,0.5462973713874817,0.3630408048629761,-0.07356241345405579,0.5413947701454163,0.5100184082984924,-0.058589737862348557,0.5476739406585693,0.5994378924369812,-0.027059748768806458,0.6409991979598999,0.49176645278930664,-0.03348759934306145,0.6299666166305542,0.41498684883117676,-0.06625625491142273,0.6061367392539978,0.5048155784606934,-0.045588865876197815,0.5974943041801453,0.5613706707954407,-0.01873062551021576,A
0.6133435368537903,0.8321807384490967,-7.822518455213867e-07,0.5233678221702576,0.7296621203422546,-0.01880718767642975,0.47798019647598267,0.5792102217674255,-0.023051587864756584,0.46166354417800903,0.4637846350669861,-0.03329075500369072,0.4374006688594818,0.3796447515487671,-0.037895817309617996,0.5331481099128723,0.49964621663093567,0.020425988361239433,0.5353835225105286,0.40958166122436523,-0.030428020283579826,0.5483435392379761,0.5026646852493286,-0.06397897005081177,0.5565953254699707,0.584319531917572,-0.07724118232727051,0.6010497808456421,0.5095032453536987,0.010093429125845432,0.6068437695503235,0.41298699378967285,-0.04370872303843498,0.5995800495147705,0.536450982093811,-0.06109365448355675,0.5977357625961304,0.6184291243553162,-0.05752452462911606,0.6664501428604126,0.5416203737258911,-0.009189218282699585,0.6776515245437622,0.45149582624435425,-0.05943360924720764,0.6510273814201355,0.5633211135864258,-0.047408577054739,0.6367394328117371,0.6399707198143005,-0.022883599624037743,0.7303397059440613,0.5883843302726746,-0.030805012211203575,0.7391268014907837,0.5179172158241272,-0.05682706832885742,0.7039864659309387,0.5785773396492004,-0.040740739554166794,0.6819008588790894,0.6261879205703735,-0.019514406099915504,A
0.5536420941352844,0.8546443581581116,-7.8224070421129e-07,0.4971129596233368,0.7362189292907715,-0.027810314670205116,0.5000025629997253,0.575531005859375,-0.03700615465641022,0.5175955295562744,0.4666280150413513,-0.048686474561691284,0.5141906142234802,0.382507860660553,-0.05337269976735115,0.5827341079711914,0.5250697135925293,0.00010148598084924743,0.5994851589202881,0.460982084274292,-0.05389132350683212,0.582595705986023,0.565214991569519,-0.08455702662467957,0.5671481490135193,0.6438565254211426,-0.0946059376001358,0.6410861611366272,0.5735658407211304,-0.006206412333995104,0.6626486778259277,0.5079506039619446,-0.06163756921887398,0.6195204854011536,0.6241045594215393,-0.07430961728096008,0.5960466861724854,0.6909323334693909,-0.06724213808774948,0.6900821328163147,0.6389649510383606,-0.02156783640384674,0.7196235656738281,0.5724045634269714,-0.07554932683706284,0.6615912318229675,0.6684996485710144,-0.05982755869626999,0.6275770664215088,0.7251018285751343,-0.03199315816164017,0.731500506401062,0.715335488319397,-0.03950812667608261,0.7614693641662598,0.6640079021453857,-0.06990980356931686,0.7106289863586426,0.7049717903137207,-0.05294649675488472,0.6747722029685974,0.7326288819313049,-0.02971889264881611,A
0.6791097521781921,0.8356113433837891,-6.46961098027532e-07,0.5924291610717773,0.7582429647445679,-0.023531993851065636,0.5433506369590759,0.6318932175636292,-0.031088832765817642,0.5248832106590271,0.5283430218696594,-0.04249998927116394,0.4956640601158142,0.45850998163223267,-0.048756375908851624,0.5857579708099365,0.5468569993972778,0.012770591303706169,0.592239260673523,0.4758763909339905,-0.03692527860403061,0.610932469367981,0.5610663890838623,-0.06916696578264236,0.6207656860351562,0.6317877173423767,-0.08202417939901352,0.6504921317100525,0.5504482984542847,0.005551045760512352,0.6576027870178223,0.4771614968776703,-0.04767417162656784,0.6600921750068665,0.5934637188911438,-0.0648537203669548,0.6605262756347656,0.662898063659668,-0.06189838796854019,0.7114450931549072,0.5726664662361145,-0.01040060818195343,0.7225871682167053,0.5053336024284363,-0.062227971851825714,0.705967366695404,0.6127319931983948,-0.051258593797683716,0.6936010718345642,0.6772653460502625,-0.027573997154831886,0.7690925002098083,0.6091237664222717,-0.02867690660059452,0.7831931710243225,0.5493323802947998,-0.057509202510118484,0.756740391254425,0.6142946481704712,-0.042341865599155426,0.7346873879432678,0.6588596105575562,-0.02138628624379635,A
0.5157460570335388,0.6110987663269043,-1.102035184885608e-06,0.387129008769989,0.5264545679092407,-0.013178554363548756,0.3053174614906311,0.3618289828300476,-0.008803695440292358,0.2695911228656769,0.23511192202568054,-0.013764298520982265,0.21856608986854553,0.1599966287612915,-0.013171102851629257,0.35685309767723083,0.2491968423128128,0.04541295766830444,0.3336203396320343,0.15003158152103424,-0.010000854730606079,0.3586988151073456,0.25184518098831177,-0.04852425679564476,0.38551363348960876,0.3472420871257782,-0.06328262388706207,0.42988449335098267,0.23314544558525085,0.03128952905535698,0.4054863750934601,0.12007459998130798,-0.02982856146991253,0.42113715410232544,0.26847946643829346,-0.05044526234269142,0.444051057100296,0.3709569573402405,-0.04447925090789795,0.5069062113761902,0.24082806706428528,0.006000172346830368,0.49113568663597107,0.12338511645793915,-0.0500454343855381,0.4851418137550354,0.2686305642127991,-0.036384474486112595,0.4949023127555847,0.37042391300201416,-0.007006369531154633,0.5902671813964844,0.26578661799430847,-0.021914580836892128,0.5763382911682129,0.17456459999084473,-0.05259314551949501,0.5491165518760681,0.2626092731952667,-0.035981737077236176,0.5403372645378113,0.33184680342674255,-0.01194668561220169,A
0.5481448173522949,0.6806077361106873,-7.540291449004144e-07,0.45238614082336426,0.6052435636520386,-0.024034325033426285,0.38666605949401855,0.48220714926719666,-0.03239419311285019,0.34893035888671875,0.3837011456489563,-0.043788470327854156,0.3122713565826416,0.3150416314601898,-0.048365477472543716,0.45260196924209595,0.3824405372142792,0.005432058125734329,0.4182148575782776,0.3249512314796448,-0.03431189805269241,0.428117573261261,0.42481547594070435,-0.053129229694604874,0.44914621114730835,0.45317402482032776,-0.06240297853946686,0.514866828918457,0.3842533230781555,-0.00089188979472965,0.48233965039253235,0.32027357816696167,-0.04429662227630615,0.47643569111824036,0.44348418712615967,-0.0484817735850811,0.49838802218437195,0.46240001916885376,-0.04156855121254921,0.5760223269462585,0.40638846158981323,-0.015519656240940094,0.5505850315093994,0.3360108733177185,-0.058977991342544556,0.531070351600647,0.4496293365955353,-0.03720204904675484,0.547968327999115,0.47631847858428955,-0.011878123506903648,0.6341962814331055,0.43720903992652893,-0.03300568833947182,0.6119011044502258,0.39596953988075256,-0.05420908331871033,0.583901047706604,0.463577538728714,-0.03611958026885986,0.5914405584335327,0.48269861936569214,-0.017109887674450874,A
0.8417643904685974,0.768969714641571,-7.204563985396817e-07,0.7435823678970337,0.6966638565063477,-0.045686718076467514,0.6629024744033813,0.5620646476745605,-0.059925828129053116,0.6146274209022522,0.44546541571617126,-0.07478099316358566,0.5766399502754211,0.3590981960296631,-0.07931887358427048,0.713081955909729,0.4347832202911377,0.01101891603320837,0.708626389503479,0.3693864345550537,-0.042845167219638824,0.7251476049423218,0.473135381937027,-0.06950598210096359,0.7334185242652893,0.5043139457702637,-0.08113641291856766,0.7889562845230103,0.4324020743370056,0.009282814338803291,0.7905786037445068,0.3627156913280487,-0.049478381872177124,0.7871302366256714,0.4994007647037506,-0.06036663427948952,0.7860074639320374,0.5177158713340759,-0.05286939814686775,0.861336886882782,0.45340386033058167,-0.005865337327122688,0.8708139657974243,0.3908531665802002,-0.06903988867998123,0.8518965244293213,0.514901340007782,-0.051776327192783356,0.8445063829421997,0.5389771461486816,-0.022868219763040543,0.9301577806472778,0.4899344742298126,-0.025418594479560852,0.93695068359375,0.44337496161460876,-0.05991826578974724,0.910287618637085,0.5227354168891907,-0.042852550745010376,0.8957523703575134,0.5481866598129272,-0.02017461322247982,A
0.325599730014801,0.4176834225654602,-8.976135177363176e-07,0.2214050143957138,0.37127685546875,-0.0028537511825561523,0.1552075445652008,0.26805102825164795,0.0005014617927372456,0.11812882125377655,0.18357250094413757,-0.004769979044795036,0.07969896495342255,0.1251084804534912,-0.007241242099553347,0.21104371547698975,0.16556429862976074,0.04002005606889725,0.1727902591228485,0.10139472037553787,0.003888327395543456,0.18328386545181274,0.17911452054977417,-0.019329464063048363,0.20647375285625458,0.23381976783275604,-0.028313368558883667,0.2584070563316345,0.15119966864585876,0.025177696719765663,0.2179376780986786,0.07257995009422302,-0.013585819862782955,0.22546452283859253,0.17990699410438538,-0.026098163798451424,0.2532599866390228,0.22784525156021118,-0.021657101809978485,0.31473806500434875,0.15132591128349304,0.0029468403663486242,0.2769619822502136,0.06944604218006134,-0.03658618777990341,0.2769946753978729,0.17780767381191254,-0.025194769725203514,0.3004133403301239,0.2246663123369217,-0.004376401659101248,0.37806424498558044,0.16392025351524353,-0.020195884630084038,0.34039604663848877,0.10812215507030487,-0.04124530032277107,0.32677632570266724,0.17889882624149323,-0.026482922956347466,0.34213632345199585,0.21452194452285767,-0.007982756942510605,A
0.23111103475093842,0.8437741994857788,-6.570998607458023e-07,0.1614881157875061,0.7834459543228149,-0.006359645165503025,0.12431961297988892,0.6886157989501953,-0.009464423172175884,0.09742213040590286,0.6240389347076416,-0.017644546926021576,0.0658518522977829,0.5850158929824829,-0.021387824788689613,0.18663978576660156,0.6003468632698059,0.021020034328103065,0.13385020196437836,0.5745787024497986,-0.008894349448382854,0.14260005950927734,0.6489718556404114,-0.027366001158952713,0.16443419456481934,0.6746756434440613,-0.03681620582938194,0.2257295548915863,0.5998679399490356,0.01043535117059946,0.16701196134090424,0.5809860229492188,-0.018385322764515877,0.16947664320468903,0.6657928228378296,-0.021740194410085678,0.19501200318336487,0.6785297393798828,-0.018097370862960815,0.26519066095352173,0.6152045130729675,-0.0065242513082921505,0.21067948639392853,0.5914793014526367,-0.03460462763905525,0.2038174420595169,0.6735519766807556,-0.01807301864027977,0.22568081319332123,0.6904605031013489,-0.0007183692650869489,0.3020848035812378,0.6437068581581116,-0.02566365897655487,0.2569659948348999,0.6239384412765503,-0.04033426567912102,0.24212564527988434,0.6752552390098572,-0.02712693065404892,0.25799915194511414,0.6926024556159973,-0.013282880187034607,A
0.47557172179222107,0.9582580327987671,-6.733336590514227e-07,0.40290921926498413,0.912696897983551,-0.01615634374320507,0.34886035323143005,0.8175315856933594,-0.0219704769551754,0.31399834156036377,0.7492140531539917,-0.0311523899435997,0.28089484572410583,0.6997166872024536,-0.0344831757247448,0.3950842320919037,0.7148479223251343,0.012866831384599209,0.3552517890930176,0.6771427989006042,-0.02012503519654274,0.3690875172615051,0.7546294927597046,-0.036830153316259384,0.38774392008781433,0.7828623056411743,-0.04398612678050995,0.4401191473007202,0.7088865041732788,0.006209046114236116,0.40077704191207886,0.6745467185974121,-0.02700852043926716,0.40815460681915283,0.7719313502311707,-0.029765799641609192,0.42852646112442017,0.7857193946838379,-0.023233944550156593,0.4876333177089691,0.7195050120353699,-0.007649515755474567,0.45323434472084045,0.6765949726104736,-0.04154648631811142,0.45111745595932007,0.7710817456245422,-0.023144995793700218,0.46916329860687256,0.7896962761878967,-0.002027858980000019,0.5352638363838196,0.7400795221328735,-0.02391412854194641,0.5063818097114563,0.7155122756958008,-0.04206806793808937,0.49190133810043335,0.7752985954284668,-0.027104949578642845,0.5019135475158691,0.7895131707191467,-0.010581585578620434,A
0.7175915837287903,0.8710669875144958,-4.941367137689667e-07,0.6509655714035034,0.791313111782074,-0.019739769399166107,0.6101517081260681,0.6991269588470459,-0.02518504112958908,0.5917632579803467,0.6159669160842896,-0.0337851382791996,0.5861405730247498,0.5508054494857788,-0.036988623440265656,0.6559518575668335,0.6317874193191528,0.019849291071295738,0.6622880697250366,0.5683512091636658,-0.016971074044704437,0.6664093136787415,0.6329931020736694,-0.03994385525584221,0.6675411462783813,0.6783190369606018,-0.049341242760419846,0.7099969387054443,0.6432145237922668,0.014178904704749584,0.7184287309646606,0.573765754699707,-0.024654382839798927,0.7083080410957336,0.6627943515777588,-0.0372210331261158,0.70277339220047,0.7031453251838684,-0.03469172120094299,0.7589552998542786,0.6686174869537354,0.000604230968747288,0.7700957655906677,0.608461320400238,-0.03982255980372429,0.7495157718658447,0.6893627047538757,-0.02997019700706005,0.7388879060745239,0.7269269824028015,-0.010513177141547203,0.8036218881607056,0.7073363661766052,-0.014811127446591854,0.8079315423965454,0.6629406213760376,-0.03468593582510948,0.7863077521324158,0.7118649482727051,-0.02033696137368679,0.7755976915359497,0.736544132232666,-0.0027462770231068134,A
0.6472721695899963,0.7897710204124451,-1.0266783192491857e-06,0.5215549468994141,0.6900916695594788,-0.02732579968869686,0.43788185715675354,0.5423501133918762,-0.027957690879702568,0.3973553776741028,0.4058830738067627,-0.03439817205071449,0.3750743865966797,0.3013354241847992,-0.03136007860302925,0.48941928148269653,0.412489116191864,0.03954271227121353,0.47473621368408203,0.31535786390304565,-0.014228036627173424,0.496297687292099,0.432720810174942,-0.04450259357690811,0.5155398845672607,0.5026726722717285,-0.05588902533054352,0.5743920207023621,0.40303751826286316,0.03164583072066307,0.5586675405502319,0.3008098900318146,-0.027574824169278145,0.5648792386054993,0.4607356786727905,-0.041524194180965424,0.5779691934585571,0.5196270942687988,-0.033547352999448776,0.6570624113082886,0.423022598028183,0.011043259873986244,0.6513612270355225,0.31916260719299316,-0.0521254725754261,0.633833646774292,0.46941885352134705,-0.0325273722410202,0.6344956159591675,0.5361173152923584,0.0007771694799885154,0.739332914352417,0.46397003531455994,-0.012449921108782291,0.7287158966064453,0.3910749554634094,-0.046064991503953934,0.69769686460495,0.48427799344062805,-0.025365177541971207,0.6882638335227966,0.5299915075302124,0.0016662623966112733,A
0.6812400221824646,0.8834050893783569,-5.247763397164817e-07,0.6060991883277893,0.8297763466835022,-0.014826963655650616,0.5505010485649109,0.7586569786071777,-0.018778130412101746,0.5199617147445679,0.6903542876243591,-0.026316186413168907,0.5054932832717896,0.6303317546844482,-0.02915041707456112,0.5809325575828552,0.6805110573768616,0.019280273467302322,0.5664292573928833,0.6251584887504578,-0.013415694236755371,0.5806881189346313,0.6868398189544678,-0.0326576754450798,0.5927917957305908,0.7288298606872559,-0.03991636261343956,0.6293321251869202,0.6736819744110107,0.012579405680298805,0.6143719553947449,0.6105243563652039,-0.024299144744873047,0.6215953230857849,0.6969739198684692,-0.0349736362695694,0.631094217300415,0.7359758019447327,-0.031192248687148094,0.6773748397827148,0.6822677850723267,-0.0008104341686703265,0.6672486662864685,0.6247377395629883,-0.03966787829995155,0.6634390354156494,0.7083497643470764,-0.03048906847834587,0.6666874885559082,0.7469192147254944,-0.011547461152076721,0.725239634513855,0.7028303146362305,-0.015371300280094147,0.7137588262557983,0.6602542996406555,-0.03507944941520691,0.7021099925041199,0.7145996689796448,-0.022160876542329788,0.7014772295951843,0.7417626976966858,-0.005576364230364561,A
0.7192299365997314,0.7834233045578003,-6.081891115172766e-07,0.6361197233200073,0.7251896858215332,-0.02731606364250183,0.5733857154846191,0.6249697208404541,-0.036291468888521194,0.5321148037910461,0.5391504764556885,-0.04797573387622833,0.4933988153934479,0.48246681690216064,-0.053301531821489334,0.6048582792282104,0.5372888445854187,0.012233482673764229,0.5923991799354553,0.46664872765541077,-0.028717167675495148,0.6110668182373047,0.5441412925720215,-0.05094356834888458,0.623733639717102,0.5865195989608765,-0.05997227132320404,0.6628472805023193,0.5282785892486572,0.008477011695504189,0.6533712148666382,0.45782598853111267,-0.03390539437532425,0.6603176593780518,0.5619757175445557,-0.043576184660196304,0.6652340292930603,0.5945689678192139,-0.039472706615924835,0.7197149395942688,0.5369081497192383,-0.00440505426377058,0.7173545360565186,0.46915674209594727,-0.04962686449289322,0.7104613780975342,0.5680810213088989,-0.036707859486341476,0.7093409299850464,0.605955958366394,-0.015226570889353752,0.7748737931251526,0.5580057501792908,-0.019922465085983276,0.7758660912513733,0.5061744451522827,-0.04440278932452202,0.7588428258895874,0.568960428237915,-0.030686864629387856,0.7496408224105835,0.6003466248512268,-0.013314425013959408,A
0.6942736506462097,0.8700225353240967,-4.408983329540206e-07,0.6400441527366638,0.8038201332092285,-0.025045499205589294,0.6080644130706787,0.7142227292060852,-0.033902931958436966,0.5912015438079834,0.6377904415130615,-0.04379945620894432,0.5789275169372559,0.5793982744216919,-0.04805349186062813,0.6474636793136597,0.6471077799797058,0.0074362982995808125,0.6504212617874146,0.5927169322967529,-0.024928763508796692,0.6499168276786804,0.6568101048469543,-0.04177645593881607,0.6529968976974487,0.6894243955612183,-0.048692893236875534,0.696171224117279,0.6577136516571045,0.005628206767141819,0.6992049813270569,0.5999438762664795,-0.030120396986603737,0.6863640546798706,0.683229923248291,-0.03809608891606331,0.6866143345832825,0.7087710499763489,-0.03363379091024399,0.7400697469711304,0.6826978921890259,-0.003541917074471712,0.7445290088653564,0.6345766186714172,-0.0405331552028656,0.7233779430389404,0.7077969908714294,-0.02943308651447296,0.7198639512062073,0.7320705652236938,-0.010900907218456268,0.7808716297149658,0.7173486948013306,-0.014917687512934208,0.7781538963317871,0.68330317735672,-0.03323860839009285,0.7580597996711731,0.7261080741882324,-0.020842090249061584,0.7544101476669312,0.7420786619186401,-0.0056305741891264915,A
0.6684526205062866,0.8527934551239014,-7.200641789495421e-07,0.6463233828544617,0.7373217344284058,-0.02747843973338604,0.675571858882904,0.6113353371620178,-0.03297916427254677,0.716015100479126,0.5261894464492798,-0.03922746330499649,0.7440453171730042,0.46116259694099426,-0.03847386687994003,0.7547610998153687,0.6096727848052979,0.0022782105952501297,0.7632102966308594,0.5620835423469543,-0.038442328572273254,0.7197390794754028,0.6337491869926453,-0.05611766502261162,0.710501492023468,0.6714127063751221,-0.06236795336008072,0.7928189039230347,0.6673412919044495,-0.00025305693270638585,0.7996535301208496,0.6222703456878662,-0.04366046562790871,0.7365085482597351,0.6913405656814575,-0.04770825058221817,0.7321523427963257,0.7157267332077026,-0.039987679570913315,0.8199303150177002,0.7341975569725037,-0.011897362768650055,0.8329625129699707,0.6920569539070129,-0.060054391622543335,0.766814649105072,0.7426864504814148,-0.044078949838876724,0.7565008401870728,0.7623029947280884,-0.020525086671113968,0.8392879366874695,0.8051673173904419,-0.025990162044763565,0.8462973237037659,0.7726332545280457,-0.054782040417194366,0.7950981259346008,0.7911301255226135,-0.042646270245313644,0.7820016145706177,0.8003458976745605,-0.025884050875902176,A
0.7383345365524292,0.8393265604972839,-6.488901362899924e-07,0.6697458624839783,0.7538125514984131,-0.018840616568922997,0.6342172026634216,0.6423723697662354,-0.021531634032726288,0.6228494644165039,0.5483618378639221,-0.028073269873857498,0.6136700510978699,0.4802824854850769,-0.029078476130962372,0.6853547692298889,0.5762903690338135,0.02199731022119522,0.6910046935081482,0.5136866569519043,-0.015844259411096573,0.6888234615325928,0.5943089723587036,-0.03602231293916702,0.6906935572624207,0.6438513398170471,-0.042668893933296204,0.7401072382926941,0.5928171277046204,0.015373414382338524,0.7463610172271729,0.5270380973815918,-0.025387102738022804,0.7298581004142761,0.6302669048309326,-0.034512508660554886,0.7304065823554993,0.6688717603683472,-0.028383854776620865,0.7901387214660645,0.6239447593688965,0.0003385567106306553,0.7995147109031677,0.5647098422050476,-0.04415440559387207,0.7717621922492981,0.6581965088844299,-0.030531788244843483,0.7638658881187439,0.696324348449707,-0.006902315188199282,0.8363929986953735,0.6681783199310303,-0.01638192869722843,0.843865692615509,0.6161487102508545,-0.03893566131591797,0.8154348731040955,0.6724401116371155,-0.02228735201060772,0.8033257722854614,0.7009108662605286,-0.0018547206418588758,A
0.8207989931106567,0.4776366055011749,-4.87972101836931e-07,0.7174639105796814,0.446804404258728,-0.024085896089673042,0.6335521936416626,0.3777720034122467,-0.028204670175909996,0.5703884959220886,0.3050885796546936,-0.036899030208587646,0.5167158246040344,0.266561359167099,-0.03974759578704834,0.6339009404182434,0.2832447588443756,0.03783220425248146,0.6089268922805786,0.21098345518112183,-0.007162082940340042,0.6489168405532837,0.254391610622406,-0.03879924863576889,0.6718866229057312,0.29698559641838074,-0.05199288949370384,0.691136360168457,0.24474123120307922,0.033581025898456573,0.6703004240989685,0.16587060689926147,-0.01827695034444332,0.7123529314994812,0.2587575912475586,-0.040908973664045334,0.7267187833786011,0.31209346652030945,-0.04107455164194107,0.7505015730857849,0.22552892565727234,0.01943759247660637,0.7402452230453491,0.15241439640522003,-0.035303909331560135,0.7632358074188232,0.25297534465789795,-0.030455490574240685,0.7686487436294556,0.31356602907180786,-0.008900691755115986,0.8118427991867065,0.2211834192276001,0.003270212560892105,0.8078551888465881,0.16716523468494415,-0.02582739107310772,0.8092920184135437,0.2387092560529709,-0.013618112541735172,0.8022707104682922,0.2871403098106384,0.005922048818320036,A
0.5995267629623413,0.939673125743866,-9.50309242853109e-07,0.507240355014801,0.8240553736686707,-0.031218277290463448,0.45965704321861267,0.6561440229415894,-0.03775636851787567,0.44786137342453003,0.5248456597328186,-0.047726456075906754,0.44624659419059753,0.42577850818634033,-0.049054984003305435,0.5410729050636292,0.5577762722969055,0.014446419663727283,0.5385826230049133,0.46334153413772583,-0.03729836270213127,0.5311739444732666,0.5820406675338745,-0.060652315616607666,0.5374667048454285,0.644105076789856,-0.06802941858768463,0.6164816617965698,0.5785222053527832,0.007273823022842407,0.6155884861946106,0.47918379306793213,-0.05307438224554062,0.5857365131378174,0.625981330871582,-0.06324748694896698,0.5929335355758667,0.6728205680847168,-0.05238545686006546,0.6851633787155151,0.6246235966682434,-0.01074748020619154,0.690787136554718,0.5368732213973999,-0.07515272498130798,0.6455500721931458,0.6680712699890137,-0.05531502142548561,0.6433696746826172,0.7117864489555359,-0.022029874846339226,0.7489964365959167,0.6849809885025024,-0.031216032803058624,0.7466074824333191,0.6215302348136902,-0.06544242799282074,0.7041096687316895,0.7005658149719238,-0.04425736144185066,0.6988774538040161,0.7321538925170898,-0.017235979437828064,A
0.6808266639709473,0.8079535365104675,-7.730789093329804e-07,0.579688549041748,0.729954719543457,-0.027071012184023857,0.503918468952179,0.603830873966217,-0.034568171948194504,0.4533590078353882,0.5071415305137634,-0.04630551487207413,0.41372761130332947,0.4379054605960846,-0.050609856843948364,0.5454369783401489,0.4938249886035919,0.018617523834109306,0.5134034156799316,0.42278867959976196,-0.028927018865942955,0.5367298722267151,0.51731276512146,-0.05408645048737526,0.5580289959907532,0.5633950233459473,-0.06438542157411575,0.6131060719490051,0.4820149838924408,0.011222670786082745,0.5848361849784851,0.40496110916137695,-0.04084160923957825,0.5951961278915405,0.537043571472168,-0.05041389539837837,0.6129444241523743,0.5730438828468323,-0.042779773473739624,0.6823824048042297,0.4967668950557709,-0.006609480362385511,0.6647461652755737,0.42615097761154175,-0.060188665986061096,0.6551834940910339,0.5485956072807312,-0.042413145303726196,0.6637865304946899,0.5868983268737793,-0.014713925309479237,0.7482174634933472,0.5282837152481079,-0.02734730951488018,0.733218789100647,0.48165833950042725,-0.05398606136441231,0.7109025716781616,0.5573425889015198,-0.035856377333402634,0.7112587690353394,0.5860903859138489,-0.014096340164542198,A
0.6807411313056946,0.8300812244415283,-8.279470193883753e-07,0.5782682299613953,0.7539464235305786,-0.027815531939268112,0.502150297164917,0.6263177394866943,-0.03503674268722534,0.4557216763496399,0.5221217274665833,-0.046987153589725494,0.4205125570297241,0.44252973794937134,-0.051100801676511765,0.5472151041030884,0.5146466493606567,0.021543288603425026,0.5179716944694519,0.4322742819786072,-0.027691198512911797,0.5342036485671997,0.5278352499008179,-0.053626857697963715,0.5543633699417114,0.5808468461036682,-0.06350294500589371,0.6149263978004456,0.5045903921127319,0.014197520911693573,0.5902695655822754,0.4187694489955902,-0.03876613825559616,0.5944468975067139,0.5530449151992798,-0.04829001799225807,0.6109915971755981,0.5936633944511414,-0.03964752331376076,0.6829719543457031,0.5202019810676575,-0.004395375959575176,0.6680024266242981,0.4420158267021179,-0.05854969471693039,0.6546369194984436,0.5654658079147339,-0.0408988855779171,0.6620803475379944,0.6074528098106384,-0.012587906792759895,0.7500441670417786,0.5523210763931274,-0.02613517828285694,0.7368871569633484,0.4989917278289795,-0.05299261584877968,0.7105768322944641,0.5744055509567261,-0.0351589098572731,0.70730060338974,0.6064879894256592,-0.013186849653720856,A
0.5447269678115845,0.4432137608528137,-8.185043043340556e-07,0.46538567543029785,0.3600825071334839,-0.008357367478311062,0.4309888184070587,0.2563098967075348,-0.004938493482768536,0.42010775208473206,0.17470422387123108,-0.00668348977342248,0.4074248671531677,0.10879538953304291,-0.003943233285099268,0.4836432635784149,0.1670992076396942,0.030817044898867607,0.48048943281173706,0.10332703590393066,-0.004683274310082197,0.47375982999801636,0.1773809790611267,-0.02508227899670601,0.477776437997818,0.2377539575099945,-0.03171825036406517,0.540878176689148,0.17280375957489014,0.020233137533068657,0.5396432280540466,0.09624430537223816,-0.01920848712325096,0.518610954284668,0.20427033305168152,-0.027983346953988075,0.5226526260375977,0.2613113820552826,-0.020408617332577705,0.5953139066696167,0.19952575862407684,0.0022385616321116686,0.5982213020324707,0.12635648250579834,-0.03913377225399017,0.566789984703064,0.22214797139167786,-0.026332899928092957,0.5646066665649414,0.2735195755958557,-0.0035755408462136984,0.6503584980964661,0.2441825270652771,-0.01664564199745655,0.6443930864334106,0.18989992141723633,-0.04019443690776825,0.6115379929542542,0.24485620856285095,-0.02646668255329132,0.602666437625885,0.2778675854206085,-0.007698834873735905,A
0.7296533584594727,0.8028659820556641,-4.280068708339968e-07,0.6785670518875122,0.73712557554245,-0.014888930134475231,0.6489500403404236,0.6584954857826233,-0.0176704004406929,0.6320545077323914,0.592782735824585,-0.022541653364896774,0.6151171922683716,0.5490231513977051,-0.022969793528318405,0.6786239743232727,0.6040464639663696,0.01450677402317524,0.684163510799408,0.5535888075828552,-0.012395085766911507,0.686124324798584,0.6094645261764526,-0.027458766475319862,0.6895003318786621,0.6422107815742493,-0.03359575569629669,0.7235325574874878,0.6133129596710205,0.01046076137572527,0.7292273640632629,0.5607612729072571,-0.020004581660032272,0.7195183634757996,0.6335854530334473,-0.027531366795301437,0.7192342877388,0.6611431241035461,-0.024151179939508438,0.7632877230644226,0.635305643081665,0.0004982639802619815,0.7692686915397644,0.5928938388824463,-0.03124159388244152,0.750822901725769,0.657967209815979,-0.021704401820898056,0.7464373707771301,0.6843481063842773,-0.005621630232781172,0.7998613119125366,0.6666241884231567,-0.01085969340056181,0.8019077777862549,0.6327936053276062,-0.026617124676704407,0.7817904353141785,0.6731941103935242,-0.015280765481293201,0.7742472290992737,0.6920510530471802,-0.0017264930065721273,A
0.7124326825141907,0.8823187351226807,5.79298841785203e-07,0.6586396098136902,0.824630856513977,-0.015063921920955181,0.636354386806488,0.7340347766876221,-0.014881731942296028,0.6651002168655396,0.670619010925293,-0.015947706997394562,0.7030063271522522,0.6733104586601257,-0.01620631292462349,0.631062924861908,0.6522592306137085,0.025312434881925583,0.6319974660873413,0.5637418627738953,0.027018025517463684,0.6368421316146851,0.5129596590995789,0.019631844013929367,0.6424543857574463,0.4697636067867279,0.011822976171970367,0.6669691205024719,0.6435114145278931,0.024093272164463997,0.6670853495597839,0.5475852489471436,0.030373457819223404,0.669384241104126,0.49065232276916504,0.023908061906695366,0.6706744432449341,0.44337499141693115,0.017457224428653717,0.7027967572212219,0.6516293287277222,0.018044007942080498,0.7045818567276001,0.565319299697876,0.023460721597075462,0.7043317556381226,0.5146046876907349,0.019468041136860847,0.7040507793426514,0.4749171733856201,0.01455093827098608,0.7399711608886719,0.6695110201835632,0.008294157683849335,0.7414541244506836,0.6034245491027832,0.014973464421927929,0.7425233125686646,0.5642373561859131,0.019363703206181526,0.744110107421875,0.5303962230682373,0.020542535930871964,B
0.7004709243774414,0.8852843046188354,5.83509233820223e-07,0.6417657136917114,0.8298982977867126,-0.020553359761834145,0.6174827814102173,0.7393218874931335,-0.024584593251347542,0.6467259526252747,0.6665975451469421,-0.02890797145664692,0.6886211633682251,0.6592344045639038,-0.03209839016199112,0.611083447933197,0.639694333076477,0.017162708565592766,0.6084243655204773,0.5445879101753235,0.014635580591857433,0.6131688952445984,0.49089887738227844,0.00422225147485733,0.6192412972450256,0.44578880071640015,-0.005496222525835037,0.6497856974601746,0.6277081966400146,0.01707381196320057,0.6480348110198975,0.5245827436447144,0.020491721108555794,0.6501250863075256,0.46639150381088257,0.012114041484892368,0.6515215635299683,0.4194107949733734,0.0041280752047896385,0.6874477863311768,0.6344723701477051,0.011863674968481064,0.6884353756904602,0.5412304401397705,0.01534393709152937,0.6868907809257507,0.487048864364624,0.01039155013859272,0.6858623623847961,0.44492244720458984,0.0045114136300981045,0.726481556892395,0.6542232632637024,0.002439020434394479,0.7283807992935181,0.583436906337738,0.007927291095256805,0.728225588798523,0.542529821395874,0.011873307637870312,0.7283932566642761,0.5085834264755249,0.012720596976578236,B
0.6998299956321716,0.8838016390800476,6.110446975071682e-07,0.6403676867485046,0.8266278505325317,-0.020509222522377968,0.6159445643424988,0.7345841526985168,-0.023148735985159874,0.6475239992141724,0.6626051068305969,-0.026212673634290695,0.6904743313789368,0.6630284190177917,-0.028240300714969635,0.6090450882911682,0.6392901539802551,0.022082921117544174,0.6059169769287109,0.5456214547157288,0.02187604084610939,0.6096417903900146,0.4927379786968231,0.012334072031080723,0.6146291494369507,0.4473557472229004,0.0028729697223752737,0.6484523415565491,0.6269837617874146,0.022429881617426872,0.64754319190979,0.5253388285636902,0.027739165350794792,0.6499710083007812,0.46679428219795227,0.01935330219566822,0.6512992978096008,0.41854119300842285,0.011337070725858212,0.6865067481994629,0.6341367959976196,0.017360471189022064,0.6882861256599426,0.5428327322006226,0.022174283862113953,0.6867594718933105,0.48856809735298157,0.016343912109732628,0.6854851841926575,0.44647344946861267,0.009910974651575089,0.7253661751747131,0.6536914110183716,0.007998869754374027,0.7277426719665527,0.5834766626358032,0.01454847026616335,0.7280949354171753,0.5422928929328918,0.018255896866321564,0.7288599014282227,0.5082670450210571,0.01884213089942932,B
0.6967169642448425,0.8755374550819397,5.902890052311704e-07,0.6383734345436096,0.8174184560775757,-0.020074868574738503,0.6152355670928955,0.728771448135376,-0.021931691095232964,0.6452866196632385,0.6565437316894531,-0.02421974577009678,0.6866644620895386,0.652130663394928,-0.025325635448098183,0.6081165075302124,0.6337844729423523,0.02581101469695568,0.6040830612182617,0.5414685606956482,0.027539676055312157,0.6065217852592468,0.48944827914237976,0.018927304074168205,0.6096462607383728,0.444130003452301,0.00982677098363638,0.6478963494300842,0.6215133666992188,0.026553640142083168,0.6462875604629517,0.5229418277740479,0.0335293710231781,0.6483408808708191,0.4666201174259186,0.025499913841485977,0.6490837931632996,0.4196762144565582,0.017423804849386215,0.6854407787322998,0.6286122798919678,0.02180423028767109,0.6868472695350647,0.5406060814857483,0.02780124545097351,0.6847451329231262,0.4881495237350464,0.022765902802348137,0.6830300688743591,0.44711077213287354,0.01659935526549816,0.7241294980049133,0.6481040120124817,0.012781932018697262,0.7264308929443359,0.5796663761138916,0.02031552977859974,0.727373480796814,0.5400436520576477,0.024755176156759262,0.7286106944084167,0.5069960355758667,0.025722958147525787,B
0.25698626041412354,0.8598851561546326,5.868998300684325e-07,0.18645651638507843,0.8262187242507935,-0.026981523260474205,0.13913993537425995,0.7338719367980957,-0.040675219148397446,0.17280980944633484,0.6613163948059082,-0.05371950939297676,0.2300003319978714,0.6625165343284607,-0.06808290630578995,0.1519917994737625,0.5923140048980713,-0.01791425608098507,0.1419619917869568,0.49186640977859497,-0.037170156836509705,0.13823318481445312,0.42611658573150635,-0.0563485361635685,0.13867831230163574,0.36668097972869873,-0.07345804572105408,0.19249950349330902,0.573779284954071,-0.02469835802912712,0.18342259526252747,0.45521190762519836,-0.04100487008690834,0.18051710724830627,0.3786759376525879,-0.05810249596834183,0.18035279214382172,0.3122824430465698,-0.07246267795562744,0.2329048216342926,0.5836344361305237,-0.03636418655514717,0.23055517673492432,0.4766218066215515,-0.054226141422986984,0.23273296654224396,0.40822261571884155,-0.07186029106378555,0.23678363859653473,0.34779390692710876,-0.08568219840526581,0.2719014883041382,0.6149820685386658,-0.05191917344927788,0.2696380913257599,0.5362486839294434,-0.06995502859354019,0.27346861362457275,0.48339277505874634,-0.08136743307113647,0.2805544435977936,0.4345858097076416,-0.09111398458480835,B
0.2539598047733307,0.860295295715332,5.680615799974476e-07,0.18178299069404602,0.8265207409858704,-0.02648499608039856,0.13459210097789764,0.7384252548217773,-0.04046791046857834,0.1664106249809265,0.6635865569114685,-0.053764086216688156,0.22242490947246552,0.6673129200935364,-0.06827443838119507,0.14781983196735382,0.5948538184165955,-0.016843928024172783,0.13527624309062958,0.4955349564552307,-0.03481459245085716,0.1305231750011444,0.43228453397750854,-0.053706251084804535,0.13004320859909058,0.37435442209243774,-0.07077185064554214,0.18678168952465057,0.5762065052986145,-0.02322407439351082,0.17662525177001953,0.4588492512702942,-0.03810001537203789,0.17226392030715942,0.3835083842277527,-0.054740265011787415,0.17076121270656586,0.3180791735649109,-0.06895218044519424,0.2258082926273346,0.5860992670059204,-0.03433527424931526,0.2236556112766266,0.48032528162002563,-0.05057748407125473,0.22464407980442047,0.4121284484863281,-0.06816627085208893,0.22772061824798584,0.35255134105682373,-0.0822097435593605,0.26425737142562866,0.6183867454528809,-0.049364712089300156,0.26364633440971375,0.540410041809082,-0.06638695299625397,0.2659541964530945,0.48751071095466614,-0.07802437245845795,0.2712400257587433,0.43926942348480225,-0.08797930181026459,B
0.7816225290298462,0.8600912094116211,5.743993369833333e-07,0.7300505638122559,0.8059850931167603,-0.030950292944908142,0.707755982875824,0.7218842506408691,-0.04570697993040085,0.7466778755187988,0.654700517654419,-0.05816815793514252,0.7958419919013977,0.6414728760719299,-0.06922203302383423,0.7015968561172485,0.5911262035369873,-0.011220541782677174,0.6981189846992493,0.4844658672809601,-0.023605037480592728,0.6987284421920776,0.42430704832077026,-0.039502255618572235,0.7002362012863159,0.37308230996131897,-0.053465936332941055,0.7426126003265381,0.5785624384880066,-0.0107088852673769,0.7405478358268738,0.4616926312446594,-0.017284275963902473,0.7414432764053345,0.39283713698387146,-0.03110497072339058,0.7405057549476624,0.333710640668869,-0.043764784932136536,0.781524121761322,0.5894545316696167,-0.014859779737889767,0.784271776676178,0.4848191738128662,-0.020919766277074814,0.7864972949028015,0.4229141175746918,-0.03172113001346588,0.7866997718811035,0.37163156270980835,-0.042160287499427795,0.8222214579582214,0.6183165311813354,-0.023392556235194206,0.8291618824005127,0.5433604121208191,-0.027751410380005836,0.8321481347084045,0.49769726395606995,-0.029830319806933403,0.8338170647621155,0.45936504006385803,-0.03344186767935753,B
0.7718361616134644,0.8603827953338623,6.236070362319879e-07,0.7178940773010254,0.809711217880249,-0.03346293792128563,0.6936240196228027,0.7265585660934448,-0.049815766513347626,0.7332304120063782,0.6595360636711121,-0.06310680508613586,0.7836997509002686,0.6469762921333313,-0.07498462498188019,0.6882065534591675,0.5906984806060791,-0.016802722588181496,0.6851889491081238,0.48075568675994873,-0.029439866542816162,0.6866626739501953,0.41813158988952637,-0.04520361125469208,0.6889123916625977,0.36437171697616577,-0.05903676524758339,0.7300567030906677,0.5788678526878357,-0.015036600641906261,0.7280869483947754,0.4602261483669281,-0.020967604592442513,0.7295457124710083,0.390938401222229,-0.03402791917324066,0.7297919988632202,0.3329174518585205,-0.046383097767829895,0.7696952819824219,0.5898718237876892,-0.017834439873695374,0.7720776796340942,0.48401734232902527,-0.022772951051592827,0.7739684581756592,0.4216872453689575,-0.03339504450559616,0.7746167182922363,0.3715096712112427,-0.04399428889155388,0.8109065294265747,0.6181331872940063,-0.025264037773013115,0.8170027732849121,0.5420619249343872,-0.029169319197535515,0.8200592398643494,0.4953433871269226,-0.03159666806459427,0.8226582407951355,0.4569300413131714,-0.03555799648165703,B
0.5390450954437256,0.9416887760162354,7.341654963965993e-07,0.4456939697265625,0.8746198415756226,-0.02662014029920101,0.39519360661506653,0.7193343043327332,-0.03402421250939369,0.44381606578826904,0.6022017598152161,-0.043160177767276764,0.5250677466392517,0.618266761302948,-0.05244244262576103,0.4105934500694275,0.5496491193771362,0.015134306624531746,0.41571980714797974,0.4157533049583435,0.008117010816931725,0.42257314920425415,0.33582156896591187,-0.007359147537499666,0.4323176145553589,0.26993048191070557,-0.023037055507302284,0.4682452082633972,0.5301128625869751,0.008290989324450493,0.474193811416626,0.3743378221988678,0.00699766306206584,0.4821554124355316,0.28385841846466064,-0.0028689124155789614,0.4893866777420044,0.20686641335487366,-0.012437109835445881,0.5264546871185303,0.5445684194564819,-0.005983617156744003,0.5349094867706299,0.39624181389808655,-0.008662956766784191,0.5415065288543701,0.31288784742355347,-0.017343830317258835,0.5480166077613831,0.24239051342010498,-0.026336168870329857,0.5827518105506897,0.5810933709144592,-0.02610715851187706,0.5859173536300659,0.4617112874984741,-0.02720038592815399,0.591524064540863,0.3933512568473816,-0.025843797251582146,0.6004446744918823,0.33497512340545654,-0.027761679142713547,B
0.5550766587257385,0.9449819326400757,7.034467444100301e-07,0.4535617232322693,0.8767378330230713,-0.028567763045430183,0.39493119716644287,0.7089588642120361,-0.0360720269382,0.4458109736442566,0.5774375200271606,-0.04535416513681412,0.5340421795845032,0.5847455859184265,-0.05428294092416763,0.4065411686897278,0.516658365726471,0.017773130908608437,0.40091660618782043,0.36918750405311584,0.010966172441840172,0.400981605052948,0.2918712794780731,-0.004963498096913099,0.4034586250782013,0.22913509607315063,-0.021242991089820862,0.470875084400177,0.49105358123779297,0.010451780632138252,0.468780517578125,0.31871041655540466,0.01074141077697277,0.46982505917549133,0.22429093718528748,0.0007666398887522519,0.4697791635990143,0.1477777361869812,-0.009392240084707737,0.5354095101356506,0.503718376159668,-0.004968761466443539,0.5379910469055176,0.33877670764923096,-0.006437673699110746,0.5385804176330566,0.2503282427787781,-0.014804667793214321,0.5379406809806824,0.17623430490493774,-0.024403264746069908,0.5981946587562561,0.540580153465271,-0.026612350717186928,0.6005595326423645,0.4114604592323303,-0.02704569138586521,0.603708028793335,0.33523082733154297,-0.024998977780342102,0.6093781590461731,0.2679124176502228,-0.02678968384861946,B
0.5496243834495544,0.8316566944122314,3.9340076796179346e-07,0.5053197741508484,0.8065598607063293,-0.015754256397485733,0.480486661195755,0.7439033389091492,-0.023075390607118607,0.5013969540596008,0.6913571357727051,-0.030031388625502586,0.5355863571166992,0.6885414719581604,-0.0375831201672554,0.48393186926841736,0.6662923097610474,-0.008987356908619404,0.48308640718460083,0.5972703099250793,-0.019080813974142075,0.48421376943588257,0.5544379949569702,-0.02973381243646145,0.4869807958602905,0.5181306600570679,-0.038877181708812714,0.5094462037086487,0.6557024121284485,-0.011920603923499584,0.5075718760490417,0.5780355334281921,-0.01936732418835163,0.5082776546478271,0.5307120084762573,-0.028009643778204918,0.5096734762191772,0.4916680157184601,-0.035193003714084625,0.5352768301963806,0.6601686477661133,-0.017543910071253777,0.535435140132904,0.5880386829376221,-0.02481040358543396,0.5370099544525146,0.5442384481430054,-0.032716426998376846,0.538857102394104,0.5077043771743774,-0.03925484046339989,0.5612988471984863,0.6760699152946472,-0.025539757683873177,0.5622758269309998,0.6209876537322998,-0.03164031356573105,0.5637199878692627,0.5860602855682373,-0.034777142107486725,0.5657818913459778,0.556747555732727,-0.03809427097439766,B
0.49145397543907166,0.3982554078102112,4.1381065329915145e-07,0.4394359588623047,0.36488795280456543,-0.010874584317207336,0.4137665629386902,0.29011979699134827,-0.01385936327278614,0.4336822032928467,0.23050427436828613,-0.017987025901675224,0.4702320992946625,0.24058717489242554,-0.023144837468862534,0.4187740087509155,0.2222444713115692,0.004221341572701931,0.41963452100753784,0.15151004493236542,-0.0018881831783801317,0.4211269021034241,0.10725069046020508,-0.010788380168378353,0.4246812164783478,0.06993736326694489,-0.0190108809620142,0.446530282497406,0.20960235595703125,-0.0005780378705821931,0.4472707211971283,0.12829124927520752,-0.005048571620136499,0.4487571716308594,0.07731619477272034,-0.012338451109826565,0.4508973956108093,0.03519773483276367,-0.01830717734992504,0.47547873854637146,0.2125827521085739,-0.008488760329782963,0.4777287542819977,0.1359882354736328,-0.013725771568715572,0.48048052191734314,0.08946149051189423,-0.02100665122270584,0.48386120796203613,0.051641032099723816,-0.02666551247239113,0.5036170482635498,0.22557559609413147,-0.01867121458053589,0.50421541929245,0.16360396146774292,-0.022124294191598892,0.5065345168113708,0.12616504728794098,-0.02364225685596466,0.5102375149726868,0.09506790339946747,-0.025874407961964607,B
0.5094054341316223,0.9599422216415405,4.4556958300745464e-07,0.4552660286426544,0.9298497438430786,-0.015507406555116177,0.4231397807598114,0.856941282749176,-0.02375764213502407,0.44302287697792053,0.7956479787826538,-0.03205707669258118,0.4834963381290436,0.7963891625404358,-0.04103389009833336,0.4279758036136627,0.7595672607421875,-0.0070641133934259415,0.42541345953941345,0.6800081729888916,-0.017133804038167,0.4249686896800995,0.6307867765426636,-0.028829947113990784,0.4265940487384796,0.5884727835655212,-0.03945929557085037,0.4564190208911896,0.7478196620941162,-0.012044231407344341,0.4534792900085449,0.6572057008743286,-0.019163910299539566,0.4530772566795349,0.6027274131774902,-0.027762552723288536,0.45354747772216797,0.5572180151939392,-0.03538300842046738,0.48598387837409973,0.7542226910591125,-0.020023273304104805,0.48489052057266235,0.6680822372436523,-0.02662859857082367,0.4859802722930908,0.6180325150489807,-0.03365437686443329,0.4885900318622589,0.5760115385055542,-0.040291912853717804,0.516646683216095,0.7742795348167419,-0.030767595395445824,0.5156600475311279,0.7090324759483337,-0.03619296848773956,0.5173035264015198,0.669230580329895,-0.03807052597403526,0.5207149386405945,0.6351526975631714,-0.040986835956573486,B
0.2599719166755676,0.7917077541351318,5.082062557448808e-07,0.19909091293811798,0.7557368278503418,-0.019519096240401268,0.162503182888031,0.6798229217529297,-0.029414160177111626,0.18522825837135315,0.6151179075241089,-0.03937629610300064,0.22991421818733215,0.6128389239311218,-0.04993167519569397,0.18534156680107117,0.5677911639213562,-0.0074348654597997665,0.18476948142051697,0.4822308421134949,-0.020515134558081627,0.1869811862707138,0.42831552028656006,-0.03540906682610512,0.19256873428821564,0.3806370496749878,-0.04840269684791565,0.21671505272388458,0.5558061599731445,-0.012926333583891392,0.2181888222694397,0.45636099576950073,-0.02234083227813244,0.2230468988418579,0.39265477657318115,-0.03404368832707405,0.23057569563388824,0.33924543857574463,-0.04408608004450798,0.24775347113609314,0.5643545389175415,-0.02251739427447319,0.2512213885784149,0.47417551279067993,-0.032401543110609055,0.2587098181247711,0.4151940643787384,-0.043594006448984146,0.268239825963974,0.36609435081481934,-0.052738986909389496,0.2783231735229492,0.5887518525123596,-0.035427194088697433,0.2792345881462097,0.5183467864990234,-0.04479089379310608,0.2838239073753357,0.4737100601196289,-0.05014257878065109,0.29087936878204346,0.4368365406990051,-0.055221665650606155,B
0.8081339001655579,0.8706772923469543,5.436193077912321e-07,0.7619006037712097,0.8189855813980103,-0.02937835454940796,0.7400397062301636,0.7474654912948608,-0.04241359233856201,0.7676589488983154,0.6841116547584534,-0.053194619715213776,0.8051014542579651,0.6555489301681519,-0.06241327151656151,0.7230610251426697,0.636267364025116,-0.005348490551114082,0.7193225622177124,0.541433572769165,-0.015724409371614456,0.721028208732605,0.48632508516311646,-0.030246714130043983,0.723061203956604,0.43993112444877625,-0.04296589270234108,0.7620333433151245,0.6248058676719666,-0.003458405612036586,0.760843813419342,0.5207984447479248,-0.008961087092757225,0.7631840109825134,0.4635958969593048,-0.02279871702194214,0.7629634737968445,0.4144524335861206,-0.03544623404741287,0.798169732093811,0.631910502910614,-0.00633702427148819,0.8017160892486572,0.5371757745742798,-0.01246598456054926,0.8009498715400696,0.4823465347290039,-0.023520784452557564,0.798969030380249,0.43772679567337036,-0.033909328281879425,0.8364952206611633,0.6536977291107178,-0.013069238513708115,0.842406153678894,0.5848058462142944,-0.01746623031795025,0.843510627746582,0.541621744632721,-0.020269256085157394,0.8430153131484985,0.503444254398346,-0.02442275732755661,B
0.5613526701927185,0.9024200439453125,7.309011493816797e-07,0.47413307428359985,0.8482798337936401,-0.02950749173760414,0.4164808988571167,0.720461905002594,-0.04062945768237114,0.4470769762992859,0.6081018447875977,-0.05222691595554352,0.5214500427246094,0.6033153533935547,-0.06353579461574554,0.41974928975105286,0.5501242280006409,0.006505269091576338,0.41547489166259766,0.4232809543609619,-0.004201346077024937,0.41665753722190857,0.34877920150756836,-0.02187645249068737,0.42102691531181335,0.2842022776603699,-0.03883785381913185,0.47328540682792664,0.529990553855896,0.0013113479362800717,0.4686393737792969,0.38617247343063354,-0.004453327506780624,0.4693393409252167,0.3008354902267456,-0.01848890259861946,0.4702491760253906,0.2283235788345337,-0.03113083727657795,0.5283522009849548,0.5400688052177429,-0.010763508267700672,0.5285093784332275,0.40576422214508057,-0.01724134013056755,0.5301370024681091,0.32774820923805237,-0.029227364808321,0.5314913988113403,0.2613885700702667,-0.04015185683965683,0.5824787020683289,0.5707099437713623,-0.028261806815862656,0.5801011919975281,0.46502685546875,-0.0326717272400856,0.5819090604782104,0.40055781602859497,-0.03463514894247055,0.586715042591095,0.34331995248794556,-0.03858968988060951,B
0.5624514222145081,0.8922935724258423,7.165474471548805e-07,0.4752354621887207,0.836620032787323,-0.02856176160275936,0.4196898937225342,0.7121333479881287,-0.04035491496324539,0.4510025978088379,0.60029536485672,-0.052387211471796036,0.5266716480255127,0.6010109186172485,-0.06429712474346161,0.42235466837882996,0.542935311794281,0.0039009994361549616,0.41895556449890137,0.41709792613983154,-0.007324832491576672,0.4201229214668274,0.3428097367286682,-0.025312351062893867,0.42404705286026,0.277727335691452,-0.042871713638305664,0.4753379225730896,0.521942675113678,-0.002144585130736232,0.4720786213874817,0.37759944796562195,-0.008511798456311226,0.4737430810928345,0.29237088561058044,-0.022252412512898445,0.47390592098236084,0.21893951296806335,-0.03505926579236984,0.5292385816574097,0.5331265926361084,-0.014763076789677143,0.5308307409286499,0.3984197974205017,-0.022428710013628006,0.5328754186630249,0.320419043302536,-0.034501854330301285,0.5338104963302612,0.2538217604160309,-0.04560665413737297,0.5827972292900085,0.5659995675086975,-0.032582949846982956,0.5819166898727417,0.4601157605648041,-0.03850002959370613,0.5850894451141357,0.39593446254730225,-0.04098500683903694,0.5907198786735535,0.3399165868759155,-0.045405976474285126,B
0.522506594657898,0.8272519111633301,3.3509175523249723e-07,0.47651898860931396,0.788698673248291,-0.006463858764618635,0.4563874304294586,0.7323830127716064,-0.009932286106050014,0.47274672985076904,0.6797001361846924,-0.014489399269223213,0.5020362138748169,0.6747650504112244,-0.019423428922891617,0.4566778540611267,0.6598407626152039,0.004765680525451899,0.4534167945384979,0.588665246963501,-0.0018234308809041977,0.45544448494911194,0.5493161678314209,-0.011211703531444073,0.4586451053619385,0.5164233446121216,-0.01977073960006237,0.48360711336135864,0.648865818977356,-0.001874366425909102,0.4808119237422943,0.5678396821022034,-0.007792114280164242,0.4837954640388489,0.523583173751831,-0.01654621958732605,0.4840586483478546,0.4857105016708374,-0.02405262365937233,0.5083021521568298,0.6540960073471069,-0.010755157098174095,0.5110342502593994,0.5822329521179199,-0.017689255997538567,0.5139569044113159,0.5392307639122009,-0.024051768705248833,0.5162608027458191,0.502947211265564,-0.029352599754929543,0.5352733135223389,0.671326220035553,-0.02112998627126217,0.5366602540016174,0.6127989292144775,-0.025516679510474205,0.5393210649490356,0.5794153809547424,-0.025525342673063278,0.5412890315055847,0.5515278577804565,-0.026679279282689095,B
0.525183379650116,0.8227179050445557,3.618149833073403e-07,0.48066025972366333,0.7908444404602051,-0.010446691885590553,0.4579923152923584,0.7292978167533875,-0.01534047070890665,0.4760271906852722,0.6770951747894287,-0.021107345819473267,0.5076325535774231,0.6731996536254883,-0.02748371846973896,0.4567328095436096,0.6521512269973755,0.0007149571320042014,0.4529153108596802,0.5828568339347839,-0.0071175312623381615,0.45467060804367065,0.5430850386619568,-0.01694222167134285,0.4585036337375641,0.5097832083702087,-0.025603486225008965,0.4838302433490753,0.6407153010368347,-0.004635191988199949,0.48021993041038513,0.561532735824585,-0.01026130560785532,0.48151522874832153,0.5151330232620239,-0.01899399235844612,0.48279520869255066,0.47744396328926086,-0.02659825049340725,0.5104475617408752,0.6451302766799927,-0.012680417858064175,0.5111050009727478,0.5731399059295654,-0.019146127626299858,0.5135220885276794,0.5295252799987793,-0.02712153270840645,0.5159598588943481,0.4932757019996643,-0.03394336253404617,0.5369372367858887,0.660858690738678,-0.022656844928860664,0.5384179353713989,0.6047617197036743,-0.028078539296984673,0.5409468412399292,0.5706791877746582,-0.030439652502536774,0.5437254309654236,0.5415176153182983,-0.03337698429822922,B
0.6046569347381592,0.8988717794418335,5.405746037467907e-07,0.5507785677909851,0.8554864525794983,-0.023434394970536232,0.5185598731040955,0.7807448506355286,-0.03465778008103371,0.540562629699707,0.7079693078994751,-0.04465068504214287,0.5878020524978638,0.6993128657341003,-0.05410540848970413,0.5121752619743347,0.6691858768463135,-0.005225189495831728,0.5086310505867004,0.5781304836273193,-0.01512026134878397,0.5117484927177429,0.5260279178619385,-0.02826019562780857,0.5166858434677124,0.4823794960975647,-0.0399271659553051,0.5499149560928345,0.6563767194747925,-0.006446650251746178,0.5476320385932922,0.5548046827316284,-0.01101861521601677,0.5492042303085327,0.4972887337207794,-0.021074656397104263,0.549528181552887,0.4489757716655731,-0.030463023111224174,0.5872626900672913,0.6639186143875122,-0.011749413795769215,0.5902642607688904,0.5730207562446594,-0.01639060117304325,0.5914607048034668,0.5200612545013428,-0.024189740419387817,0.5921879410743713,0.4763973653316498,-0.03171011060476303,0.6250252723693848,0.6870690584182739,-0.020664365962147713,0.6280454397201538,0.6192358732223511,-0.023573406040668488,0.6306161880493164,0.577777087688446,-0.024133991450071335,0.633409321308136,0.5432555079460144,-0.02625085599720478,B
0.6225589513778687,0.8619717359542847,5.583904680861451e-07,0.5672079920768738,0.8212115168571472,-0.02465609833598137,0.5362474322319031,0.7452439069747925,-0.03649748116731644,0.5601567029953003,0.672528088092804,-0.047088008373975754,0.6063461899757385,0.6560273170471191,-0.057088591158390045,0.5257859826087952,0.6353148818016052,-0.005627703852951527,0.5218899846076965,0.5452428460121155,-0.01712440699338913,0.5249643325805664,0.4921046793460846,-0.03160271793603897,0.5302902460098267,0.4475939869880676,-0.04393691197037697,0.5641645193099976,0.6197106242179871,-0.006600983440876007,0.5617548227310181,0.5170691013336182,-0.012222681194543839,0.5616752505302429,0.45866066217422485,-0.023313743993639946,0.561056911945343,0.40915775299072266,-0.033340707421302795,0.6025339365005493,0.6250196099281311,-0.011776907369494438,0.6044924259185791,0.531577467918396,-0.016841592267155647,0.6036523580551147,0.4788939654827118,-0.024737665429711342,0.6021358966827393,0.43505585193634033,-0.03250570967793465,0.6411623358726501,0.6470803618431091,-0.020678818225860596,0.6442329287528992,0.5793514251708984,-0.023807186633348465,0.6456350684165955,0.5376654267311096,-0.024186454713344574,0.6465933918952942,0.5022481679916382,-0.02620602771639824,B
0.6641973257064819,0.8685290813446045,5.375845830712933e-07,0.602059006690979,0.8249262571334839,-0.020543182268738747,0.5657508373260498,0.7485262155532837,-0.030409006401896477,0.5837230682373047,0.6702212691307068,-0.04019889980554581,0.6313501596450806,0.6612704396247864,-0.04986386373639107,0.559789776802063,0.6341198086738586,0.0018764701671898365,0.5540415048599243,0.5402162671089172,-0.007713892497122288,0.5532082915306091,0.4834810495376587,-0.02236752398312092,0.5537012219429016,0.4351833164691925,-0.035666968673467636,0.5972535014152527,0.6170705556869507,-0.0018309935694560409,0.5900866985321045,0.5112309455871582,-0.0067902859300374985,0.5880014300346375,0.44926244020462036,-0.01848980039358139,0.5838525891304016,0.39556556940078735,-0.029332203790545464,0.6346486806869507,0.6215401291847229,-0.009839758276939392,0.6314732432365417,0.5254829525947571,-0.01492221001535654,0.6284549236297607,0.46784737706184387,-0.02384289726614952,0.6249403357505798,0.4201030731201172,-0.032394785434007645,0.6746159791946411,0.6418163776397705,-0.02146555297076702,0.6722562909126282,0.5672566294670105,-0.02435595728456974,0.6714447140693665,0.5218308568000793,-0.025104239583015442,0.670479953289032,0.4838176369667053,-0.02777525596320629,B
0.66025310754776,0.8610367178916931,5.166198207007255e-07,0.5997593402862549,0.8202324509620667,-0.01978045329451561,0.5649070739746094,0.7417421340942383,-0.027722030878067017,0.5850352644920349,0.6667131781578064,-0.03565147891640663,0.6275168061256409,0.6569695472717285,-0.04344366490840912,0.5594733953475952,0.6293779611587524,0.0034789210185408592,0.5534276366233826,0.5383381247520447,-0.005173176992684603,0.5527491569519043,0.48298799991607666,-0.018501071259379387,0.5541324615478516,0.4361618161201477,-0.030519047752022743,0.5962280631065369,0.6132072806358337,0.0004174456116743386,0.5897917747497559,0.5116657018661499,-0.003857142524793744,0.5879324674606323,0.45182812213897705,-0.01437925361096859,0.5857511758804321,0.40090805292129517,-0.023921454325318336,0.6333529949188232,0.6169446706771851,-0.006973964162170887,0.6308355331420898,0.5243924260139465,-0.011336727067828178,0.6287534832954407,0.46880364418029785,-0.019253596663475037,0.6267483234405518,0.4223750829696655,-0.026900094002485275,0.6722414493560791,0.6355960965156555,-0.017924923449754715,0.6707731485366821,0.5645626783370972,-0.020219603553414345,0.6706559062004089,0.5213261842727661,-0.02033037133514881,0.6707630753517151,0.4839363694190979,-0.022311322391033173,B
0.6602516174316406,0.8633653521537781,5.541423320210015e-07,0.6017658114433289,0.8269621133804321,-0.025953620672225952,0.5662875175476074,0.7523738145828247,-0.038030289113521576,0.5855307579040527,0.6744594573974609,-0.04907137528061867,0.6302570104598999,0.6510133743286133,-0.05970071628689766,0.5530443787574768,0.6316463947296143,-0.0045872400514781475,0.5420942902565002,0.5369946956634521,-0.016675975173711777,0.5383943915367126,0.47946423292160034,-0.031796663999557495,0.5371631979942322,0.4306578040122986,-0.0448349304497242,0.591869592666626,0.613964855670929,-0.006313100922852755,0.5813903212547302,0.5085098743438721,-0.013462994247674942,0.5768054723739624,0.4466444253921509,-0.02609233930706978,0.5723876953125,0.3937813341617584,-0.03707859665155411,0.631212592124939,0.6170672178268433,-0.012654973194003105,0.6255179047584534,0.5211330056190491,-0.01981961540877819,0.6208378076553345,0.46370643377304077,-0.029402505606412888,0.6161388158798218,0.4150044918060303,-0.0381346270442009,0.6719048023223877,0.6366116404533386,-0.022898420691490173,0.6703511476516724,0.5660614967346191,-0.02770461142063141,0.6695082783699036,0.5217633247375488,-0.029138905927538872,0.6686303019523621,0.4834134578704834,-0.03192126005887985,B
0.6617128252983093,0.8409954309463501,4.803605975212122e-07,0.6032037138938904,0.8003762364387512,-0.021876901388168335,0.5721914172172546,0.7198935151100159,-0.02939138002693653,0.5924354791641235,0.6410380005836487,-0.03653113171458244,0.6328060030937195,0.6163172125816345,-0.0428365021944046,0.5623794794082642,0.6080511808395386,0.0069117010571062565,0.5498154759407043,0.5143012404441833,-0.0002457561786286533,0.5460505485534668,0.45894503593444824,-0.012721078470349312,0.5446105599403381,0.4117603302001953,-0.023883122950792313,0.5998420119285583,0.5904217958450317,0.005829170346260071,0.5876877307891846,0.4874151945114136,0.00337595003657043,0.5831447839736938,0.42744070291519165,-0.00725659541785717,0.5784580707550049,0.37644436955451965,-0.016952069476246834,0.6365101337432861,0.5932827591896057,8.357205661013722e-05,0.6300532817840576,0.5011611580848694,-0.002480078488588333,0.6256333589553833,0.44574475288391113,-0.009294400922954082,0.6222346425056458,0.4007599651813507,-0.016490621492266655,0.6761476397514343,0.6099686622619629,-0.009482295252382755,0.6726514101028442,0.5394859313964844,-0.009740207344293594,0.6701077818870544,0.49799081683158875,-0.008450156077742577,0.6678504347801208,0.46270060539245605,-0.009557672776281834,B
0.7072926163673401,0.8869743943214417,6.328107815534167e-07,0.6525042057037354,0.8263492584228516,-0.026146845892071724,0.6335961222648621,0.7266140580177307,-0.03419680893421173,0.673528254032135,0.6546629071235657,-0.041074249893426895,0.7222983241081238,0.6477911472320557,-0.04641873016953468,0.6186453104019165,0.6156259775161743,0.006268446333706379,0.6218005418777466,0.5123077034950256,0.0008705295040272176,0.628394365310669,0.454539954662323,-0.01132109109312296,0.6347389817237854,0.40575987100601196,-0.023014916107058525,0.6605667471885681,0.6052088141441345,0.006834355648607016,0.6648073792457581,0.4932510256767273,0.006574306637048721,0.6703329086303711,0.4295583963394165,-0.004498080350458622,0.6729304790496826,0.3756284713745117,-0.01503670308738947,0.7016364336013794,0.6160669326782227,0.0022775037214159966,0.7076221108436584,0.5131723880767822,0.0015593052376061678,0.7100330591201782,0.45550698041915894,-0.007109248545020819,0.7101845145225525,0.40852266550064087,-0.015920931473374367,0.743254542350769,0.6411438584327698,-0.00658211437985301,0.7489032745361328,0.5652318596839905,-0.0062672169879078865,0.7502856254577637,0.5191349387168884,-0.006257288623601198,0.7507048845291138,0.4793431758880615,-0.008477447554469109,B
0.8786914348602295,0.6106059551239014,6.987577876316209e-07,0.8061366677284241,0.5324703454971313,-0.027446433901786804,0.7794342637062073,0.4137556552886963,-0.029489468783140182,0.8310182690620422,0.32590368390083313,-0.03093383088707924,0.8902552127838135,0.3204343020915985,-0.030968669801950455,0.7648184895515442,0.3082698583602905,0.02272910624742508,0.757493793964386,0.1958344429731369,0.020933305844664574,0.7596394419670105,0.13104189932346344,0.009918693453073502,0.7630980610847473,0.07622852921485901,-0.0008496047812514007,0.8167335987091064,0.29046326875686646,0.024560486897826195,0.8144915699958801,0.16189517080783844,0.028641335666179657,0.8156964182853699,0.08663198351860046,0.01858876273036003,0.8155888319015503,0.02441313862800598,0.009532630443572998,0.866546094417572,0.30006757378578186,0.019420074298977852,0.8705768585205078,0.18225251138210297,0.02011747471988201,0.8683395385742188,0.11201092600822449,0.009853454306721687,0.8656004667282104,0.05601257085800171,0.000946453248616308,0.9171804189682007,0.32543259859085083,0.009424891322851181,0.9239737391471863,0.2380288541316986,0.010539914481341839,0.923613965511322,0.1823384165763855,0.010191608220338821,0.9231998324394226,0.1334410160779953,0.008262388408184052,B
0.8712650537490845,0.9565203785896301,5.770744451183418e-07,0.8119491934776306,0.890809953212738,-0.020876463502645493,0.7877501845359802,0.7939009666442871,-0.026982955634593964,0.8297196626663208,0.7268961668014526,-0.033144835382699966,0.8808464407920837,0.7265707850456238,-0.038416728377342224,0.7767280340194702,0.679986834526062,0.009811900556087494,0.7740633487701416,0.573585569858551,0.004984662402421236,0.7769246101379395,0.5132431983947754,-0.006502092815935612,0.7802855968475342,0.46272194385528564,-0.01758354902267456,0.8215453624725342,0.6687423586845398,0.007457853760570288,0.8205456137657166,0.5534331798553467,0.008415434509515762,0.8214225769042969,0.4858749210834503,-0.0018366287695243955,0.820654571056366,0.43163904547691345,-0.01167452521622181,0.8658267855644226,0.6788992285728455,0.00039917108369991183,0.8669890761375427,0.5759161114692688,0.0014519786927849054,0.8649038672447205,0.5147780179977417,-0.006468676496297121,0.8610766530036926,0.46536558866500854,-0.0147238839417696,0.9106906056404114,0.7042813301086426,-0.010626707226037979,0.9126501083374023,0.625403642654419,-0.00944321695715189,0.9111250638961792,0.5789936780929565,-0.00818174984306097,0.9100928902626038,0.5398988127708435,-0.009114477783441544,B
0.2138320952653885,0.6479838490486145,6.99344582244521e-07,0.12895232439041138,0.609988808631897,-0.028938570991158485,0.07147645205259323,0.509067714214325,-0.04398671165108681,0.09948717057704926,0.41352659463882446,-0.05905626341700554,0.16452240943908691,0.40890854597091675,-0.07501058280467987,0.0933818444609642,0.3521842658519745,-0.011330406181514263,0.0887666866183281,0.24199338257312775,-0.030706629157066345,0.08992525935173035,0.1704191416501999,-0.051920339465141296,0.09782850742340088,0.10501253604888916,-0.07059487700462341,0.13361577689647675,0.330011248588562,-0.018536802381277084,0.12750129401683807,0.19592073559761047,-0.033709537237882614,0.12900911271572113,0.11000767350196838,-0.0498504713177681,0.1359429657459259,0.034587323665618896,-0.06333117932081223,0.1763225644826889,0.33781445026397705,-0.03184715658426285,0.17340603470802307,0.21604706346988678,-0.04897700250148773,0.17966891825199127,0.13760420680046082,-0.06476770341396332,0.19041284918785095,0.07008543610572815,-0.07679535448551178,0.22068147361278534,0.36794349551200867,-0.04987773299217224,0.2145352065563202,0.2723689079284668,-0.06641151010990143,0.21810203790664673,0.21388712525367737,-0.07537726312875748,0.22680336236953735,0.16323953866958618,-0.08309648185968399,B
0.6721512675285339,0.9730026721954346,4.2820855128411495e-07,0.6244137287139893,0.9389001131057739,-0.020358126610517502,0.5996649265289307,0.8690515160560608,-0.02974584884941578,0.6249755024909973,0.810278594493866,-0.038159340620040894,0.6626604795455933,0.8017387986183167,-0.04647728428244591,0.5878413319587708,0.773488461971283,-0.006765749305486679,0.5798359513282776,0.6894034147262573,-0.016259241849184036,0.5789710283279419,0.6404088139533997,-0.02815677598118782,0.5797357559204102,0.5991564989089966,-0.03878168761730194,0.6207447052001953,0.7591164112091064,-0.008591772057116032,0.6137372851371765,0.6687504053115845,-0.014517167583107948,0.6140208840370178,0.6175771951675415,-0.025286873802542686,0.6132739782333374,0.5744470357894897,-0.034869369119405746,0.653483510017395,0.7628433704376221,-0.01377934031188488,0.6495766043663025,0.6789736747741699,-0.0199589841067791,0.6482076644897461,0.629847526550293,-0.029465187340974808,0.6458497643470764,0.5886043906211853,-0.03805498778820038,0.6870543956756592,0.7797285914421082,-0.021853148937225342,0.6855937242507935,0.7163437008857727,-0.027029259130358696,0.6854767799377441,0.6783149242401123,-0.029558654874563217,0.6851933598518372,0.646108865737915,-0.032956983894109726,B
0.6536804437637329,0.865704357624054,4.525992380877142e-07,0.5910615921020508,0.8300638198852539,-0.016152406111359596,0.5558899641036987,0.7537586092948914,-0.018899178132414818,0.5783922076225281,0.6921648979187012,-0.02209194004535675,0.6164960265159607,0.68980473279953,-0.025131428614258766,0.570590078830719,0.6539096236228943,0.011526950635015965,0.5657531023025513,0.5764267444610596,0.007947699166834354,0.5657806396484375,0.5298894643783569,-0.001463228021748364,0.567418098449707,0.49009814858436584,-0.010574663989245892,0.6039897203445435,0.6412941813468933,0.00986621156334877,0.6004583835601807,0.5557570457458496,0.009828073903918266,0.5996971130371094,0.5075176358222961,0.0027723577804863453,0.5992661118507385,0.46896713972091675,-0.003732728073373437,0.635826587677002,0.6459112763404846,0.0038669034838676453,0.6353660821914673,0.5677913427352905,0.003656059503555298,0.6342008709907532,0.5216466188430786,-0.0011782513465732336,0.6343877911567688,0.4854573905467987,-0.006306240800768137,0.6688523888587952,0.6628621220588684,-0.005576117429882288,0.6696890592575073,0.6012881398200989,-0.004466392565518618,0.6703808307647705,0.5645328164100647,-0.0029462699312716722,0.6723418235778809,0.5333107709884644,-0.0034057856537401676,B
0.7161164879798889,0.7157739400863647,5.902158477510966e-07,0.6454675793647766,0.6692377924919128,-0.02019098401069641,0.605053186416626,0.5873745083808899,-0.023678772151470184,0.6251578330993652,0.5152391195297241,-0.02739507518708706,0.6705730557441711,0.5288946032524109,-0.029786253347992897,0.6215490102767944,0.49380213022232056,0.01981995813548565,0.6160184741020203,0.41053318977355957,0.018895404413342476,0.6148799061775208,0.36293870210647583,0.009656446054577827,0.615049421787262,0.3198830485343933,0.0007701895083300769,0.6569191813468933,0.4815434217453003,0.020604806020855904,0.6512176990509033,0.3914569020271301,0.025700869038701057,0.6481829881668091,0.3380393385887146,0.0207523126155138,0.6446463465690613,0.29217731952667236,0.0160991158336401,0.692282497882843,0.48761120438575745,0.01595674641430378,0.6901023983955383,0.4107853174209595,0.02100493386387825,0.6853611469268799,0.3622925579547882,0.019260870292782784,0.6822261810302734,0.3259381055831909,0.017077544704079628,0.7301148772239685,0.5063541531562805,0.0067523266188800335,0.7284196019172668,0.4438297152519226,0.01400627288967371,0.7259069681167603,0.4065524637699127,0.019955510273575783,0.725202202796936,0.37754714488983154,0.02324187569320202,B
0.7299667596817017,0.9062181115150452,6.836745001237432e-07,0.6649885177612305,0.8479874730110168,-0.02666510082781315,0.6342776417732239,0.750938892364502,-0.034478168934583664,0.6631872653961182,0.6742950081825256,-0.041281189769506454,0.7096700668334961,0.6748490333557129,-0.04593614861369133,0.6216163039207458,0.6412326097488403,0.014739706180989742,0.620276153087616,0.5416324734687805,0.01213216595351696,0.6226579546928406,0.4834353029727936,0.0004917899495922029,0.6250747442245483,0.4327605962753296,-0.010827750898897648,0.6618585586547852,0.6304922699928284,0.01680276356637478,0.6582345366477966,0.5254083275794983,0.01975027658045292,0.6590117812156677,0.46247583627700806,0.011195681989192963,0.6579352617263794,0.4075664281845093,0.0029662162996828556,0.7024528384208679,0.639495313167572,0.01303404662758112,0.7001833915710449,0.5440630316734314,0.016180703416466713,0.6973691582679749,0.4868149757385254,0.011976785957813263,0.6945233345031738,0.4398524761199951,0.006904155015945435,0.7445496320724487,0.6597272753715515,0.004297915380448103,0.7427315711975098,0.5849655270576477,0.009655134752392769,0.7422887086868286,0.5394226312637329,0.014091082848608494,0.7430784702301025,0.4998288154602051,0.015539614483714104,B
0.7600774168968201,0.9184297323226929,6.227413678061566e-07,0.7016023397445679,0.8614030480384827,-0.024835966527462006,0.6733479499816895,0.7637072205543518,-0.03383136913180351,0.7016845345497131,0.6839290857315063,-0.041967157274484634,0.7467460632324219,0.6823023557662964,-0.048825766891241074,0.6591067314147949,0.650162398815155,0.005337212700396776,0.6535961031913757,0.5419687032699585,-0.0015513122780248523,0.6555172801017761,0.4788026809692383,-0.015212449245154858,0.658514678478241,0.4251627027988434,-0.02785719931125641,0.6985688209533691,0.6376216411590576,0.004861201159656048,0.6929823756217957,0.5212147235870361,0.003650813363492489,0.6931675672531128,0.4525236487388611,-0.007499204948544502,0.6915698051452637,0.3942119777202606,-0.018109483644366264,0.7382424473762512,0.6465111374855042,-0.0005386130651459098,0.73631352186203,0.5422925353050232,-0.001039631781168282,0.7339279651641846,0.47880592942237854,-0.008484664373099804,0.7322654724121094,0.42738014459609985,-0.016722174361348152,0.7813440561294556,0.6692329049110413,-0.010360125452280045,0.7808417677879333,0.59063321352005,-0.008603313937783241,0.7813048362731934,0.5429102778434753,-0.006850808393210173,0.7827877998352051,0.5021452903747559,-0.00818090233951807,B
0.6221398115158081,0.8647913932800293,6.961459462218045e-07,0.540786862373352,0.8056361079216003,-0.02914683148264885,0.49381333589553833,0.7059516906738281,-0.04631101340055466,0.521454393863678,0.5985124111175537,-0.06283757090568542,0.5877804756164551,0.5828583240509033,-0.07997628301382065,0.4835992455482483,0.5505623817443848,-0.010357998311519623,0.47190096974372864,0.4190952479839325,-0.027212850749492645,0.47181326150894165,0.3430705666542053,-0.04856645315885544,0.47451770305633545,0.27683061361312866,-0.06756103038787842,0.5338929891586304,0.5264437198638916,-0.016415907070040703,0.5235069990158081,0.3786448836326599,-0.02820223942399025,0.5245692729949951,0.2952668368816376,-0.04650158807635307,0.5225804448127747,0.2222226858139038,-0.06312090903520584,0.5847364664077759,0.5314459800720215,-0.027632784098386765,0.5805602073669434,0.3938678205013275,-0.040110114961862564,0.5795149803161621,0.31372636556625366,-0.0552792027592659,0.5783881545066833,0.24622634053230286,-0.0686173290014267,0.6378853917121887,0.5590516328811646,-0.04317881911993027,0.6319429278373718,0.44997429847717285,-0.05341533571481705,0.6315518617630005,0.3838837146759033,-0.0581083707511425,0.6317532062530518,0.3284628689289093,-0.06390611827373505,B
0.6035453081130981,0.8569694757461548,7.004126700849156e-07,0.5194907188415527,0.8064030408859253,-0.03135101869702339,0.46756112575531006,0.7042542695999146,-0.04777149111032486,0.4982357323169708,0.6005021929740906,-0.06354505568742752,0.5675180554389954,0.5868508815765381,-0.07962165027856827,0.4627222716808319,0.5443668961524963,-0.007796852383762598,0.44868820905685425,0.4230082929134369,-0.024674884974956512,0.447089821100235,0.35038644075393677,-0.04539824277162552,0.4508121609687805,0.2874000370502472,-0.06375535577535629,0.5120219588279724,0.5192098617553711,-0.012647288851439953,0.5000605583190918,0.37891364097595215,-0.024328475818037987,0.497846782207489,0.294496089220047,-0.04157516732811928,0.4969494342803955,0.22338229417800903,-0.05674786493182182,0.5640329718589783,0.5235308408737183,-0.023536572232842445,0.5594107508659363,0.3897225856781006,-0.03614399954676628,0.5576295256614685,0.30834272503852844,-0.05207143723964691,0.5562001466751099,0.23972457647323608,-0.06541474163532257,0.6167210936546326,0.5508177876472473,-0.03914047032594681,0.6145656108856201,0.4471605122089386,-0.049587082117795944,0.613556981086731,0.381914883852005,-0.055325739085674286,0.6139774322509766,0.3267139494419098,-0.06164705753326416,B
0.7104357481002808,0.8873132467269897,5.71943871818803e-07,0.6420751810073853,0.8486605286598206,-0.029029373079538345,0.5991645455360413,0.7565164566040039,-0.039903443306684494,0.6264048218727112,0.6684053540229797,-0.04949101433157921,0.6810845136642456,0.65108323097229,-0.05788601562380791,0.5891793966293335,0.6161783933639526,0.002621663501486182,0.5779184699058533,0.5131984353065491,-0.004910261835902929,0.5758142471313477,0.4534994959831238,-0.018245236948132515,0.5761923789978027,0.4022332727909088,-0.03095468133687973,0.6325638890266418,0.5979235172271729,0.002766496269032359,0.6227680444717407,0.4875916838645935,0.00018811720656231046,0.6220043897628784,0.4247685670852661,-0.010187678039073944,0.6211079955101013,0.3707732856273651,-0.019818510860204697,0.6760294437408447,0.601756751537323,-0.00284378114156425,0.6704025268554688,0.500153660774231,-0.00627743499353528,0.6672011613845825,0.43859291076660156,-0.013889188878238201,0.6643582582473755,0.38569942116737366,-0.021380262449383736,0.7200466394424438,0.6203795671463013,-0.013212104327976704,0.7137004733085632,0.539108157157898,-0.015510539524257183,0.710708737373352,0.489834725856781,-0.01544263307005167,0.7095245122909546,0.4446268081665039,-0.017038501799106598,B
0.8362097144126892,0.6572232246398926,7.884840869110121e-08,0.7348230481147766,0.6437326669692993,0.006256408989429474,0.6452904343605042,0.5991003513336182,0.0041280947625637054,0.5766517519950867,0.5833255052566528,-0.008846601471304893,0.5153272151947021,0.5626931190490723,-0.021058086305856705,0.6536701917648315,0.4046379625797272,0.0573466494679451,0.6065542101860046,0.30402064323425293,0.04380450025200844,0.5667919516563416,0.2730185389518738,0.021875465288758278,0.5291350483894348,0.2659764587879181,0.005712166894227266,0.6803432703018188,0.3833158612251282,0.03169871121644974,0.6284415125846863,0.2650686800479889,0.016683774068951607,0.5788371562957764,0.23553557693958282,-0.006323103792965412,0.535104513168335,0.24564749002456665,-0.02161134034395218,0.712315559387207,0.3748733699321747,-0.0009119731839746237,0.6624292135238647,0.25426429510116577,-0.01552329771220684,0.6090993285179138,0.22415098547935486,-0.030677033588290215,0.5617867708206177,0.2303118258714676,-0.04025217518210411,0.7467416524887085,0.37865227460861206,-0.035640981048345566,0.7021617293357849,0.2834247946739197,-0.048344701528549194,0.6568177342414856,0.2447766810655594,-0.05701467767357826,0.6119289994239807,0.2289053052663803,-0.06279687583446503,C
0.8362295627593994,0.6558678150177002,6.007969233223776e-08,0.7347102165222168,0.6432189345359802,0.007018429227173328,0.6440262794494629,0.5984559655189514,0.0061484104953706264,0.5761686563491821,0.5803321003913879,-0.005304069258272648,0.515192985534668,0.5622372627258301,-0.01633388176560402,0.6500659584999084,0.4043591022491455,0.05882573872804642,0.6004336476325989,0.31065604090690613,0.04854695871472359,0.560519814491272,0.28085488080978394,0.028208674862980843,0.5216870307922363,0.2716463506221771,0.012115765362977982,0.6770660877227783,0.38159623742103577,0.03341883420944214,0.6234560012817383,0.27112704515457153,0.021986154839396477,0.5760166049003601,0.24154573678970337,0.0004061052168253809,0.5336958765983582,0.24826063215732574,-0.014957898296415806,0.710049569606781,0.3732243776321411,0.0012643869267776608,0.6595319509506226,0.2582271099090576,-0.01102853287011385,0.607996940612793,0.22727927565574646,-0.025260113179683685,0.5615360140800476,0.22962597012519836,-0.035233449190855026,0.7463743686676025,0.378216028213501,-0.0329335518181324,0.701727569103241,0.2862612307071686,-0.04423325136303902,0.6580749154090881,0.24931560456752777,-0.051852528005838394,0.6143569350242615,0.23292629420757294,-0.057556554675102234,C
0.81449955701828,0.6791971325874329,-4.2743618422491636e-08,0.7134350538253784,0.662109375,0.003894202411174774,0.6259865164756775,0.6208946704864502,-0.005010977853089571,0.5570470094680786,0.6048555970191956,-0.02480623871088028,0.49737977981567383,0.585811197757721,-0.043146103620529175,0.6314225196838379,0.4287770390510559,0.047407202422618866,0.5790489315986633,0.33219823241233826,0.021042006090283394,0.5380038022994995,0.3196135461330414,-0.008884559385478497,0.5071405172348022,0.3326064944267273,-0.027328727766871452,0.6569846272468567,0.4082348644733429,0.021258747205138206,0.6018068790435791,0.28846219182014465,-0.0044737146236002445,0.550761342048645,0.2710745632648468,-0.03083791211247444,0.5129400491714478,0.29308223724365234,-0.045819833874702454,0.6881294250488281,0.4009890854358673,-0.012360168620944023,0.6382200121879578,0.27659714221954346,-0.03132738545536995,0.5829249620437622,0.25080370903015137,-0.04492946341633797,0.5400673151016235,0.26221543550491333,-0.05216314643621445,0.7230826020240784,0.40760165452957153,-0.04846589267253876,0.6807919144630432,0.3085290193557739,-0.0609944611787796,0.6342487335205078,0.2700120806694031,-0.0677500069141388,0.5898532867431641,0.2568400502204895,-0.07164095342159271,C
0.8119246959686279,0.7104431390762329,-6.392272666744248e-08,0.7160897254943848,0.6912076473236084,0.0029485542327165604,0.631229817867279,0.644080638885498,-0.0065377866849303246,0.5633407235145569,0.6260188221931458,-0.026686232537031174,0.5044339895248413,0.6091776490211487,-0.04560712352395058,0.6435938477516174,0.45537206530570984,0.04251899942755699,0.5965896844863892,0.3519597053527832,0.013998394832015038,0.552955687046051,0.33294713497161865,-0.0166621170938015,0.5177222490310669,0.3440118730068207,-0.03537798300385475,0.6692583560943604,0.4399256706237793,0.016593726351857185,0.6180281639099121,0.3170050084590912,-0.012812433764338493,0.5640289783477783,0.3022722601890564,-0.04007003828883171,0.5214476585388184,0.32990705966949463,-0.054828353226184845,0.6992114186286926,0.4358385503292084,-0.016568535938858986,0.6517847776412964,0.31019285321235657,-0.03879714757204056,0.5927923321723938,0.29099464416503906,-0.053958456963300705,0.5468792915344238,0.3113468587398529,-0.06102951243519783,0.7316142916679382,0.4432222247123718,-0.052061256021261215,0.6867051124572754,0.34911230206489563,-0.06635337322950363,0.6398353576660156,0.31419676542282104,-0.07422763109207153,0.5972041487693787,0.3056463897228241,-0.07828235626220703,C
0.8201271295547485,0.6937878727912903,8.315110733292386e-08,0.7256751656532288,0.6779705286026001,0.0011971521889790893,0.6425166726112366,0.6335557103157043,-0.005371526814997196,0.5769054889678955,0.6165481805801392,-0.021410340443253517,0.5191968679428101,0.5980902910232544,-0.03636506199836731,0.6510795950889587,0.44563859701156616,0.04276011884212494,0.6069786548614502,0.3461139500141144,0.024874882772564888,0.5690124034881592,0.3159375786781311,0.0022896230220794678,0.5352412462234497,0.30737704038619995,-0.013616078533232212,0.6764607429504395,0.428742915391922,0.019364960491657257,0.6292964220046997,0.31176668405532837,8.034885831875727e-05,0.5793112516403198,0.28426557779312134,-0.021592585369944572,0.5359853506088257,0.2927425503730774,-0.03511872887611389,0.706784725189209,0.42411118745803833,-0.01086789183318615,0.6605477929115295,0.30442941188812256,-0.027406712993979454,0.6071112155914307,0.2757788300514221,-0.0406503826379776,0.562321126461029,0.2821749150753021,-0.04831280931830406,0.7388016581535339,0.43123120069503784,-0.04364313930273056,0.6956743001937866,0.33798280358314514,-0.0570809580385685,0.6509108543395996,0.299452006816864,-0.06529413163661957,0.6080945134162903,0.2841099500656128,-0.07029902189970016,C
0.8147500157356262,0.6934275031089783,8.971007048330648e-08,0.7209863662719727,0.6771101951599121,0.0039038583636283875,0.6381992101669312,0.6349945664405823,0.00025622875546105206,0.5737447738647461,0.6159478425979614,-0.012917508371174335,0.517155110836029,0.5940557718276978,-0.025270413607358932,0.6493406891822815,0.4503607451915741,0.04924255236983299,0.6045413613319397,0.35735654830932617,0.036732371896505356,0.5677973031997681,0.3272525668144226,0.01704556494951248,0.5333705544471741,0.3165931701660156,0.0022259047254920006,0.6748554110527039,0.4312148690223694,0.0260708536952734,0.6268020868301392,0.3231084942817688,0.013225860893726349,0.5805366635322571,0.29275915026664734,-0.006094655022025108,0.5388073921203613,0.2948124408721924,-0.019562602043151855,0.7052740454673767,0.42437562346458435,-0.003722219495102763,0.6596078276634216,0.31185436248779297,-0.016763292253017426,0.610325813293457,0.280862957239151,-0.02870044857263565,0.5666165351867676,0.28137123584747314,-0.036596160382032394,0.738013744354248,0.4289727807044983,-0.035725925117731094,0.6974857449531555,0.3394346535205841,-0.047292377799749374,0.656636655330658,0.3018036186695099,-0.053998153656721115,0.6157485842704773,0.2847766578197479,-0.058511827141046524,C
0.39309555292129517,0.7239709496498108,-8.700664722027796e-08,0.30314111709594727,0.7169869542121887,0.06057603284716606,0.2512745261192322,0.6764556169509888,0.07606702297925949,0.20316998660564423,0.6727558374404907,0.07410864531993866,0.15828675031661987,0.669695258140564,0.06839817017316818,0.30266866087913513,0.5074847936630249,0.06415645033121109,0.2544792890548706,0.4115799069404602,0.06760142743587494,0.20929670333862305,0.36995190382003784,0.06716852635145187,0.17073136568069458,0.341979056596756,0.06424392014741898,0.3108808696269989,0.4986277222633362,0.017753930762410164,0.25239914655685425,0.3756195902824402,0.01841804012656212,0.19204974174499512,0.34199056029319763,0.01688355952501297,0.15151020884513855,0.33282431960105896,0.012877498753368855,0.30216097831726074,0.5138532519340515,-0.02782767452299595,0.23564673960208893,0.3975764513015747,-0.0321342870593071,0.1716328263282776,0.3847859501838684,-0.035474132746458054,0.12840712070465088,0.39419013261795044,-0.04006684571504593,0.27329695224761963,0.5424706339836121,-0.06917861104011536,0.21636119484901428,0.4540870487689972,-0.07720938324928284,0.169560968875885,0.43137967586517334,-0.0804002657532692,0.13185971975326538,0.42712754011154175,-0.08470414578914642,C
0.387859046459198,0.7178364992141724,-1.8280354652233655e-07,0.3003215193748474,0.7138823866844177,0.06153804436326027,0.2497028112411499,0.675290048122406,0.07687997072935104,0.20221680402755737,0.6709219217300415,0.07441719621419907,0.15740010142326355,0.6678907871246338,0.06833261251449585,0.30261608958244324,0.5059800744056702,0.06741225719451904,0.2524051368236542,0.4117029905319214,0.07209786772727966,0.2044658660888672,0.37625235319137573,0.07224230468273163,0.1653420627117157,0.3568221926689148,0.07013820856809616,0.30986204743385315,0.4970570206642151,0.0210409052670002,0.24817116558551788,0.37667661905288696,0.02182689681649208,0.18420173227787018,0.3566574454307556,0.020839598029851913,0.1442636251449585,0.3626505136489868,0.018340758979320526,0.29931631684303284,0.5118719935417175,-0.024424254894256592,0.23245790600776672,0.39337000250816345,-0.02643348090350628,0.16750618815422058,0.3846307098865509,-0.027713701128959656,0.1255977302789688,0.39881783723831177,-0.0306937787681818,0.2684537470340729,0.5402501225471497,-0.06579943746328354,0.2118402123451233,0.44901907444000244,-0.07061545550823212,0.1638437807559967,0.429588258266449,-0.07123077660799026,0.12681865692138672,0.4299498498439789,-0.07349834591150284,C
0.39014559984207153,0.7135055065155029,-1.428157929694862e-07,0.3008221387863159,0.7111392021179199,0.05317889153957367,0.2483784407377243,0.6712551116943359,0.06687819957733154,0.20048566162586212,0.666487455368042,0.0649513527750969,0.15625335276126862,0.663440465927124,0.06030401214957237,0.30008572340011597,0.5011085271835327,0.06197332590818405,0.24950703978538513,0.4104692041873932,0.06620503216981888,0.20070332288742065,0.37666094303131104,0.06658635288476944,0.16124951839447021,0.3576776385307312,0.06498996913433075,0.30859366059303284,0.490858256816864,0.020622599869966507,0.24764969944953918,0.37269458174705505,0.021647311747074127,0.18543367087841034,0.3478681445121765,0.020981894806027412,0.1450837254524231,0.3470217287540436,0.018832331523299217,0.29965758323669434,0.5049449801445007,-0.020544692873954773,0.23176351189613342,0.3901787996292114,-0.02404823713004589,0.16752898693084717,0.37809693813323975,-0.026774179190397263,0.12540023028850555,0.3881020247936249,-0.029927285388112068,0.2700941860675812,0.5337780714035034,-0.05809280276298523,0.21111635863780975,0.44414207339286804,-0.06414785981178284,0.16360272467136383,0.4224575161933899,-0.06578928232192993,0.12704280018806458,0.4202129542827606,-0.06827692687511444,C
0.9022353887557983,0.7422411441802979,1.011631400871238e-08,0.8147560954093933,0.7094227075576782,0.006161029916256666,0.7435761094093323,0.6609923243522644,-0.000821299443487078,0.688269853591919,0.6466415524482727,-0.01723279431462288,0.6385144591331482,0.6367931365966797,-0.03372696787118912,0.7643665671348572,0.4897489547729492,0.03576037287712097,0.7403407096862793,0.3936784267425537,0.013918357901275158,0.7064249515533447,0.3654269576072693,-0.010388609953224659,0.6726683378219604,0.3654281795024872,-0.0263799000531435,0.7954026460647583,0.47958147525787354,0.010449383407831192,0.7766143679618835,0.3583304286003113,-0.013240715488791466,0.7332237362861633,0.3386346697807312,-0.03459808602929115,0.6943004727363586,0.36112213134765625,-0.04650155082345009,0.8283545970916748,0.48434188961982727,-0.020575154572725296,0.8139235377311707,0.3599967360496521,-0.04229631647467613,0.7651922702789307,0.3396530747413635,-0.0560835599899292,0.7233893275260925,0.3583742082118988,-0.06219572573900223,0.858632504940033,0.5057588815689087,-0.052774205803871155,0.8287907838821411,0.42042994499206543,-0.06903012841939926,0.7871246933937073,0.3880208134651184,-0.07701551169157028,0.7485896944999695,0.379038542509079,-0.08087223768234253,C
0.8927907347679138,0.7282476425170898,2.2111985131800793e-08,0.7999321818351746,0.6924625039100647,0.017593426629900932,0.7281426787376404,0.6449947357177734,0.016666844487190247,0.6713957786560059,0.6330718994140625,0.0029297147411853075,0.6209775805473328,0.625800371170044,-0.0110580213367939,0.7500383853912354,0.4793715476989746,0.056931838393211365,0.7269750833511353,0.378822386264801,0.039531342685222626,0.6912999749183655,0.35326483845710754,0.017607800662517548,0.6569890379905701,0.35780006647109985,0.0032663040328770876,0.7768831849098206,0.4690331518650055,0.025573113933205605,0.7585873603820801,0.34333956241607666,0.00576169416308403,0.7130703926086426,0.3244856595993042,-0.014003804884850979,0.6745115518569946,0.3495175242424011,-0.02439742349088192,0.8056939840316772,0.47213214635849,-0.011799016036093235,0.7882086634635925,0.34748774766921997,-0.028867404907941818,0.7356353402137756,0.3294762969017029,-0.040762659162282944,0.6923216581344604,0.34925347566604614,-0.04571317136287689,0.8319255709648132,0.48949676752090454,-0.05013269558548927,0.8013327717781067,0.40282484889030457,-0.06200973689556122,0.7574507594108582,0.37210410833358765,-0.06819421797990799,0.7183432579040527,0.3645640015602112,-0.07103428989648819,C
0.885549008846283,0.7243960499763489,-1.576268893188626e-08,0.7986577153205872,0.6936357021331787,0.010486639104783535,0.7268095016479492,0.6467205882072449,0.004668674897402525,0.6685377955436707,0.6335994005203247,-0.012144334614276886,0.6171644926071167,0.6266932487487793,-0.029091408476233482,0.7494567632675171,0.4769931137561798,0.042509712278842926,0.7245157957077026,0.3781161904335022,0.0208730585873127,0.687597930431366,0.3512077331542969,-0.003536081174388528,0.6536626219749451,0.3536045253276825,-0.019582431763410568,0.7765122056007385,0.466165155172348,0.014354337938129902,0.7538737654685974,0.34256282448768616,-0.009356524795293808,0.7084876298904419,0.3245094418525696,-0.030949614942073822,0.6700283288955688,0.34833332896232605,-0.04282926768064499,0.8050305843353271,0.4689174294471741,-0.01958729885518551,0.7828797698020935,0.347950279712677,-0.03916951268911362,0.7313981056213379,0.3303753137588501,-0.052680227905511856,0.6888533234596252,0.3485027551651001,-0.05917373299598694,0.8314506411552429,0.4861951768398285,-0.05481204017996788,0.8007922172546387,0.4012055993080139,-0.06808175146579742,0.7584267854690552,0.3706543445587158,-0.07569704204797745,0.7199293971061707,0.36336958408355713,-0.08005905151367188,C
0.6220402717590332,0.3987451493740082,-9.276589452156259e-08,0.5401802659034729,0.39960694313049316,0.026566939428448677,0.47130265831947327,0.3707464933395386,0.03864259272813797,0.4175156354904175,0.363847553730011,0.03738456591963768,0.3710717558860779,0.35591551661491394,0.03560392186045647,0.47393056750297546,0.20880970358848572,0.07516545802354813,0.43163231015205383,0.13818319141864777,0.07767101377248764,0.39245927333831787,0.11604468524456024,0.06908643245697021,0.3568286597728729,0.11045417189598083,0.060838837176561356,0.48808524012565613,0.18457120656967163,0.045941662043333054,0.44196808338165283,0.09927423298358917,0.04882069304585457,0.3907620906829834,0.08017195761203766,0.04091944172978401,0.3484638035297394,0.08602781593799591,0.033648326992988586,0.5034934282302856,0.17275550961494446,0.011736488901078701,0.4596532881259918,0.0827447921037674,0.012073430232703686,0.4073363244533539,0.06379321217536926,0.007652172818779945,0.36587515473365784,0.07065558433532715,0.003045306308194995,0.5170425772666931,0.17085346579551697,-0.023408997803926468,0.4747130870819092,0.09766589105129242,-0.02517392300069332,0.4308817982673645,0.07469810545444489,-0.02640623226761818,0.39251506328582764,0.07217946648597717,-0.028348112478852272,C
0.6181813478469849,0.3973381519317627,-9.666210587511159e-08,0.5401424765586853,0.39890167117118835,0.021538345143198967,0.4691328704357147,0.36808639764785767,0.03135290741920471,0.41464588046073914,0.36103886365890503,0.029109591618180275,0.36912694573402405,0.3548022508621216,0.026837171986699104,0.47181904315948486,0.203970268368721,0.06681451201438904,0.42937716841697693,0.13184097409248352,0.06685182452201843,0.38959285616874695,0.10975340008735657,0.05723683163523674,0.3539777994155884,0.10575033724308014,0.04878325015306473,0.4869289994239807,0.18042567372322083,0.040066514164209366,0.4406838119029999,0.09429466724395752,0.04135512188076973,0.38969820737838745,0.07542318105697632,0.03395923599600792,0.34748998284339905,0.08250458538532257,0.027320129796862602,0.502537727355957,0.16780437529087067,0.008126222528517246,0.4577672779560089,0.0782458633184433,0.007706454489380121,0.40497905015945435,0.05920445919036865,0.00370985409244895,0.3635338842868805,0.06657657027244568,-0.00046736595686525106,0.515516996383667,0.16341763734817505,-0.025201711803674698,0.4727223515510559,0.09116329252719879,-0.02739032357931137,0.4286803603172302,0.06753920018672943,-0.028829745948314667,0.39037784934043884,0.06508035957813263,-0.030839646235108376,C
0.617554247379303,0.39037972688674927,-1.0995535149049829e-07,0.5392279028892517,0.3913450539112091,0.020414113998413086,0.46566319465637207,0.35762959718704224,0.028975456953048706,0.4077647924423218,0.3522654175758362,0.02536705508828163,0.3598170280456543,0.35008201003074646,0.021967856213450432,0.47194385528564453,0.19556142389774323,0.06721252202987671,0.43085479736328125,0.12294095754623413,0.06524877995252609,0.3903219401836395,0.1035347431898117,0.054028019309043884,0.3562774062156677,0.10283155739307404,0.04467177018523216,0.4886404573917389,0.17123959958553314,0.03988533467054367,0.44519728422164917,0.08027255535125732,0.0385272316634655,0.3929038643836975,0.06543007493019104,0.029677899554371834,0.3520314693450928,0.07857704162597656,0.022713452577590942,0.5052503347396851,0.15935994684696198,0.006968881003558636,0.4631926119327545,0.06420695781707764,0.004152266308665276,0.4081609845161438,0.049248531460762024,-0.0004802022594958544,0.3671225905418396,0.061330705881118774,-0.00448221480473876,0.5181388854980469,0.1571246087551117,-0.027378715574741364,0.47730258107185364,0.083828866481781,-0.03094707988202572,0.4320381283760071,0.06234671175479889,-0.033025287091732025,0.39375442266464233,0.06216377019882202,-0.03529851511120796,C
0.6190752983093262,0.3926764726638794,-9.439757064910737e-08,0.541191816329956,0.3901137113571167,0.015926683321595192,0.46941474080085754,0.35620009899139404,0.022058170288801193,0.4105556905269623,0.3490131199359894,0.017285242676734924,0.36197564005851746,0.3468599319458008,0.013037755154073238,0.47644728422164917,0.1947338879108429,0.05995294451713562,0.43404313921928406,0.12300948798656464,0.05615457147359848,0.3923235535621643,0.10081547498703003,0.0448497012257576,0.3567531704902649,0.09768436849117279,0.03579443693161011,0.4919660687446594,0.1706131100654602,0.035181399434804916,0.4475025236606598,0.07946491241455078,0.032808899879455566,0.3949015140533447,0.05986669659614563,0.024862008169293404,0.35183340311050415,0.06647023558616638,0.018527507781982422,0.5076489448547363,0.1588568389415741,0.004728084430098534,0.4660361111164093,0.06430886685848236,0.001363664516247809,0.41196563839912415,0.04312179982662201,-0.0028792968951165676,0.36951982975006104,0.04808028042316437,-0.006602496840059757,0.5200559496879578,0.1566484570503235,-0.027453619986772537,0.48183977603912354,0.08071337640285492,-0.03135066479444504,0.43815216422080994,0.053057312965393066,-0.03353168070316315,0.39965903759002686,0.04623129963874817,-0.03578514978289604,C
0.6766563653945923,0.970073401927948,-1.0322946053520354e-07,0.5933647155761719,0.9505820274353027,0.01699346862733364,0.5321216583251953,0.9185136556625366,0.011585704050958157,0.48645269870758057,0.9147456884384155,-0.00310608372092247,0.4459323585033417,0.9155029654502869,-0.01794775202870369,0.5593911409378052,0.781354546546936,0.028301825746893883,0.5171096920967102,0.7050294876098633,0.008426287211477757,0.4748542308807373,0.6957098841667175,-0.010725406929850578,0.4409972131252289,0.7089567184448242,-0.022874388843774796,0.5753039121627808,0.7770749926567078,0.0022172057069838047,0.5192131996154785,0.6827160716056824,-0.017455773428082466,0.470923513174057,0.6841880679130554,-0.03164508566260338,0.43764010071754456,0.7093544006347656,-0.03971095010638237,0.587416410446167,0.7904154658317566,-0.026939986273646355,0.5303134322166443,0.6985622048377991,-0.04054035618901253,0.4805537164211273,0.6933602094650269,-0.04648064449429512,0.44509997963905334,0.7094048261642456,-0.05023476108908653,0.5926899909973145,0.8200547695159912,-0.056007109582424164,0.5480509400367737,0.7620646357536316,-0.06368586421012878,0.5109754800796509,0.7408992648124695,-0.06604834645986557,0.4796035587787628,0.7294508218765259,-0.06832849234342575,C
0.6736341714859009,0.9681380987167358,-1.2415515016073186e-07,0.5920047760009766,0.9468668103218079,0.015577047131955624,0.5309967398643494,0.9160762429237366,0.009520847350358963,0.4844750761985779,0.911130964756012,-0.0055767628364264965,0.4433191418647766,0.9135369062423706,-0.021033545956015587,0.5622103214263916,0.777008593082428,0.02900666557252407,0.5174858570098877,0.7061804533004761,0.009006895124912262,0.4742601215839386,0.6974574327468872,-0.011597951874136925,0.4408344030380249,0.7115726470947266,-0.024547554552555084,0.5768418908119202,0.7732542157173157,0.004183923825621605,0.519135057926178,0.6816892623901367,-0.014769235625863075,0.46972891688346863,0.6834795475006104,-0.029603995382785797,0.4359537363052368,0.7088603973388672,-0.03810518980026245,0.58756023645401,0.7870317101478577,-0.023847604170441628,0.5291648507118225,0.6960529685020447,-0.03626595437526703,0.4784955680370331,0.6904832720756531,-0.04233306273818016,0.44348910450935364,0.7061949372291565,-0.04615480452775955,0.5906372666358948,0.8173916339874268,-0.05195647105574608,0.5442309379577637,0.7591498494148254,-0.05812446400523186,0.507256269454956,0.7383977770805359,-0.059507016092538834,0.47693294286727905,0.7269381284713745,-0.061079442501068115,C
0.6755144596099854,0.9653111100196838,-8.374066595706608e-08,0.5906842350959778,0.9441884756088257,0.017871741205453873,0.5302677750587463,0.9150363206863403,0.01413233857601881,0.4857898950576782,0.9138018488883972,0.0005208798684179783,0.4468177556991577,0.9141806960105896,-0.01338039431720972,0.5549226403236389,0.7801417708396912,0.03428545966744423,0.514931321144104,0.7036775350570679,0.015022188425064087,0.47374865412712097,0.6949443817138672,-0.004826052580028772,0.44199836254119873,0.7095187306404114,-0.017351984977722168,0.571250319480896,0.7750788331031799,0.007915058173239231,0.5207986235618591,0.6791484951972961,-0.010834035463631153,0.4725790321826935,0.6811683773994446,-0.026308294385671616,0.4392354190349579,0.7076267600059509,-0.03522825613617897,0.5855507850646973,0.7858719229698181,-0.021908551454544067,0.5338017344474792,0.6891795992851257,-0.03561512380838394,0.4830777645111084,0.6863060593605042,-0.04309734329581261,0.44745364785194397,0.7056307792663574,-0.04753768816590309,0.5943397283554077,0.812507152557373,-0.051569197326898575,0.5509939789772034,0.7538961172103882,-0.05953415855765343,0.5141984224319458,0.7353465557098389,-0.062024395912885666,0.4843232035636902,0.7266019582748413,-0.06398993730545044,C
0.6729862689971924,0.9620590806007385,-9.106457810048596e-08,0.5937823057174683,0.9440481662750244,0.017330335453152657,0.5326152443885803,0.9137601256370544,0.01461450383067131,0.4876336455345154,0.9100804924964905,0.0015259603969752789,0.4484398365020752,0.9089573621749878,-0.011629053391516209,0.5519306063652039,0.7764464616775513,0.03896218538284302,0.5166431069374084,0.7002761363983154,0.022797273471951485,0.477085679769516,0.6903382539749146,0.005116947926580906,0.4451422691345215,0.7018267512321472,-0.0064417277462780476,0.5672104358673096,0.7691693305969238,0.012943168170750141,0.5220534801483154,0.6744303703308105,-0.0022673725616186857,0.4753095209598541,0.6744846105575562,-0.01581854745745659,0.44209927320480347,0.6976152062416077,-0.024173537269234657,0.5801947116851807,0.7760838866233826,-0.016959164291620255,0.5346036553382874,0.6803321838378906,-0.02856716699898243,0.48423296213150024,0.6768291592597961,-0.03521634265780449,0.4486280679702759,0.6969440579414368,-0.0393650159239769,0.5879883766174316,0.797030508518219,-0.047109417617321014,0.5454791784286499,0.7338225245475769,-0.0529492013156414,0.5083163976669312,0.7160549163818359,-0.054585520178079605,0.4782704710960388,0.7124833464622498,-0.056261613965034485,C
0.7530092000961304,0.7967125773429871,4.043364398853555e-08,0.6768321394920349,0.7761663794517517,0.006501130759716034,0.6183654069900513,0.7358283400535583,0.006922989152371883,0.5747618079185486,0.7089797854423523,-0.0013571715680882335,0.5378637909889221,0.6802753210067749,-0.008878865279257298,0.631439208984375,0.5890381932258606,0.048282843083143234,0.6108985543251038,0.5080048441886902,0.03947750851511955,0.5838068127632141,0.4831373691558838,0.023306002840399742,0.5558943152427673,0.47927093505859375,0.011583914048969746,0.6525155305862427,0.5733458995819092,0.02929224632680416,0.6320677399635315,0.47949832677841187,0.019433019682765007,0.5956628918647766,0.4569494128227234,0.0027476814575493336,0.561637282371521,0.46553152799606323,-0.008172686211764812,0.6748684644699097,0.5699260234832764,0.004884086083620787,0.6564979553222656,0.4736129641532898,-0.003129689721390605,0.6178140640258789,0.4515168070793152,-0.013819970190525055,0.5841204524040222,0.4600949287414551,-0.020796634256839752,0.6974595785140991,0.5773642659187317,-0.021282201632857323,0.6756872534751892,0.502032458782196,-0.02789858728647232,0.6445152163505554,0.4722644090652466,-0.033320337533950806,0.6153117418289185,0.46259933710098267,-0.03690434619784355,C
0.7514057755470276,0.7951823472976685,5.5472032300940555e-08,0.6742579340934753,0.7743529677391052,0.004991040099412203,0.6120942831039429,0.7312759160995483,0.004538560286164284,0.5653877854347229,0.7059973478317261,-0.004442884586751461,0.5258362293243408,0.6803910732269287,-0.01250222884118557,0.6274474859237671,0.5850086212158203,0.04652296379208565,0.6077755689620972,0.5028257966041565,0.03629356622695923,0.5809129476547241,0.47853007912635803,0.0197735708206892,0.5533763766288757,0.4771326184272766,0.008107048459351063,0.6497684717178345,0.5697818994522095,0.027531936764717102,0.6303392052650452,0.47441133856773376,0.01641766168177128,0.5937110185623169,0.45221880078315735,0.0004934306489303708,0.5597813129425049,0.4636978209018707,-0.009334582835435867,0.6740175485610962,0.5676748752593994,0.0027521078009158373,0.6557069420814514,0.4699620008468628,-0.007337253540754318,0.6170007586479187,0.4494084417819977,-0.016903948038816452,0.5833779573440552,0.4610806107521057,-0.022230233997106552,0.6981461644172668,0.576969563961029,-0.02388959378004074,0.6757431030273438,0.5020020008087158,-0.03240937739610672,0.6441188454627991,0.4722690284252167,-0.03791383281350136,0.6142936944961548,0.4629359543323517,-0.04095775634050369,C
0.7462664246559143,0.7970702648162842,4.730491198756681e-08,0.6708932518959045,0.7771904468536377,0.002516730222851038,0.6107048988342285,0.7355915904045105,-0.00047340549645014107,0.5653207898139954,0.7122454047203064,-0.011444896459579468,0.5261440277099609,0.6860424280166626,-0.021429462358355522,0.6215753555297852,0.5894732475280762,0.03850078955292702,0.6012371778488159,0.5059714913368225,0.02441687136888504,0.5729401111602783,0.4821881651878357,0.00572629738599062,0.5446232557296753,0.48185309767723083,-0.006924549583345652,0.6435866951942444,0.5746867656707764,0.02042601816356182,0.6229507923126221,0.4790553152561188,0.006073195021599531,0.5847891569137573,0.45801109075546265,-0.01133680623024702,0.5500521063804626,0.4707321524620056,-0.022146150469779968,0.6672399640083313,0.5721334218978882,-0.0032495870254933834,0.6485888361930847,0.47292837500572205,-0.015154322609305382,0.6083148717880249,0.45249009132385254,-0.02571777254343033,0.5735980868339539,0.4647372364997864,-0.031831108033657074,0.6914970874786377,0.58071368932724,-0.02891388162970543,0.671845555305481,0.5029031038284302,-0.03902789577841759,0.6401808857917786,0.4727652370929718,-0.04539993405342102,0.6096739768981934,0.4652952253818512,-0.04895417392253876,C
0.7916055917739868,0.7941897511482239,-1.7406868835223577e-08,0.6541741490364075,0.7621375322341919,0.01888425089418888,0.5538899302482605,0.7095701694488525,0.018313923850655556,0.4802175462245941,0.6888843178749084,0.0005264889914542437,0.41251057386398315,0.6664554476737976,-0.0167483352124691,0.5619584918022156,0.4827994704246521,0.08240871131420135,0.5150989294052124,0.35271862149238586,0.05638867989182472,0.4644582271575928,0.32434213161468506,0.021862123161554337,0.41735249757766724,0.33674171566963196,-0.00048584811156615615,0.5934615731239319,0.45703157782554626,0.044162191450595856,0.5459287166595459,0.29922348260879517,0.015167769975960255,0.48064225912094116,0.27920472621917725,-0.01971648633480072,0.42687973380088806,0.3169249892234802,-0.039465732872486115,0.6296402812004089,0.44919177889823914,-0.0025577072519809008,0.5868233442306519,0.286895751953125,-0.024268129840493202,0.5166605114936829,0.26982709765434265,-0.044242024421691895,0.46005919575691223,0.30441975593566895,-0.05401862785220146,0.6717016100883484,0.45904091000556946,-0.05131176486611366,0.6283993124961853,0.33296072483062744,-0.06523146480321884,0.5699501633644104,0.2943844199180603,-0.07382939010858536,0.5166330337524414,0.29289475083351135,-0.07796081155538559,C
0.7837852835655212,0.8177773356437683,2.7960236792523574e-08,0.6456037163734436,0.7881156206130981,0.016306251287460327,0.5384582877159119,0.7296323180198669,0.01735060289502144,0.4579453468322754,0.6976204514503479,0.00213641207665205,0.38550737500190735,0.6697486639022827,-0.012019074521958828,0.5531505346298218,0.5042433738708496,0.0854325219988823,0.5039266347885132,0.37169405817985535,0.0635073259472847,0.45050114393234253,0.3385041356086731,0.03140772134065628,0.40149569511413574,0.34386420249938965,0.009748293086886406,0.5853743553161621,0.4744015336036682,0.04924590885639191,0.534806489944458,0.31932541728019714,0.024784112349152565,0.4648255407810211,0.2931193709373474,-0.007941625081002712,0.4062706232070923,0.3229895830154419,-0.027617299929261208,0.6228547692298889,0.46482589840888977,0.004185423254966736,0.5768271684646606,0.3038386404514313,-0.015351907350122929,0.5042312741279602,0.2819357216358185,-0.033620357513427734,0.4454982876777649,0.31101617217063904,-0.043454136699438095,0.6652799248695374,0.4727330803871155,-0.04320000112056732,0.6187485456466675,0.34901005029678345,-0.0568726472556591,0.5587261319160461,0.31017568707466125,-0.06497948616743088,0.5040647387504578,0.3057618737220764,-0.06920915096998215,C
0.7842099666595459,0.816942036151886,2.605445637016146e-08,0.6454049348831177,0.786339282989502,0.017568351700901985,0.5405997037887573,0.729033887386322,0.017595047131180763,0.461091011762619,0.7026685476303101,0.0009954345878213644,0.3889455795288086,0.6775395274162292,-0.014887809753417969,0.551934003829956,0.5017254948616028,0.0839415043592453,0.5035562515258789,0.36986252665519714,0.06123560667037964,0.45264768600463867,0.3375178575515747,0.029012048617005348,0.40501296520233154,0.3441322147846222,0.007608307059854269,0.5848432779312134,0.4755764901638031,0.04681522771716118,0.535348117351532,0.31884464621543884,0.021773066371679306,0.4690990447998047,0.2928338646888733,-0.010246945545077324,0.4134647846221924,0.3230598568916321,-0.028901485726237297,0.622806191444397,0.46894973516464233,0.001001938246190548,0.5770146250724792,0.30786389112472534,-0.018351061269640923,0.508111298084259,0.2841159999370575,-0.03545363247394562,0.45204153656959534,0.3106968104839325,-0.044226136058568954,0.6651370525360107,0.4791450500488281,-0.047049783170223236,0.6187331676483154,0.3558385372161865,-0.06007767468690872,0.5605151653289795,0.31414613127708435,-0.0672612413764,0.507624626159668,0.3056161105632782,-0.07070723921060562,C
0.6293877363204956,0.7571016550064087,9.040250148473206e-08,0.578272819519043,0.7493991255760193,-0.002909018425270915,0.5379278063774109,0.7307319641113281,-0.009080847725272179,0.5063301920890808,0.7189318537712097,-0.01960776001214981,0.47751930356025696,0.7091675400733948,-0.029177069664001465,0.5434767603874207,0.6255516409873962,0.017717115581035614,0.5308067202568054,0.5674320459365845,0.006561303976923227,0.511773407459259,0.5466829538345337,-0.005923339165747166,0.4947253465652466,0.5413122773170471,-0.014071165584027767,0.5574232339859009,0.6151665449142456,0.007420659996569157,0.5440866351127625,0.5443937182426453,-0.004217902198433876,0.5191198587417603,0.5297648310661316,-0.014262293465435505,0.4969628155231476,0.5349580645561218,-0.019646700471639633,0.5715934038162231,0.6109269261360168,-0.006788813974708319,0.5595124959945679,0.5374971628189087,-0.01625954732298851,0.5315464735031128,0.5220394134521484,-0.02173798158764839,0.5075783729553223,0.5278586149215698,-0.024048468098044395,0.5855069160461426,0.6145303249359131,-0.022742219269275665,0.5705491304397583,0.5618930459022522,-0.029840238392353058,0.5473723411560059,0.5417158603668213,-0.03315668925642967,0.5244728326797485,0.5359160900115967,-0.034530844539403915,C
0.630844235420227,0.7524005770683289,1.1506281794027018e-07,0.5804911851882935,0.7454776167869568,-0.00438791373744607,0.5407816171646118,0.7278777360916138,-0.01095189806073904,0.5089881420135498,0.7168681621551514,-0.021414225921034813,0.48027417063713074,0.7082228660583496,-0.030940907076001167,0.5468227863311768,0.6223602294921875,0.015604601241648197,0.5346358418464661,0.5642421841621399,0.004212975036352873,0.5157864093780518,0.5433560609817505,-0.008137375116348267,0.49945199489593506,0.537361741065979,-0.016059111803770065,0.5604082942008972,0.611436665058136,0.00643699336796999,0.5466707944869995,0.5409115552902222,-0.004570314195007086,0.5214636325836182,0.5237405896186829,-0.013927893713116646,0.49917587637901306,0.5257003307342529,-0.019166870042681694,0.5743619799613953,0.6068757176399231,-0.00674852030351758,0.561553955078125,0.5342389941215515,-0.016309812664985657,0.5333921313285828,0.5178589820861816,-0.021888665854930878,0.509257972240448,0.522383451461792,-0.024294616654515266,0.5879395604133606,0.6105265021324158,-0.021703314036130905,0.5724385976791382,0.5594672560691833,-0.028811626136302948,0.5497979521751404,0.5403504371643066,-0.03207482770085335,0.5272949934005737,0.5353766679763794,-0.03344292193651199,C
0.6377286911010742,0.751391589641571,8.73559358183229e-08,0.5870936512947083,0.7452475428581238,-0.003100277855992317,0.5463293790817261,0.7268812656402588,-0.008831704035401344,0.5150123238563538,0.7153019905090332,-0.019014829769730568,0.4869175851345062,0.7044552564620972,-0.02820560149848461,0.5499539375305176,0.6186575889587402,0.01889296993613243,0.5367527604103088,0.560024619102478,0.007265140302479267,0.5174486041069031,0.5417226552963257,-0.005687778815627098,0.5018275380134583,0.5393162369728088,-0.013830164447426796,0.5640690326690674,0.6070630550384521,0.008666765876114368,0.5497840046882629,0.53420090675354,-0.002992850262671709,0.5233278274536133,0.5202822685241699,-0.013718902133405209,0.5004493594169617,0.5257929563522339,-0.01950776018202305,0.5789268016815186,0.6022199988365173,-0.005675423424690962,0.565825879573822,0.5271493196487427,-0.015120837837457657,0.5362662076950073,0.5123012661933899,-0.021747663617134094,0.5118255615234375,0.518883228302002,-0.02487902343273163,0.5934140682220459,0.6061197519302368,-0.021778129041194916,0.5773881077766418,0.5535023808479309,-0.028546201065182686,0.5537137985229492,0.5339402556419373,-0.03236117959022522,0.5310071706771851,0.5283389687538147,-0.034254129976034164,C
0.6434407830238342,0.737188458442688,9.595240868520705e-08,0.5925188660621643,0.7328736186027527,-0.0026364349760115147,0.5514318943023682,0.7118300199508667,-0.008198906667530537,0.5201004147529602,0.6983599662780762,-0.018151460215449333,0.4917258024215698,0.6880288124084473,-0.02724328823387623,0.5573625564575195,0.5992222428321838,0.016894491389393806,0.5435769557952881,0.5408412218093872,0.006057909689843655,0.5216165781021118,0.5206539034843445,-0.0063160741701722145,0.5015668272972107,0.5152784585952759,-0.014567844569683075,0.5716708302497864,0.5887719988822937,0.006322717294096947,0.5559282302856445,0.5172830820083618,-0.004299594555050135,0.5272603631019592,0.5017931461334229,-0.013887880370020866,0.5025253295898438,0.5048750638961792,-0.019412610679864883,0.5859072208404541,0.5845311880111694,-0.008056174032390118,0.5720962285995483,0.5111271739006042,-0.016907673329114914,0.5400524139404297,0.4952448010444641,-0.022656850516796112,0.5129925608634949,0.49969834089279175,-0.025503449141979218,0.5998811721801758,0.587823212146759,-0.024200396612286568,0.5858334302902222,0.5326195359230042,-0.03090941160917282,0.5611311197280884,0.5129906535148621,-0.03413252532482147,0.537119448184967,0.5086416006088257,-0.03567391633987427,C
0.7283012866973877,0.7111414670944214,1.2425761042322847e-07,0.6604839563369751,0.7020813822746277,0.002125735627487302,0.6061859726905823,0.6785451769828796,-0.0020688220392912626,0.5644320249557495,0.6737011671066284,-0.01279282197356224,0.5279104709625244,0.6632685661315918,-0.023519672453403473,0.614218533039093,0.5391616821289062,0.0292388703674078,0.5953496098518372,0.4683137536048889,0.020118338987231255,0.5721140503883362,0.4424366354942322,0.006061674561351538,0.5477321743965149,0.4337063431739807,-0.004848205950111151,0.6340075731277466,0.5268749594688416,0.012410126626491547,0.6129401326179504,0.4430556297302246,0.002110048895701766,0.5823016166687012,0.4187989830970764,-0.012063361704349518,0.553474485874176,0.4195900559425354,-0.0217946395277977,0.6558406352996826,0.5253328680992126,-0.008828300051391125,0.6352375149726868,0.44052350521087646,-0.018729044124484062,0.601585865020752,0.41813457012176514,-0.029269978404045105,0.5703029036521912,0.4197618067264557,-0.036254219710826874,0.6770099401473999,0.5334863662719727,-0.03156064823269844,0.6536486148834229,0.4715958833694458,-0.04051413759589195,0.6247876882553101,0.44648757576942444,-0.04690896347165108,0.5962527990341187,0.43704748153686523,-0.0513441264629364,C
0.7273572683334351,0.7100843191146851,1.0245241810480366e-07,0.663149356842041,0.70118647813797,-0.000620405946392566,0.60960453748703,0.6784482598304749,-0.005889291875064373,0.5688358545303345,0.6722105741500854,-0.016547467559576035,0.5329536199569702,0.66290283203125,-0.02681579440832138,0.6173110008239746,0.5365414023399353,0.024952156469225883,0.5976905822753906,0.46847647428512573,0.01539257075637579,0.5744507908821106,0.44348323345184326,0.0010527570266276598,0.550122082233429,0.4346191883087158,-0.009939507581293583,0.636384129524231,0.523822009563446,0.010648764669895172,0.6146957278251648,0.44414493441581726,0.001707676681689918,0.5852693915367126,0.419647753238678,-0.011275747790932655,0.5570923686027527,0.4180627763271332,-0.020832588896155357,0.6578445434570312,0.5222673416137695,-0.008029632270336151,0.6376456618309021,0.4400094151496887,-0.01679491624236107,0.6063142418861389,0.4165406823158264,-0.02616199105978012,0.5763177275657654,0.4155084788799286,-0.03286036103963852,0.6791949272155762,0.5299777984619141,-0.028376098722219467,0.6578994393348694,0.46780914068222046,-0.036693211644887924,0.6304300427436829,0.44277727603912354,-0.04229482263326645,0.6018293499946594,0.4326539635658264,-0.04635458439588547,C
0.7372021079063416,0.7090516686439514,1.2179386033039918e-07,0.6724818348884583,0.7003443837165833,-0.004105881322175264,0.6188639402389526,0.6769908666610718,-0.011082964017987251,0.5769144296646118,0.6718959808349609,-0.022790785878896713,0.5404928922653198,0.6623200178146362,-0.03388813138008118,0.6256352663040161,0.5373870134353638,0.02082841284573078,0.6072240471839905,0.46688079833984375,0.008960695937275887,0.5847621560096741,0.44220590591430664,-0.006693500559777021,0.5616583824157715,0.43485814332962036,-0.017869913950562477,0.6452687978744507,0.5238680839538574,0.008415572345256805,0.6250863075256348,0.4427140951156616,-0.0018285380210727453,0.5975876450538635,0.41826826333999634,-0.014829788357019424,0.5715885162353516,0.41743242740631104,-0.023961883038282394,0.6673861742019653,0.5206571817398071,-0.00864094402641058,0.6482852697372437,0.437924861907959,-0.017626607790589333,0.6180638074874878,0.41413676738739014,-0.02643572725355625,0.588998556137085,0.41297608613967896,-0.03245963528752327,0.6902164220809937,0.526986837387085,-0.02772120200097561,0.6697191596031189,0.464341938495636,-0.03559078648686409,0.6425540447235107,0.4392606019973755,-0.0405481792986393,0.6143888235092163,0.4299033284187317,-0.04393613338470459,C
0.6038323640823364,0.6328654289245605,3.032664253055373e-08,0.5486186742782593,0.6645088791847229,0.006241030525416136,0.49216848611831665,0.6784285306930542,0.0021650432609021664,0.4542369842529297,0.7008593678474426,-0.009533061645925045,0.42132505774497986,0.7219284176826477,-0.020369673147797585,0.45107296109199524,0.5575650930404663,0.031019706279039383,0.4057060182094574,0.5093675255775452,0.017120901495218277,0.3718697428703308,0.5141880512237549,0.0006658887141384184,0.3498726487159729,0.5375775098800659,-0.009653636254370213,0.4603444039821625,0.536864161491394,0.012174224480986595,0.407831609249115,0.48225459456443787,0.0015640604542568326,0.367473304271698,0.49202144145965576,-0.008968951180577278,0.34315308928489685,0.5211513638496399,-0.01569320075213909,0.47230955958366394,0.5235242247581482,-0.011375580914318562,0.4195263981819153,0.46793660521507263,-0.018816037103533745,0.3785918653011322,0.47841599583625793,-0.02300426736474037,0.35280632972717285,0.5055555105209351,-0.025691546499729156,0.48545876145362854,0.5175943374633789,-0.036758940666913986,0.44193127751350403,0.4765010476112366,-0.04203568771481514,0.4056432545185089,0.4775550961494446,-0.04376758262515068,0.377692848443985,0.4932471811771393,-0.04480486363172531,C
0.6049999594688416,0.631158173084259,3.6214881760088247e-08,0.5479993224143982,0.6655004620552063,0.005866067484021187,0.49344319105148315,0.6791294813156128,0.002183222444728017,0.4560607671737671,0.6999673247337341,-0.009114515036344528,0.42233413457870483,0.7183372378349304,-0.019694315269589424,0.45155319571495056,0.5581454038619995,0.0325966514647007,0.4069432020187378,0.51251620054245,0.020321279764175415,0.3752429485321045,0.5146664381027222,0.004439795855432749,0.3531952202320099,0.5358787178993225,-0.005854841787368059,0.4601042866706848,0.5368115901947021,0.0146469222381711,0.4097311794757843,0.48691853880882263,0.0043492428958415985,0.37215694785118103,0.4968346953392029,-0.007443164940923452,0.3492973744869232,0.5280914306640625,-0.014937120489776134,0.4725838601589203,0.5227212309837341,-0.007785510271787643,0.4223467707633972,0.4703441560268402,-0.015337084420025349,0.3842354714870453,0.48136115074157715,-0.02016017585992813,0.36050891876220703,0.5104126930236816,-0.02290618233382702,0.48744702339172363,0.5162490606307983,-0.032011907547712326,0.44659432768821716,0.4746876358985901,-0.037523020058870316,0.4125942289829254,0.47388237714767456,-0.039524272084236145,0.38674917817115784,0.4881788492202759,-0.04034417122602463,C
0.605475902557373,0.6306567788124084,2.64716017994715e-08,0.5466231107711792,0.6653366684913635,0.009705434553325176,0.4936712384223938,0.6779357194900513,0.007792503573000431,0.45810410380363464,0.6962646245956421,-0.0024611905682832003,0.4254893362522125,0.7121774554252625,-0.012575198896229267,0.44866424798965454,0.5586397647857666,0.03476458415389061,0.40313050150871277,0.5116971135139465,0.02283121831715107,0.3701392114162445,0.5130844712257385,0.006957921199500561,0.34691542387008667,0.5336256623268127,-0.0036550327204167843,0.4570225775241852,0.5378305315971375,0.014515598304569721,0.4050624966621399,0.4853971004486084,0.003841628786176443,0.3649141192436218,0.49359941482543945,-0.008808625862002373,0.34026220440864563,0.5239218473434448,-0.017099857330322266,0.4703754484653473,0.5252645611763,-0.009820782579481602,0.41857966780662537,0.4713614583015442,-0.01713605225086212,0.3788880705833435,0.48021718859672546,-0.022793611511588097,0.35356593132019043,0.5075780153274536,-0.02672748453915119,0.4872061014175415,0.5199961066246033,-0.03561265766620636,0.446213960647583,0.4778841733932495,-0.04157338663935661,0.41048890352249146,0.4765009880065918,-0.04439028352499008,0.38237425684928894,0.4894856810569763,-0.04615592211484909,C
0.642488956451416,0.7798792123794556,1.2868189003256703e-07,0.6056197285652161,0.7122176289558411,0.0004730599466711283,0.5904140472412109,0.6480987071990967,-0.007393838372081518,0.5736612677574158,0.6046552062034607,-0.021241040900349617,0.562317430973053,0.5615258812904358,-0.03615112230181694,0.6846177577972412,0.5762618780136108,0.014390211552381516,0.7166140675544739,0.5169860124588013,0.0013860400067642331,0.7213816046714783,0.4774983823299408,-0.014639593660831451,0.7110723853111267,0.44657689332962036,-0.02620040252804756,0.7046302556991577,0.5930584669113159,-0.002489701611921191,0.7449557781219482,0.5248264074325562,-0.01758706383407116,0.7448511123657227,0.47825807332992554,-0.03454435244202614,0.7269008755683899,0.44594383239746094,-0.04576453939080238,0.7184418439865112,0.6162532567977905,-0.02269696071743965,0.7584894299507141,0.5512731671333313,-0.03530872240662575,0.7557004690170288,0.5044411420822144,-0.048422977328300476,0.7372171878814697,0.47216522693634033,-0.05713849887251854,0.7257028222084045,0.6450085639953613,-0.04412923753261566,0.7549344301223755,0.5903922319412231,-0.055269453674554825,0.7590063214302063,0.5461686849594116,-0.06374009698629379,0.7514001131057739,0.5102033615112305,-0.06970302015542984,C
0.64106684923172,0.7852761745452881,1.3859339276223182e-07,0.6074000597000122,0.7171614766120911,-0.0036729760468006134,0.5937932133674622,0.6485397815704346,-0.012749621644616127,0.5766949653625488,0.601726233959198,-0.02653651125729084,0.5630657076835632,0.5577667951583862,-0.04080287739634514,0.6860747337341309,0.5842854976654053,0.009586669504642487,0.7188928127288818,0.5240151286125183,-0.0048659127205610275,0.7235745191574097,0.48429208993911743,-0.021292008459568024,0.7140968441963196,0.4519609808921814,-0.0327712818980217,0.7054152488708496,0.6006075739860535,-0.004583835601806641,0.7465649843215942,0.5305119752883911,-0.019042538478970528,0.7493383288383484,0.48111075162887573,-0.03462116792798042,0.734698474407196,0.4452839493751526,-0.04532667249441147,0.7181013226509094,0.6241070628166199,-0.022417565807700157,0.7578607797622681,0.5572661757469177,-0.03517701104283333,0.7561948299407959,0.511094331741333,-0.047582242637872696,0.7391002178192139,0.47744280099868774,-0.05583394318819046,0.7242351174354553,0.6525086164474487,-0.041740745306015015,0.7535285949707031,0.59820556640625,-0.05311555415391922,0.7591578960418701,0.5537716746330261,-0.06166001409292221,0.753323495388031,0.5154985189437866,-0.06771841645240784,C
0.6929102540016174,0.6494452357292175,9.248984689236295e-09,0.6270584464073181,0.6395703554153442,0.00472403597086668,0.5781278014183044,0.617405116558075,-0.002465376164764166,0.5446023344993591,0.6059377193450928,-0.01750001683831215,0.5192612409591675,0.5871277451515198,-0.032246608287096024,0.5803877115249634,0.4813360869884491,0.02053775265812874,0.5605109333992004,0.40812334418296814,-0.0011160358553752303,0.5297219753265381,0.3920166492462158,-0.021494051441550255,0.5069870948791504,0.40273183584213257,-0.032795924693346024,0.5965446829795837,0.47028571367263794,0.0014199436409398913,0.5760297775268555,0.3785177171230316,-0.018153926357626915,0.5375732779502869,0.3685884475708008,-0.03185855224728584,0.5078877806663513,0.38721174001693726,-0.03824460878968239,0.6153372526168823,0.46993017196655273,-0.02207872085273266,0.596008837223053,0.3789973258972168,-0.03606573864817619,0.5532143115997314,0.3677103519439697,-0.043253351002931595,0.5212934613227844,0.3852962553501129,-0.04609264060854912,0.634880006313324,0.4823471009731293,-0.04713084548711777,0.6147392392158508,0.4155746102333069,-0.0569506473839283,0.5817821621894836,0.3939768075942993,-0.06119329109787941,0.5528131127357483,0.3920072913169861,-0.06263080984354019,C
0.6954769492149353,0.6491497159004211,9.306151405041874e-09,0.6316796541213989,0.6406646370887756,0.0007904947269707918,0.5777314901351929,0.6191235184669495,-0.008777954615652561,0.5370465517044067,0.6133854985237122,-0.025228386744856834,0.5037055611610413,0.6006832718849182,-0.04109010472893715,0.5801242589950562,0.4800894260406494,0.014839484356343746,0.5549809336662292,0.40373313426971436,-0.009145733900368214,0.5232492685317993,0.39083176851272583,-0.030529070645570755,0.5019300580024719,0.4051583409309387,-0.04206065461039543,0.5972161293029785,0.4701237678527832,-0.002582514425739646,0.5729302763938904,0.37535369396209717,-0.02364034205675125,0.533183753490448,0.3683047890663147,-0.03762536495923996,0.5045071840286255,0.3896332383155823,-0.04389793053269386,0.6171844601631165,0.47045785188674927,-0.02475990355014801,0.5939147472381592,0.37855660915374756,-0.03977872431278229,0.5492480397224426,0.37018752098083496,-0.04750956594944,0.5168931484222412,0.3889803886413574,-0.05070081353187561,0.6369532942771912,0.4834141731262207,-0.04868029057979584,0.6140744686126709,0.4204261898994446,-0.05957328900694847,0.5806578397750854,0.39927831292152405,-0.06501411646604538,0.5523605346679688,0.39559751749038696,-0.06724250316619873,C
0.7664050459861755,0.6681492328643799,6.135303465271136e-08,0.6957632899284363,0.6509957313537598,-0.007499974686652422,0.6365500688552856,0.6201225519180298,-0.024352556094527245,0.5882810950279236,0.6138195395469666,-0.04670875892043114,0.545589804649353,0.6109105348587036,-0.06853638589382172,0.643286406993866,0.4592944383621216,0.006067405920475721,0.625839114189148,0.3662036657333374,-0.02408098429441452,0.5982207655906677,0.3488404154777527,-0.05235527828335762,0.5736587047576904,0.3616262674331665,-0.06889431178569794,0.6706759333610535,0.44935521483421326,-0.011003000661730766,0.6547920107841492,0.33608630299568176,-0.04105614125728607,0.6197143793106079,0.324206680059433,-0.06347358226776123,0.5907930135726929,0.3508972227573395,-0.07448043674230576,0.7008879780769348,0.45215749740600586,-0.03308514878153801,0.6829004287719727,0.3427996039390564,-0.05405816808342934,0.6442725658416748,0.32721224427223206,-0.06630956381559372,0.6129082441329956,0.34482890367507935,-0.07155301421880722,0.7324770092964172,0.4691326916217804,-0.057378750294446945,0.7086682915687561,0.39327970147132874,-0.0707615464925766,0.6753851175308228,0.36378878355026245,-0.0773552805185318,0.644770085811615,0.3557486832141876,-0.08038399368524551,C
0.7673551440238953,0.672386109828949,5.0690811548292913e-08,0.6969296932220459,0.6576616168022156,-0.00947596039623022,0.636325478553772,0.6283773183822632,-0.026911448687314987,0.5880215764045715,0.6258813142776489,-0.04928254336118698,0.5469765663146973,0.6225205659866333,-0.07054433971643448,0.6405843496322632,0.4661208391189575,0.0011075582588091493,0.6192545294761658,0.369978666305542,-0.03223489224910736,0.5864262580871582,0.356659471988678,-0.061411257833242416,0.5608367323875427,0.37329280376434326,-0.07789718359708786,0.6664164662361145,0.4564480781555176,-0.015232292003929615,0.647020161151886,0.3390348255634308,-0.048056308180093765,0.6050339341163635,0.33313626050949097,-0.07042130827903748,0.5748083591461182,0.36540281772613525,-0.0806596577167511,0.6954431533813477,0.46107620000839233,-0.036937493830919266,0.6763442158699036,0.35018786787986755,-0.060375064611434937,0.6302460432052612,0.33940210938453674,-0.07434886693954468,0.5960056185722351,0.36115044355392456,-0.08010389655828476,0.7251287698745728,0.4812167286872864,-0.06090201437473297,0.7016069293022156,0.40706318616867065,-0.07660415023565292,0.6642956733703613,0.3787674307823181,-0.08572282642126083,0.6320937871932983,0.3710721433162689,-0.09010394662618637,C
0.7677270770072937,0.685475766658783,3.796715830617359e-08,0.6951906681060791,0.6694653034210205,-0.006493726279586554,0.6332638263702393,0.6399347186088562,-0.022543875500559807,0.5822823643684387,0.6382949948310852,-0.044190652668476105,0.5384707450866699,0.640538215637207,-0.06526269018650055,0.6401416063308716,0.47691071033477783,0.007471691817045212,0.6200690269470215,0.3834320902824402,-0.02172689512372017,0.5891729593276978,0.36670535802841187,-0.049312181770801544,0.5625362396240234,0.37912094593048096,-0.06589768081903458,0.6653392314910889,0.4669265151023865,-0.010167180560529232,0.6475450992584229,0.3530115485191345,-0.03845110535621643,0.6078155636787415,0.3411273956298828,-0.05986771732568741,0.5758364796638489,0.36709779500961304,-0.07105159014463425,0.6935977935791016,0.4709682762622833,-0.032955851405858994,0.6753528714179993,0.36079058051109314,-0.05260489881038666,0.6324012875556946,0.3437035083770752,-0.06525661051273346,0.5978286266326904,0.3596038222312927,-0.07165874540805817,0.7217481136322021,0.48940908908843994,-0.05795967951416969,0.6974267959594727,0.4151938557624817,-0.07089781761169434,0.6621444821357727,0.38415470719337463,-0.07861413061618805,0.629934549331665,0.3735889494419098,-0.08306676894426346,C
0.359724760055542,0.5827109217643738,-2.578716191692365e-07,0.27846965193748474,0.5873555541038513,0.05795156955718994,0.21675452589988708,0.5618317723274231,0.07284535467624664,0.16672882437705994,0.5632193088531494,0.06871876120567322,0.1214524358510971,0.5627732872962952,0.06278656423091888,0.25169074535369873,0.38952282071113586,0.09013837575912476,0.20118330419063568,0.31052738428115845,0.09256967902183533,0.15072748064994812,0.30270177125930786,0.0870935469865799,0.11811862140893936,0.31811749935150146,0.08347733318805695,0.25794878602027893,0.3746369779109955,0.0453060008585453,0.19375905394554138,0.27991819381713867,0.05082066357135773,0.13345620036125183,0.2837865948677063,0.049131933599710464,0.10094607621431351,0.31254664063453674,0.04713556170463562,0.2549936771392822,0.37851759791374207,-0.0017520129913464189,0.18909114599227905,0.2865699529647827,0.004057411570101976,0.13086459040641785,0.28725898265838623,0.008787236176431179,0.09839749336242676,0.31163129210472107,0.009595360606908798,0.24008554220199585,0.3949383497238159,-0.046797048300504684,0.1853884607553482,0.3243570327758789,-0.04219050332903862,0.14325234293937683,0.31167542934417725,-0.03547022491693497,0.11481916904449463,0.3192949891090393,-0.032357290387153625,C
0.8484392166137695,0.5961030721664429,9.749041396389657e-08,0.7791684865951538,0.5891476273536682,-0.01055365800857544,0.7181265950202942,0.5629852414131165,-0.023570505902171135,0.6719226241111755,0.554891049861908,-0.04021816700696945,0.6299256682395935,0.5452213883399963,-0.05585961788892746,0.717006504535675,0.4145931005477905,0.00801055133342743,0.6899933218955994,0.33417952060699463,-0.014018943533301353,0.662750244140625,0.31166449189186096,-0.036601658910512924,0.6365588903427124,0.31266170740127563,-0.05058317631483078,0.741007924079895,0.4012055993080139,-0.00285919476300478,0.7100198268890381,0.3174472153186798,-0.02162943221628666,0.6807578802108765,0.2961646020412445,-0.03937029466032982,0.6538295745849609,0.30201101303100586,-0.050136011093854904,0.7695786356925964,0.39718061685562134,-0.018543066456913948,0.7381641864776611,0.3144340515136719,-0.032852910459041595,0.7071583867073059,0.28972965478897095,-0.042159512639045715,0.6772787570953369,0.288226842880249,-0.04745936393737793,0.802378237247467,0.4032912254333496,-0.03663546219468117,0.777025043964386,0.33494535088539124,-0.04796671122312546,0.7487660050392151,0.3052540421485901,-0.05282057076692581,0.7189151048660278,0.29236307740211487,-0.05507649853825569,C
0.6504718661308289,0.3541314899921417,4.824633137445744e-08,0.5699908137321472,0.36607182025909424,-0.0004064003878738731,0.49629613757133484,0.35137757658958435,-0.006901157554239035,0.43463993072509766,0.3539677560329437,-0.02211674302816391,0.38130882382392883,0.35608699917793274,-0.03619755804538727,0.48787182569503784,0.1732780486345291,0.04320039227604866,0.4408438801765442,0.10269863903522491,0.029437540099024773,0.3988366723060608,0.08712834119796753,0.009534808807075024,0.36438247561454773,0.09360149502754211,-0.004521195311099291,0.5042319297790527,0.14670008420944214,0.024033771827816963,0.45167216658592224,0.06070972979068756,0.011833645403385162,0.39961954951286316,0.04866471886634827,-0.004265226889401674,0.358165442943573,0.0646572858095169,-0.0150812529027462,0.5247448086738586,0.13210000097751617,-0.001938031753525138,0.47238537669181824,0.0434190034866333,-0.013040396384894848,0.4193341135978699,0.03098730742931366,-0.02195221371948719,0.37845832109451294,0.0464688241481781,-0.027567772194743156,0.547370195388794,0.12808266282081604,-0.030696803703904152,0.5035441517829895,0.057981401681900024,-0.039092522114515305,0.460455983877182,0.03701622784137726,-0.043373651802539825,0.4217997193336487,0.03682053089141846,-0.04626297578215599,C
0.682888388633728,0.9116801023483276,-7.761989451182671e-08,0.590209424495697,0.8876012563705444,0.02088366448879242,0.5169224143028259,0.8605412244796753,0.007332914508879185,0.4587642550468445,0.8651541471481323,-0.0166951734572649,0.4139828681945801,0.8892195820808411,-0.04279157519340515,0.5519536733627319,0.6986919045448303,0.017676690593361855,0.49677297472953796,0.6153243780136108,-0.010827796533703804,0.44692346453666687,0.6091242432594299,-0.038073524832725525,0.40756404399871826,0.6331026554107666,-0.0552920363843441,0.5700057744979858,0.7005957365036011,-0.015703348442912102,0.4935629963874817,0.5879414081573486,-0.0445544496178627,0.43649598956108093,0.593720555305481,-0.06460263580083847,0.3952706754207611,0.6289876699447632,-0.07596676051616669,0.585014820098877,0.7270681262016296,-0.050823938101530075,0.5084503293037415,0.6127984523773193,-0.06792475283145905,0.4528813660144806,0.607772171497345,-0.07277502119541168,0.4131391644477844,0.6260908246040344,-0.0760292187333107,0.5908485651016235,0.7726737856864929,-0.08546867966651917,0.5387482047080994,0.7023888826370239,-0.09393475949764252,0.499618262052536,0.6722930073738098,-0.09384600073099136,0.46544644236564636,0.6478013396263123,-0.09481598436832428,C
0.8058216571807861,0.8003264665603638,-4.602463121727851e-08,0.6535265445709229,0.7639763355255127,0.030852260068058968,0.5459524393081665,0.7169163227081299,0.03131149709224701,0.46348053216934204,0.708366870880127,0.010413635522127151,0.3888440430164337,0.6793832778930664,-0.010867008939385414,0.550500750541687,0.48340147733688354,0.08768389374017715,0.4935378432273865,0.3441724181175232,0.05870109051465988,0.4305124878883362,0.31521663069725037,0.024733884260058403,0.37918728590011597,0.32891932129859924,0.0028828915674239397,0.5848575234413147,0.45939987897872925,0.03616216406226158,0.5292562246322632,0.2739841341972351,0.0010826619109138846,0.448220431804657,0.25916120409965515,-0.031236954033374786,0.3864111304283142,0.3010026812553406,-0.047456029802560806,0.6231727600097656,0.45805275440216064,-0.02437000907957554,0.5708287954330444,0.2695375680923462,-0.05264583230018616,0.48485779762268066,0.25106343626976013,-0.07125354558229446,0.42060357332229614,0.28462621569633484,-0.07900465279817581,0.6621692776679993,0.478976309299469,-0.0863240584731102,0.6000251173973083,0.3452991843223572,-0.10936475545167923,0.5251250267028809,0.30440154671669006,-0.12244958430528641,0.46029412746429443,0.2964213788509369,-0.12881064414978027,C
0.7817637324333191,0.7918202877044678,3.2903212598967e-08,0.6528013348579407,0.7641854882240295,0.017526837065815926,0.5537810325622559,0.7198885679244995,0.011704794131219387,0.47936657071113586,0.7199267148971558,-0.00988770741969347,0.41351091861724854,0.7050967216491699,-0.03142313286662102,0.5649572610855103,0.4960560202598572,0.06417351961135864,0.5192588567733765,0.3659539222717285,0.03798384591937065,0.4678606390953064,0.33830228447914124,0.006341252941638231,0.41985905170440674,0.34675344824790955,-0.014998945407569408,0.5976042747497559,0.47730520367622375,0.024418510496616364,0.5535287261009216,0.3152875304222107,-0.005525961983948946,0.4880092442035675,0.296578973531723,-0.03548891842365265,0.43461108207702637,0.3278287351131439,-0.052631378173828125,0.6329008340835571,0.47956857085227966,-0.02319805882871151,0.5916717648506165,0.3156448006629944,-0.046229392290115356,0.5214430689811707,0.2937260568141937,-0.06426849961280823,0.4643067419528961,0.31643447279930115,-0.07402510941028595,0.6674559712409973,0.5019794702529907,-0.07252608984708786,0.6147682070732117,0.3872697949409485,-0.0881904810667038,0.5537144541740417,0.3494248390197754,-0.097732774913311,0.49799320101737976,0.338085800409317,-0.10382070392370224,C
0.8021925687789917,0.8189560770988464,1.5248524221078696e-07,0.7075570225715637,0.8041461706161499,0.011484443210065365,0.6409377455711365,0.7754151821136475,0.004603529814630747,0.5885549783706665,0.7818522453308105,-0.013308062218129635,0.5420421957969666,0.7775105237960815,-0.03192279487848282,0.6445463299751282,0.5995994210243225,0.0383773110806942,0.6207031011581421,0.5015721917152405,0.02004184015095234,0.5879939198493958,0.4769725799560547,-0.0019264351576566696,0.5555095672607422,0.4820840060710907,-0.017039595171809196,0.6701594591140747,0.5878494381904602,0.009321890771389008,0.6487525701522827,0.46966552734375,-0.009769375436007977,0.6038231253623962,0.4489700198173523,-0.029328228905797005,0.5642182230949402,0.46607571840286255,-0.041654277592897415,0.6995290517807007,0.5902209281921387,-0.025055836886167526,0.6784336566925049,0.46844974160194397,-0.040845829993486404,0.6301690340042114,0.4459739327430725,-0.05341280251741409,0.5879138112068176,0.45728036761283875,-0.061319127678871155,0.7275470495223999,0.6067106127738953,-0.06064850464463234,0.6987751722335815,0.5208632946014404,-0.07372622191905975,0.65833580493927,0.4902830123901367,-0.08100193738937378,0.619986355304718,0.47945713996887207,-0.08568129688501358,C
0.7976961135864258,0.8229861259460449,-3.6100056277632575e-09,0.6928179264068604,0.7929911613464355,0.006813683547079563,0.6082005500793457,0.7438065409660339,-0.002790691563859582,0.5424887537956238,0.7387800216674805,-0.024088861420750618,0.48777085542678833,0.7129983901977539,-0.04493957757949829,0.6249035000801086,0.5340635776519775,0.04223773255944252,0.5898270606994629,0.4192262291908264,0.014760734513401985,0.5465224981307983,0.3954578936100006,-0.016335483640432358,0.503515362739563,0.4055086672306061,-0.03640604019165039,0.6537854075431824,0.5259771347045898,0.01307135634124279,0.6162042021751404,0.39122769236564636,-0.016812946647405624,0.5601640939712524,0.37357431650161743,-0.04707185551524162,0.5103663206100464,0.39796486496925354,-0.06439100205898285,0.6863416433334351,0.5310668349266052,-0.02251369319856167,0.650251030921936,0.39188891649246216,-0.044705308973789215,0.5896682143211365,0.3708573281764984,-0.06254663318395615,0.5377026796340942,0.3882783055305481,-0.0718752071261406,0.7207082509994507,0.5495879054069519,-0.05983152240514755,0.682685136795044,0.4453684687614441,-0.07412318885326385,0.6354726552963257,0.40610185265541077,-0.08239655941724777,0.5919036865234375,0.39125561714172363,-0.08675483614206314,C
0.7816485166549683,0.8197829723358154,1.784366787660474e-08,0.6747185587882996,0.7925167083740234,0.009800100699067116,0.5903031826019287,0.7444055676460266,0.002642944687977433,0.5276774764060974,0.7359359264373779,-0.01643092930316925,0.4727141857147217,0.7234659790992737,-0.0351724699139595,0.6053420305252075,0.5409017205238342,0.048726484179496765,0.575296938419342,0.42453533411026,0.023830125108361244,0.5352945923805237,0.40172070264816284,-0.005699096713215113,0.4960586726665497,0.41588616371154785,-0.024339135736227036,0.634713351726532,0.5282840132713318,0.01952972821891308,0.6025917530059814,0.39606428146362305,-0.0063500357791781425,0.5516807436943054,0.3772765100002289,-0.03543050214648247,0.5060876607894897,0.4033186435699463,-0.052202727645635605,0.6687352061271667,0.5286476612091064,-0.015950823202729225,0.6379538178443909,0.39266765117645264,-0.0350329764187336,0.5817320346832275,0.3712266683578491,-0.052355654537677765,0.5333133339881897,0.3905527591705322,-0.06160755455493927,0.7056756615638733,0.5421517491340637,-0.05298683047294617,0.6696778535842896,0.44183045625686646,-0.06436094641685486,0.6251406669616699,0.4049488306045532,-0.07123074680566788,0.5843230485916138,0.39365869760513306,-0.07490921765565872,C
0.7962887287139893,0.8945021629333496,7.001315793786489e-08,0.6762775182723999,0.8579097390174866,-0.0012345754075795412,0.5767179131507874,0.7958860397338867,-0.01965613290667534,0.49726051092147827,0.7874245047569275,-0.04956311360001564,0.4254242777824402,0.7865200042724609,-0.07852548360824585,0.5924249291419983,0.57168048620224,0.030794909223914146,0.5634658336639404,0.427459716796875,-0.011704754084348679,0.5146999955177307,0.3982815444469452,-0.05295586213469505,0.4696435034275055,0.4155452251434326,-0.07809756696224213,0.6286959052085876,0.5606038570404053,-0.0007900170749053359,0.5962985157966614,0.38903069496154785,-0.04652602970600128,0.5312579870223999,0.3675743043422699,-0.0831996500492096,0.4757702946662903,0.403282105922699,-0.10167527943849564,0.6701290011405945,0.566730260848999,-0.04023362323641777,0.6338340044021606,0.39695414900779724,-0.07476989179849625,0.5638270378112793,0.3736285865306854,-0.09625918418169022,0.5058510899543762,0.4005459249019623,-0.1050117090344429,0.7145357131958008,0.5914537906646729,-0.08218418806791306,0.6718508005142212,0.47202861309051514,-0.10394755750894547,0.6153364181518555,0.4257103204727173,-0.1154492199420929,0.5635262727737427,0.4110679626464844,-0.12064972519874573,C
0.8630329370498657,0.560640275478363,7.474372409888019e-08,0.7536183595657349,0.537854790687561,0.0034268959425389767,0.6638931632041931,0.49239128828048706,-0.0020781734492629766,0.5961810350418091,0.4727027416229248,-0.018587766215205193,0.5371932983398438,0.4492344260215759,-0.03475062549114227,0.6748055815696716,0.278484046459198,0.05667983740568161,0.6279312372207642,0.17504249513149261,0.03867937624454498,0.5881162285804749,0.14189140498638153,0.010456844232976437,0.5487297177314758,0.1349361389875412,-0.010094582103192806,0.7068256139755249,0.2544977068901062,0.030252261087298393,0.6596537232398987,0.1273851990699768,0.009660721756517887,0.6121779084205627,0.09563037753105164,-0.02057693526148796,0.5689293146133423,0.10653689503669739,-0.040706537663936615,0.7438746094703674,0.24841472506523132,-0.003631769912317395,0.7028605341911316,0.11583368480205536,-0.021399224177002907,0.6499190330505371,0.08348938822746277,-0.04213257506489754,0.60233074426651,0.0917588472366333,-0.05562533065676689,0.7852269411087036,0.25924795866012573,-0.039884500205516815,0.7478624582290649,0.15136229991912842,-0.05402572453022003,0.7018793225288391,0.10978090763092041,-0.06526599824428558,0.6543064713478088,0.09501484036445618,-0.07343412190675735,C
0.9229131937026978,0.932280421257019,7.495599163576117e-08,0.8202521204948425,0.9213502407073975,-0.01691950485110283,0.7329300045967102,0.8694347143173218,-0.04747340828180313,0.6628031730651855,0.8568057417869568,-0.08402618020772934,0.5943628549575806,0.8605375289916992,-0.12097426503896713,0.7462234497070312,0.6453127861022949,-0.016446653753519058,0.7093623876571655,0.5028023719787598,-0.07021123170852661,0.6616026163101196,0.47719278931617737,-0.11736515164375305,0.619276225566864,0.49455517530441284,-0.1452837884426117,0.7894601821899414,0.6365095376968384,-0.04148560017347336,0.7614004015922546,0.4651217758655548,-0.09649573266506195,0.70314621925354,0.45205655694007874,-0.13728071749210358,0.6543413400650024,0.4899333715438843,-0.15878096222877502,0.8357199430465698,0.6481230854988098,-0.07273229956626892,0.8107838034629822,0.4859217405319214,-0.11276082694530487,0.7484750747680664,0.4629618525505066,-0.14013241231441498,0.695941150188446,0.4865274131298065,-0.15430213510990143,0.8838477730751038,0.6811939477920532,-0.10652843862771988,0.854548454284668,0.5692607164382935,-0.13366129994392395,0.8056431412696838,0.5217903852462769,-0.15064392983913422,0.7581052780151367,0.504338800907135,-0.1609766036272049,C
0.3849945664405823,0.45173195004463196,-2.022320799710542e-08,0.2901555895805359,0.44566014409065247,0.031533755362033844,0.2199556827545166,0.4113432765007019,0.04166586324572563,0.15882587432861328,0.3940250873565674,0.034802671521902084,0.10237162560224533,0.367205947637558,0.028269486501812935,0.2392471581697464,0.2203749120235443,0.10386445373296738,0.19668196141719818,0.13664034008979797,0.10678340494632721,0.1509532332420349,0.11387082934379578,0.09322308748960495,0.11609935015439987,0.11922693252563477,0.08314939588308334,0.25453877449035645,0.19707736372947693,0.06989772617816925,0.2091919481754303,0.09840625524520874,0.07776300609111786,0.15382608771324158,0.07975874841213226,0.06705302745103836,0.1129753515124321,0.09219489991664886,0.05788643658161163,0.26996687054634094,0.1836037039756775,0.028958944603800774,0.22655656933784485,0.08319662511348724,0.03604273125529289,0.17287234961986542,0.0627889633178711,0.035533107817173004,0.13422739505767822,0.07443718612194061,0.03305373713374138,0.28411024808883667,0.17846497893333435,-0.013925276696681976,0.24777190387248993,0.0911637395620346,-0.008161456324160099,0.2038625180721283,0.06116834282875061,-0.0038967228028923273,0.16739867627620697,0.05848774313926697,-0.002164810663089156,C
0.3857787251472473,0.8325752019882202,-2.854358172044158e-07,0.2914435565471649,0.8301991820335388,0.03505760803818703,0.2254026234149933,0.7880150079727173,0.03583899140357971,0.1705956757068634,0.7798489332199097,0.02239776775240898,0.12041454762220383,0.7811486721038818,0.007292488589882851,0.278154581785202,0.5958600640296936,0.0516522191464901,0.22086495161056519,0.5094159841537476,0.03893372789025307,0.163982093334198,0.49457186460494995,0.022062471136450768,0.12042306363582611,0.5071243047714233,0.011225933209061623,0.28926926851272583,0.5842679738998413,0.015311682596802711,0.2172987014055252,0.4742671847343445,0.005254155490547419,0.14695709943771362,0.47206777334213257,-0.005441729445010424,0.10390619188547134,0.5040229558944702,-0.012870839796960354,0.2853686809539795,0.5972873568534851,-0.023487472906708717,0.21441490948200226,0.4837726354598999,-0.025860298424959183,0.14734488725662231,0.4743521213531494,-0.027735520154237747,0.10631418228149414,0.4951585531234741,-0.031431615352630615,0.2648167312145233,0.6273541450500488,-0.061791982501745224,0.2095640003681183,0.5381227731704712,-0.06086620315909386,0.16317813098430634,0.5108540654182434,-0.05867155268788338,0.12790396809577942,0.505890965461731,-0.059387508779764175,C
0.8570416569709778,0.6352525949478149,8.109735460948286e-08,0.7734889388084412,0.6327389478683472,-0.0033164320047944784,0.7009724378585815,0.6078178882598877,-0.012242721393704414,0.6461451053619385,0.5984996557235718,-0.027821531519293785,0.596143901348114,0.5896603465080261,-0.042392607778310776,0.6982640027999878,0.4387151896953583,0.030677536502480507,0.6592588424682617,0.35428398847579956,0.01152200810611248,0.6257709860801697,0.33575916290283203,-0.012188089080154896,0.5959118008613586,0.34226876497268677,-0.027784712612628937,0.7219892144203186,0.4192203879356384,0.014121687039732933,0.6791806221008301,0.32777804136276245,-0.004253078252077103,0.6399922370910645,0.3117472529411316,-0.026260068640112877,0.6076178550720215,0.32900503277778625,-0.04012785851955414,0.7516171336174011,0.41041436791419983,-0.008130878210067749,0.7102475166320801,0.31774020195007324,-0.022171247750520706,0.6684850454330444,0.3001667261123657,-0.0345955565571785,0.6327694654464722,0.3123064339160919,-0.042112961411476135,0.7869857549667358,0.4119516611099243,-0.032675601541996,0.7522859573364258,0.3356581926345825,-0.04324253275990486,0.7155835628509521,0.3075067102909088,-0.04967697709798813,0.6795427799224854,0.2996442914009094,-0.053509339690208435,C
0.9538350105285645,0.9312586188316345,5.501743061131492e-08,0.8530552387237549,0.9294909834861755,-0.008327482268214226,0.7678272128105164,0.8873258829116821,-0.034472718834877014,0.7003801465034485,0.8927176594734192,-0.06847511231899261,0.6324819922447205,0.9067402482032776,-0.10284169018268585,0.7745737433433533,0.6666586399078369,-0.0064872754737734795,0.7370043992996216,0.5317575335502625,-0.05546170845627785,0.6846121549606323,0.5129474401473999,-0.09782923012971878,0.6405868530273438,0.5345200896263123,-0.12249916046857834,0.8120542168617249,0.656641960144043,-0.033944498747587204,0.7787716388702393,0.48941904306411743,-0.08341480046510696,0.7126720547676086,0.4837542474269867,-0.11842671036720276,0.6625435948371887,0.5254430770874023,-0.13592034578323364,0.8544528484344482,0.6640428304672241,-0.06727544963359833,0.8220529556274414,0.5084962248802185,-0.1031385287642479,0.7508412599563599,0.49631792306900024,-0.1267225295305252,0.6951934695243835,0.5247749090194702,-0.13775116205215454,0.897952139377594,0.6915087103843689,-0.10268062353134155,0.860912561416626,0.5844683051109314,-0.12650340795516968,0.8047565817832947,0.5474650859832764,-0.14102105796337128,0.7537330389022827,0.5368618369102478,-0.1491054892539978,C
0.869936466217041,0.5136346817016602,1.8023368397734885e-07,0.7657915949821472,0.5141814947128296,0.001898355782032013,0.6787322163581848,0.48714974522590637,-0.0009677786729298532,0.6127951741218567,0.4755602777004242,-0.01315082237124443,0.5534608364105225,0.46393701434135437,-0.025706259533762932,0.6753532886505127,0.27675744891166687,0.056682318449020386,0.6285345554351807,0.18270736932754517,0.048431411385536194,0.5933048725128174,0.1462584137916565,0.026568343862891197,0.557036817073822,0.13021254539489746,0.008121982216835022,0.7045542597770691,0.247328519821167,0.03405211865901947,0.6551189422607422,0.13983894884586334,0.023916469886898994,0.6116291880607605,0.10293498635292053,-0.0019656559452414513,0.5706914663314819,0.09847158193588257,-0.021895458921790123,0.7408953905105591,0.23443400859832764,0.004673303104937077,0.6926032304763794,0.12281005084514618,-0.00751533405855298,0.647325873374939,0.08785834908485413,-0.02616586722433567,0.6035352945327759,0.08336028456687927,-0.03988311067223549,0.7840049862861633,0.23669524490833282,-0.027033263817429543,0.7406301498413086,0.14108587801456451,-0.03994881361722946,0.6988651156425476,0.1023305207490921,-0.050067219883203506,0.6546679735183716,0.08387568593025208,-0.05791369825601578,C
0.8828997611999512,0.7480041980743408,-1.314481181680094e-07,0.7027356028556824,0.7365147471427917,0.05200021713972092,0.5880089998245239,0.7037767171859741,0.04886656999588013,0.5017123818397522,0.7159287929534912,0.017179042100906372,0.4159376621246338,0.6970840692520142,-0.018459197133779526,0.5863180756568909,0.43685033917427063,0.09019965678453445,0.5117769241333008,0.2894414961338043,0.046192049980163574,0.43752747774124146,0.2771327793598175,-0.0015778486849740148,0.3801867663860321,0.321607768535614,-0.032668739557266235,0.6311790943145752,0.4129848778247833,0.015515973791480064,0.5519576072692871,0.22188079357147217,-0.040190473198890686,0.4592377841472626,0.2339327037334442,-0.09095274657011032,0.39207231998443604,0.30696988105773926,-0.11921543627977371,0.6762093901634216,0.4106227457523346,-0.06695803254842758,0.6075749397277832,0.2179088592529297,-0.11006806790828705,0.5095655918121338,0.21668100357055664,-0.14121003448963165,0.4404902458190918,0.2717996835708618,-0.15797846019268036,0.7230610847473145,0.43220391869544983,-0.14890937507152557,0.6505590677261353,0.2941790521144867,-0.18631857633590698,0.5665637850761414,0.253160297870636,-0.209909126162529,0.4963424503803253,0.24997594952583313,-0.2245420217514038,C
0.9183343648910522,0.845770537853241,-1.565197749187064e-07,0.7208361625671387,0.8360076546669006,0.05640212446451187,0.5868435502052307,0.7762404680252075,0.05225730687379837,0.4856722354888916,0.7785887718200684,0.017713019624352455,0.3826735019683838,0.7885072827339172,-0.021383624523878098,0.5902009606361389,0.47529909014701843,0.09420155733823776,0.515235185623169,0.30070728063583374,0.042489100247621536,0.4314524531364441,0.27757468819618225,-0.013660934753715992,0.3665294349193573,0.3204948604106903,-0.0507928840816021,0.6434852480888367,0.4475576877593994,0.011220176704227924,0.5669651031494141,0.22054651379585266,-0.05181887745857239,0.4640657305717468,0.21924898028373718,-0.10721950978040695,0.39104175567626953,0.29458507895469666,-0.13891953229904175,0.6971681714057922,0.4472024440765381,-0.0803295224905014,0.6266537308692932,0.2241913080215454,-0.1286616027355194,0.5130860209465027,0.21131592988967896,-0.1640610247850418,0.43206164240837097,0.2644536793231964,-0.1844472736120224,0.7488653659820557,0.47496598958969116,-0.17150312662124634,0.6688566207885742,0.3177802562713623,-0.21240298449993134,0.5720564126968384,0.27160537242889404,-0.23889528214931488,0.4920116066932678,0.27090901136398315,-0.25677061080932617,C
0.6610249280929565,0.7838171720504761,2.0993169869143458e-08,0.6009712219238281,0.7685720324516296,-0.0009738286607898772,0.5519802570343018,0.7370918393135071,-0.006820397451519966,0.5133925676345825,0.7205886840820312,-0.018572567030787468,0.47820085287094116,0.7138009071350098,-0.02922699972987175,0.5590099692344666,0.6204556226730347,0.024502987042069435,0.545337438583374,0.5535155534744263,0.007843607105314732,0.5208492875099182,0.5379979014396667,-0.010233431123197079,0.49949657917022705,0.5442835092544556,-0.021183518692851067,0.5752793550491333,0.6100062727928162,0.01094562467187643,0.5622795224189758,0.5272320508956909,-0.00535019114613533,0.5295161008834839,0.5171111822128296,-0.019393762573599815,0.5022703409194946,0.5346584916114807,-0.02655750885605812,0.5937248468399048,0.6082721948623657,-0.007412033621221781,0.5828753113746643,0.5239049792289734,-0.020265735685825348,0.5461500287055969,0.5130335688591003,-0.028229855000972748,0.5168305039405823,0.5293025970458984,-0.0312055554240942,0.6130668520927429,0.6154193878173828,-0.02760275825858116,0.5978729724884033,0.5530828237533569,-0.035963233560323715,0.5686975717544556,0.5334033370018005,-0.0403362400829792,0.5418563485145569,0.5329649448394775,-0.04204342141747475,C
0.756877601146698,0.6826295256614685,-6.897249704707065e-08,0.6659069657325745,0.6840324401855469,0.010288096033036709,0.5892630815505981,0.6625546216964722,0.005509444512426853,0.5330127477645874,0.6604050993919373,-0.010751529596745968,0.4814017713069916,0.6566116213798523,-0.025963706895709038,0.579863429069519,0.49039825797080994,0.05143526941537857,0.5371901988983154,0.40105652809143066,0.029787523671984673,0.5001237392425537,0.3969030976295471,0.0030098878778517246,0.47296690940856934,0.42182135581970215,-0.013475693762302399,0.600168764591217,0.47176235914230347,0.025203168392181396,0.5525488257408142,0.3675559461116791,0.003379253437742591,0.5060287714004517,0.370699018239975,-0.020935917273163795,0.47581103444099426,0.4108928442001343,-0.03474592790007591,0.6241370439529419,0.4632453918457031,-0.007294068578630686,0.5785366892814636,0.3553928732872009,-0.022908469662070274,0.5268657207489014,0.35671466588974,-0.035955194383859634,0.49254342913627625,0.39234766364097595,-0.04258333891630173,0.6510791778564453,0.4658311605453491,-0.04158394783735275,0.6065621972084045,0.38722705841064453,-0.05097717419266701,0.5619251728057861,0.37272578477859497,-0.056423235684633255,0.5263822078704834,0.38401028513908386,-0.05917070433497429,C
0.8890379071235657,0.6806918978691101,1.8920635724839485e-08,0.7917517423629761,0.6658753156661987,0.0019503457006067038,0.7112038731575012,0.6294074654579163,-0.005466811824589968,0.6501758098602295,0.6175104975700378,-0.022609736770391464,0.593329906463623,0.6011133193969727,-0.03900051862001419,0.712855875492096,0.44776687026023865,0.047692254185676575,0.6678085923194885,0.3533031940460205,0.025733493268489838,0.6284691691398621,0.3339093327522278,-0.002988179214298725,0.5930098295211792,0.34206974506378174,-0.022032955661416054,0.7404778003692627,0.42850837111473083,0.024808665737509727,0.6911346316337585,0.32272642850875854,0.001864355755969882,0.6461206078529358,0.3058849573135376,-0.027400221675634384,0.6089358329772949,0.32730844616889954,-0.04547281563282013,0.7738615870475769,0.42192238569259644,-0.00476094800978899,0.7263056635856628,0.31607210636138916,-0.0229048952460289,0.6774840354919434,0.2989253103733063,-0.04047885537147522,0.6361268758773804,0.31551992893218994,-0.05050968378782272,0.8135396838188171,0.4270808696746826,-0.03648257255554199,0.770112931728363,0.3417806029319763,-0.049892473965883255,0.725740373134613,0.3134549558162689,-0.05887126922607422,0.6840909123420715,0.3085862100124359,-0.06418858468532562,C
0.7230739593505859,0.875939667224884,-6.229142002212029e-08,0.6263996958732605,0.790624737739563,0.05651223659515381,0.579071044921875,0.6874340176582336,0.09869404882192612,0.5440414547920227,0.6133090853691101,0.11850665509700775,0.5245913863182068,0.5381935238838196,0.1377420723438263,0.7037332057952881,0.5874765515327454,0.18465648591518402,0.7010020017623901,0.4898061156272888,0.22803930938243866,0.6791620850563049,0.4393836259841919,0.23195965588092804,0.6494673490524292,0.4078776240348816,0.22920456528663635,0.733748197555542,0.573786735534668,0.1482541561126709,0.73338782787323,0.4598504900932312,0.19088782370090485,0.6986958384513855,0.3964851498603821,0.17901375889778137,0.6601792573928833,0.37338000535964966,0.16614606976509094,0.7579253315925598,0.5650635361671448,0.10508721321821213,0.7596705555915833,0.44960570335388184,0.14194835722446442,0.723741888999939,0.38721781969070435,0.13459160923957825,0.684935986995697,0.36078402400016785,0.12400329113006592,0.7786500453948975,0.5620684623718262,0.06133654713630676,0.7818171381950378,0.45911097526550293,0.09036581218242645,0.7525339126586914,0.3985329270362854,0.09664459526538849,0.7155866026878357,0.3652365803718567,0.09699433296918869,C
0.6075897216796875,0.7696641087532043,2.6860195134759124e-07,0.6076335310935974,0.6244387030601501,0.05032789707183838,0.650065541267395,0.5203875303268433,0.0867413878440857,0.680597186088562,0.43827909231185913,0.10025355219841003,0.7136483788490295,0.36774885654449463,0.11115437746047974,0.7957967519760132,0.5950188636779785,0.18118926882743835,0.8610715866088867,0.5503504276275635,0.23151816427707672,0.896819531917572,0.5007734894752502,0.24386705458164215,0.9160388112068176,0.4526243209838867,0.2450963705778122,0.823354959487915,0.6286948323249817,0.14450494945049286,0.9043999314308167,0.5888586044311523,0.19543464481830597,0.9391161203384399,0.523091197013855,0.19366715848445892,0.9543201923370361,0.4699293375015259,0.18648004531860352,0.8409336805343628,0.6584122180938721,0.10005010664463043,0.9229838252067566,0.6235873699188232,0.1393166184425354,0.9559794664382935,0.5521935224533081,0.13673996925354004,0.9656198024749756,0.49173885583877563,0.1282745897769928,0.8488290309906006,0.6834204792976379,0.054073069244623184,0.9257922768592834,0.6493746638298035,0.08152123540639877,0.9557650685310364,0.5895129442214966,0.08840321004390717,0.9621554017066956,0.5328260660171509,0.08872769773006439,C
0.6860748529434204,0.6313603520393372,-2.8915662753092874e-08,0.5819928050041199,0.621465265750885,0.01479219738394022,0.4989338219165802,0.5916388034820557,0.008899260312318802,0.43085601925849915,0.5917735695838928,-0.011110696010291576,0.36974430084228516,0.5808219313621521,-0.030673064291477203,0.4884568154811859,0.39900079369544983,0.05781468749046326,0.43412789702415466,0.3074831962585449,0.03473888337612152,0.38359853625297546,0.29590940475463867,0.007703940384089947,0.3453381359577179,0.31205135583877563,-0.009502019733190536,0.5133017301559448,0.37441447377204895,0.023916278034448624,0.46293359994888306,0.2455797642469406,0.002682341495528817,0.401380330324173,0.23873178660869598,-0.01855825074017048,0.358905166387558,0.2763140797615051,-0.031336840242147446,0.5400441288948059,0.36636918783187866,-0.01757870800793171,0.49582868814468384,0.22757264971733093,-0.03496213257312775,0.4277273714542389,0.2205715924501419,-0.04691459983587265,0.38301903009414673,0.2572660744190216,-0.053363196551799774,0.5647269487380981,0.37552109360694885,-0.0610811784863472,0.5158383250236511,0.2789619565010071,-0.07497388869524002,0.45710402727127075,0.2555582523345947,-0.08306912332773209,0.40935152769088745,0.2649877071380615,-0.08780033141374588,C
0.9106581807136536,0.7339383959770203,-1.237689275512821e-07,0.7946858406066895,0.7016152143478394,0.01704583689570427,0.7103422284126282,0.6517244577407837,0.006496809422969818,0.645661473274231,0.6368523836135864,-0.02043461799621582,0.5830785036087036,0.6162576079368591,-0.04857141524553299,0.7310351729393005,0.44136884808540344,0.051453832536935806,0.697626531124115,0.3143681287765503,0.013031144626438618,0.6516908407211304,0.2968044579029083,-0.02899107150733471,0.61198490858078,0.3177667260169983,-0.05651725083589554,0.7679005265235901,0.4260367155075073,0.008622274734079838,0.7321547865867615,0.26865386962890625,-0.03708943724632263,0.6734695434570312,0.2616548240184784,-0.08109511435031891,0.629223644733429,0.30782365798950195,-0.10622161626815796,0.8065863251686096,0.42797091603279114,-0.04095879942178726,0.7748444676399231,0.2796560525894165,-0.07514028251171112,0.7091048955917358,0.26711511611938477,-0.10470838844776154,0.6585873365402222,0.30032724142074585,-0.12122579663991928,0.8488914370536804,0.4484761357307434,-0.0916360393166542,0.8124513030052185,0.3421599268913269,-0.11534494161605835,0.759509801864624,0.30751943588256836,-0.13295775651931763,0.7123172879219055,0.3042421042919159,-0.1447255164384842,C
0.7753179669380188,0.748515248298645,-3.829874728467075e-08,0.6901460886001587,0.7518705129623413,-0.027277199551463127,0.6038935780525208,0.7274899482727051,-0.04700218886137009,0.5355811715126038,0.7197853326797485,-0.06967619806528091,0.48567017912864685,0.7267913222312927,-0.09281782805919647,0.6118432879447937,0.5566592216491699,-0.02128511108458042,0.5792616605758667,0.4509459137916565,-0.054562896490097046,0.5570699572563171,0.3831343948841095,-0.0748690515756607,0.5398737192153931,0.3269764184951782,-0.08904577046632767,0.6643040776252747,0.5441649556159973,-0.029823631048202515,0.6453322172164917,0.4866253137588501,-0.08736646175384521,0.664973795413971,0.5812318921089172,-0.09650515764951706,0.6796078681945801,0.6293295621871948,-0.08803026378154755,0.7179161310195923,0.543523371219635,-0.04354409873485565,0.7070344090461731,0.5029520392417908,-0.09832706302404404,0.7144501209259033,0.5980052351951599,-0.08479960262775421,0.7171453237533569,0.6425544023513794,-0.06055837124586105,0.7702932357788086,0.5540661811828613,-0.05976424366235733,0.7608836889266968,0.5161270499229431,-0.09018753468990326,0.7551900744438171,0.5848087072372437,-0.07545924186706543,0.7516799569129944,0.6195133328437805,-0.056388698518276215,L
0.775570273399353,0.744776725769043,-2.945197508097408e-08,0.6927119493484497,0.752144992351532,-0.027955543249845505,0.6043651700019836,0.7292264699935913,-0.04852592945098877,0.5367108583450317,0.725004255771637,-0.07140113413333893,0.4879046082496643,0.7329316139221191,-0.09494788944721222,0.6148931980133057,0.553141713142395,-0.02693559043109417,0.5807622075080872,0.44532808661460876,-0.060890745371580124,0.5588406920433044,0.37790945172309875,-0.0815763995051384,0.5411385893821716,0.32029637694358826,-0.09625709056854248,0.6675775051116943,0.5401414632797241,-0.035487379878759384,0.646348237991333,0.48490625619888306,-0.09474103897809982,0.6652905941009521,0.5795566439628601,-0.10512184351682663,0.6803622245788574,0.6272783875465393,-0.09755874425172806,0.7211269736289978,0.5391003489494324,-0.04874933883547783,0.7084704637527466,0.5016774535179138,-0.10525306314229965,0.7165424227714539,0.5981839895248413,-0.09229595214128494,0.7196633219718933,0.642744779586792,-0.0683404877781868,0.773956298828125,0.5478941202163696,-0.06425785273313522,0.7609677314758301,0.5118651390075684,-0.09563957154750824,0.756027340888977,0.5825414657592773,-0.08050119876861572,0.7529606223106384,0.6178033351898193,-0.06111152097582817,L
0.7724665999412537,0.7405288219451904,-9.789981447738683e-08,0.6914486885070801,0.7455082535743713,-0.023933203890919685,0.6013078689575195,0.7193215489387512,-0.040943924337625504,0.5354756116867065,0.7126894593238831,-0.060508716851472855,0.4881021976470947,0.7183822989463806,-0.08081251382827759,0.61163729429245,0.5518628358840942,-0.023146159946918488,0.5776400566101074,0.4456027150154114,-0.05428260564804077,0.554749608039856,0.38197195529937744,-0.07299195230007172,0.5358905792236328,0.32786500453948975,-0.08657479286193848,0.6642507314682007,0.536516010761261,-0.03254464268684387,0.642212986946106,0.48073524236679077,-0.0885399803519249,0.6600494384765625,0.5739669799804688,-0.09779226779937744,0.676777720451355,0.6253330111503601,-0.09020786732435226,0.7181143164634705,0.534408450126648,-0.04631117731332779,0.7027005553245544,0.49640095233917236,-0.09976674616336823,0.70981365442276,0.5903304219245911,-0.08698588609695435,0.7155662178993225,0.6358176469802856,-0.06401876360177994,0.7715258598327637,0.5429565906524658,-0.06192964315414429,0.7559057474136353,0.5036934614181519,-0.09150458872318268,0.7502948045730591,0.5723314881324768,-0.07687787711620331,0.7496118545532227,0.6086989641189575,-0.058578066527843475,L
0.7701253294944763,0.743322491645813,-6.732279445031963e-08,0.6865969300270081,0.7501481771469116,-0.02550533600151539,0.5981419086456299,0.7243039608001709,-0.04239938408136368,0.5330208539962769,0.713396430015564,-0.06170440465211868,0.4865665137767792,0.7157304883003235,-0.08147234469652176,0.6107217073440552,0.5531569719314575,-0.021824698895215988,0.5783553123474121,0.4464377164840698,-0.05339345708489418,0.556934654712677,0.3806765675544739,-0.07325354963541031,0.5383450388908386,0.32508593797683716,-0.08766639977693558,0.6624329686164856,0.5408129692077637,-0.030682461336255074,0.6439897418022156,0.48286545276641846,-0.08817228674888611,0.660743236541748,0.5739066004753113,-0.09950267523527145,0.674238920211792,0.6250135898590088,-0.09290613979101181,0.7147655487060547,0.540454089641571,-0.04408076032996178,0.7041387557983398,0.49998289346694946,-0.09878240525722504,0.7106626629829407,0.5936941504478455,-0.08733940124511719,0.712791919708252,0.6396294832229614,-0.06474272161722183,0.7668208479881287,0.550516664981842,-0.05958683416247368,0.7566686868667603,0.5110042095184326,-0.09064050018787384,0.7508325576782227,0.5787308216094971,-0.07715865969657898,0.7467402815818787,0.6148579716682434,-0.05907114967703819,L
0.770588219165802,0.7497148513793945,-7.122248035784651e-08,0.6871147155761719,0.7536060810089111,-0.026390738785266876,0.5965258479118347,0.7260269522666931,-0.044193334877491,0.5275049805641174,0.72096848487854,-0.0647265613079071,0.4784267246723175,0.7309043407440186,-0.0858498364686966,0.6102465987205505,0.5547757148742676,-0.020894847810268402,0.5775167346000671,0.44685375690460205,-0.0521969348192215,0.5548348426818848,0.3812485635280609,-0.0704476609826088,0.5356589555740356,0.3272266387939453,-0.08351737260818481,0.6617076396942139,0.542460024356842,-0.02924218215048313,0.6427963376045227,0.4864259958267212,-0.08658157289028168,0.6616217494010925,0.5822200179100037,-0.09537860006093979,0.6756637096405029,0.6302230358123779,-0.08660857379436493,0.7139883637428284,0.5421880483627319,-0.04254188388586044,0.7029237747192383,0.504889190196991,-0.09759794920682907,0.7107794880867004,0.6006834506988525,-0.08485458046197891,0.7131246328353882,0.6423420906066895,-0.06110355257987976,0.7650032043457031,0.5521301031112671,-0.058017417788505554,0.7546502947807312,0.5148455500602722,-0.08826825767755508,0.7497025728225708,0.5842036008834839,-0.07393854111433029,0.7463802695274353,0.6172181963920593,-0.05544107407331467,L
0.7718055248260498,0.7466959357261658,-7.705834548232815e-08,0.6887755990028381,0.7520706057548523,-0.024782078340649605,0.6009862422943115,0.7254056930541992,-0.04205760732293129,0.5352743268013,0.715395450592041,-0.06214863061904907,0.48866426944732666,0.7207043170928955,-0.08295754343271255,0.6126320958137512,0.5546323657035828,-0.02149377018213272,0.579539954662323,0.44735249876976013,-0.0526038222014904,0.5579274892807007,0.3806900382041931,-0.0716320350766182,0.539086103439331,0.3256599009037018,-0.0853286162018776,0.664150595664978,0.5431258678436279,-0.03085286170244217,0.6439763307571411,0.48578161001205444,-0.0871652290225029,0.6611533761024475,0.5773888230323792,-0.0969361737370491,0.6746861338615417,0.6273153424263,-0.08925120532512665,0.7164534330368042,0.5429298281669617,-0.04474865272641182,0.7045373320579529,0.5036321878433228,-0.09847021102905273,0.7116430401802063,0.5971075892448425,-0.08605653047561646,0.7142763137817383,0.6411169171333313,-0.06295395642518997,0.7682522535324097,0.5527999401092529,-0.06075892969965935,0.7570839524269104,0.5138490796089172,-0.09053320437669754,0.7516963481903076,0.5816380381584167,-0.07600932568311691,0.7489096522331238,0.6161915063858032,-0.05737912654876709,L
0.7664784789085388,0.741733193397522,-5.771969568968416e-08,0.6849570274353027,0.7484883666038513,-0.025263110175728798,0.5959616899490356,0.7233280539512634,-0.042960990220308304,0.529236912727356,0.7179780602455139,-0.06325098127126694,0.48160964250564575,0.7255133390426636,-0.08418814837932587,0.6108484268188477,0.5526114106178284,-0.023347212001681328,0.5782677531242371,0.44358769059181213,-0.05529323220252991,0.555881917476654,0.37774181365966797,-0.07418515533208847,0.5372198820114136,0.32274797558784485,-0.08776623755693436,0.6623868346214294,0.5408312082290649,-0.0323203019797802,0.6441604495048523,0.4841110110282898,-0.08986431360244751,0.6620756387710571,0.5766497254371643,-0.09918446093797684,0.6753938794136047,0.6239477396011353,-0.09133781492710114,0.7142189145088196,0.5411138534545898,-0.04590423405170441,0.7044618129730225,0.5027322769165039,-0.10122427344322205,0.7118001580238342,0.5963681936264038,-0.0888042226433754,0.713253378868103,0.6378524303436279,-0.06559936702251434,0.7646753787994385,0.5513285994529724,-0.061455365270376205,0.755475640296936,0.5116727352142334,-0.0921490415930748,0.7503503561019897,0.5793843269348145,-0.07789624482393265,0.7460262775421143,0.6134754419326782,-0.05958666652441025,L
0.2767387628555298,0.766669511795044,-2.534129635023419e-07,0.20237989723682404,0.7670587301254272,-0.013513099402189255,0.1271887868642807,0.7363229990005493,-0.030828727409243584,0.06778250634670258,0.7259103059768677,-0.05376048386096954,0.02489320933818817,0.7416094541549683,-0.07794024795293808,0.16847558319568634,0.5473746061325073,-0.005024781916290522,0.1427885890007019,0.45103153586387634,-0.028193827718496323,0.1170242428779602,0.39486342668533325,-0.0419452078640461,0.09390842914581299,0.35378390550613403,-0.05334700644016266,0.20454834401607513,0.5302128195762634,-0.01831279881298542,0.1359466314315796,0.5112606883049011,-0.0632263720035553,0.1480829417705536,0.6027819514274597,-0.06864450871944427,0.17692837119102478,0.6486592292785645,-0.06042861565947533,0.24268147349357605,0.5283313393592834,-0.03554007411003113,0.1804746687412262,0.5345356464385986,-0.07610002160072327,0.1918725073337555,0.6191613674163818,-0.0614323653280735,0.21640744805335999,0.6536597609519958,-0.04042591527104378,0.28538474440574646,0.5382392406463623,-0.055013760924339294,0.23027178645133972,0.5456051230430603,-0.07588055729866028,0.2264687567949295,0.6110169291496277,-0.06149394437670708,0.2417977899312973,0.6425344347953796,-0.044959817081689835,L
0.27579185366630554,0.7685092687606812,-2.708864030864788e-07,0.20075277984142303,0.7722642421722412,-0.011937947943806648,0.12666642665863037,0.7433948516845703,-0.028165113180875778,0.06972221285104752,0.7329034209251404,-0.050276242196559906,0.027897998690605164,0.7483892440795898,-0.07385340332984924,0.1667356938123703,0.5520104765892029,-0.0029781360644847155,0.1391797959804535,0.4560997188091278,-0.025416258722543716,0.11305039376020432,0.40038833022117615,-0.0392279326915741,0.08984602987766266,0.359084814786911,-0.050731029361486435,0.20272086560726166,0.5335004925727844,-0.01675676740705967,0.13357031345367432,0.5155254602432251,-0.06073946878314018,0.14522597193717957,0.6065678000450134,-0.06658250093460083,0.174180805683136,0.6539021134376526,-0.05888591334223747,0.24036508798599243,0.5307785272598267,-0.034339066594839096,0.176906019449234,0.5374438762664795,-0.07462460547685623,0.1886967271566391,0.6227937340736389,-0.06069165840744972,0.21392789483070374,0.6597141623497009,-0.04015227034687996,0.2823641300201416,0.5403344631195068,-0.05398104712367058,0.2254064679145813,0.5482648015022278,-0.07541882246732712,0.22248315811157227,0.6144362092018127,-0.06159556284546852,0.2388174831867218,0.6476696133613586,-0.04528073966503143,L
0.2805488705635071,0.7663699388504028,-2.3024844608698913e-07,0.20482659339904785,0.7672146558761597,-0.008794811554253101,0.13244876265525818,0.7381953597068787,-0.02551489882171154,0.07549791038036346,0.7306959629058838,-0.04917468875646591,0.03290069103240967,0.7478576898574829,-0.07464296370744705,0.17447808384895325,0.5528322458267212,-0.001457463251426816,0.14906325936317444,0.45700979232788086,-0.0240806695073843,0.1223868727684021,0.3996305465698242,-0.037372950464487076,0.09858786314725876,0.35784387588500977,-0.04856245592236519,0.2086363583803177,0.5364715456962585,-0.017388567328453064,0.13841016590595245,0.5153864026069641,-0.061646971851587296,0.15140436589717865,0.6062862873077393,-0.06621366739273071,0.18251322209835052,0.6485980153083801,-0.057420600205659866,0.24559350311756134,0.5340741276741028,-0.03685479611158371,0.18212516605854034,0.535869836807251,-0.07498674094676971,0.195098415017128,0.6195229887962341,-0.058420486748218536,0.22204095125198364,0.648177981376648,-0.036989375948905945,0.28719383478164673,0.5428411960601807,-0.0583437904715538,0.23133736848831177,0.54804527759552,-0.07660232484340668,0.2303379774093628,0.6094235777854919,-0.06057986244559288,0.249925896525383,0.6328725814819336,-0.0436185784637928,L
0.28938573598861694,0.7650625705718994,-2.683849515960901e-07,0.2167884260416031,0.7665426135063171,-0.011511188931763172,0.1451646089553833,0.7351192831993103,-0.026618344709277153,0.09067635983228683,0.7254881858825684,-0.04750838130712509,0.04972712695598602,0.7414758801460266,-0.07002319395542145,0.18356385827064514,0.5495487451553345,-0.004181615076959133,0.1577541083097458,0.45212221145629883,-0.026198724284768105,0.134503573179245,0.39507895708084106,-0.04031023010611534,0.11365106701850891,0.3496279716491699,-0.05216967687010765,0.21998143196105957,0.5317378044128418,-0.017506763339042664,0.15651924908161163,0.5148071646690369,-0.06141319498419762,0.16787540912628174,0.603682279586792,-0.06861301511526108,0.19519323110580444,0.652920126914978,-0.062209662050008774,0.25776761770248413,0.5288082361221313,-0.034296419471502304,0.1979951411485672,0.5342851281166077,-0.07327637821435928,0.2085726261138916,0.6179437041282654,-0.060889385640621185,0.2317141890525818,0.656453013420105,-0.041838388890028,0.29989492893218994,0.5374754667282104,-0.05308638885617256,0.2462933361530304,0.5434249639511108,-0.07255508750677109,0.24247506260871887,0.6062860488891602,-0.05922570079565048,0.25664180517196655,0.6387925744056702,-0.04371108487248421,L
0.298028826713562,0.7715524435043335,-3.2654085657668475e-07,0.22830341756343842,0.7566998600959778,-0.009655946865677834,0.1576789915561676,0.6983881592750549,-0.02082812786102295,0.10608603805303574,0.6682849526405334,-0.036785103380680084,0.06282256543636322,0.6606186032295227,-0.054928191006183624,0.2121719866991043,0.5334867835044861,-0.012309207580983639,0.20206628739833832,0.4241639971733093,-0.037600722163915634,0.1879977434873581,0.3560638725757599,-0.05296581611037254,0.17377135157585144,0.30386850237846375,-0.06496548652648926,0.25868555903434753,0.5282230377197266,-0.025520864874124527,0.21488265693187714,0.49874991178512573,-0.06952584534883499,0.21276187896728516,0.5896216630935669,-0.07425279915332794,0.22855070233345032,0.641779363155365,-0.06683823466300964,0.302754282951355,0.5405664443969727,-0.041830290108919144,0.2588393986225128,0.5245976448059082,-0.08183000981807709,0.2533692419528961,0.6095010638237,-0.06668490171432495,0.26494863629341125,0.6519262194633484,-0.04622182995080948,0.347383052110672,0.5653942227363586,-0.05945954844355583,0.3064708709716797,0.5519727468490601,-0.08235136419534683,0.29037976264953613,0.6100848317146301,-0.06912389397621155,0.2945247292518616,0.6426846385002136,-0.05337231233716011,L
0.29825013875961304,0.7727967500686646,-2.9990761163389834e-07,0.22749784588813782,0.7557231187820435,-0.014733590185642242,0.1561412513256073,0.6969260573387146,-0.027993200346827507,0.10185334831476212,0.6698700189590454,-0.04499950632452965,0.05813242495059967,0.6686370372772217,-0.06361909955739975,0.20935937762260437,0.5301821827888489,-0.017233645543456078,0.20001956820487976,0.42104920744895935,-0.04442134499549866,0.1884516179561615,0.35157710313796997,-0.060556985437870026,0.1769236922264099,0.29805365204811096,-0.07307039946317673,0.2582693099975586,0.5233629941940308,-0.028367793187499046,0.21533338725566864,0.4994159936904907,-0.07534831017255783,0.21390113234519958,0.5949583053588867,-0.08022133260965347,0.22824718058109283,0.6505572199821472,-0.07211857289075851,0.3050575852394104,0.5374085307121277,-0.043097708374261856,0.26218053698539734,0.5294917225837708,-0.08591470122337341,0.2557878792285919,0.6166356205940247,-0.07100915163755417,0.26383423805236816,0.6611518263816833,-0.04974396154284477,0.3518364429473877,0.5657028555870056,-0.05960412696003914,0.3136547803878784,0.5624600052833557,-0.08394595235586166,0.2934129238128662,0.6209478974342346,-0.07169443368911743,0.2901453971862793,0.6531014442443848,-0.05619574338197708,L
0.29650259017944336,0.7760776281356812,-2.764518853837217e-07,0.22435308992862701,0.7606787085533142,-0.014061735942959785,0.153919517993927,0.7031172513961792,-0.02779131568968296,0.09929998219013214,0.6779016256332397,-0.04579837620258331,0.05480971932411194,0.6821876168251038,-0.06601227074861526,0.20644108951091766,0.5346440076828003,-0.017486095428466797,0.1991187483072281,0.4242100119590759,-0.04522472992539406,0.18868671357631683,0.3516100347042084,-0.06183835119009018,0.17780247330665588,0.29611700773239136,-0.07486393302679062,0.2561807930469513,0.528837263584137,-0.029290322214365005,0.21459552645683289,0.5040170550346375,-0.07666152715682983,0.21368028223514557,0.6004922389984131,-0.08134813606739044,0.2279326170682907,0.654140830039978,-0.07314466685056686,0.30338913202285767,0.5436465740203857,-0.04465017467737198,0.2606285512447357,0.5348673462867737,-0.08662022650241852,0.25426381826400757,0.6218553781509399,-0.07112032920122147,0.2622986137866974,0.6623737812042236,-0.05003279820084572,0.3493199646472931,0.5723190307617188,-0.06183970719575882,0.3107862174510956,0.570006787776947,-0.08484001457691193,0.2922168970108032,0.627439558506012,-0.07205110788345337,0.2913688123226166,0.6548225283622742,-0.05671364441514015,L
0.2953261137008667,0.7743164896965027,-2.7830006388285256e-07,0.2238505482673645,0.7588216066360474,-0.014597910456359386,0.15322113037109375,0.701630711555481,-0.027856281027197838,0.09870436787605286,0.6758710145950317,-0.04500265419483185,0.05542874336242676,0.680946409702301,-0.06419754028320312,0.20518538355827332,0.5331007242202759,-0.017551137134432793,0.1986803263425827,0.42105090618133545,-0.04426668956875801,0.18875734508037567,0.34895238280296326,-0.0603550560772419,0.17797352373600006,0.29426130652427673,-0.07308667153120041,0.2561478912830353,0.5264825224876404,-0.02873324230313301,0.21449340879917145,0.5056672096252441,-0.07607035338878632,0.21285903453826904,0.6014688014984131,-0.08147771656513214,0.22646532952785492,0.6582741737365723,-0.07365787774324417,0.30375415086746216,0.541840136051178,-0.04333705082535744,0.26059719920158386,0.5367224216461182,-0.08573209494352341,0.2536778450012207,0.6229598522186279,-0.07148675620555878,0.2609710693359375,0.6664855480194092,-0.05089719593524933,0.34988388419151306,0.5716190338134766,-0.05963439121842384,0.3100671172142029,0.5729050040245056,-0.08336777985095978,0.2912939786911011,0.6302095651626587,-0.07140185683965683,0.2899366617202759,0.6592444181442261,-0.05628516897559166,L
0.29503387212753296,0.7829084992408752,-2.4867600245670474e-07,0.21922820806503296,0.7686468362808228,-0.015391428023576736,0.14700159430503845,0.7117699980735779,-0.029249198734760284,0.0899011492729187,0.6867002248764038,-0.0472400039434433,0.04362691938877106,0.692432165145874,-0.06730043888092041,0.20009760558605194,0.5411503314971924,-0.01603114604949951,0.19541765749454498,0.4305207133293152,-0.042314302176237106,0.18756204843521118,0.3584965467453003,-0.05838271975517273,0.17863719165325165,0.30256250500679016,-0.0712209939956665,0.2511359751224518,0.5341356992721558,-0.026965085417032242,0.2128387987613678,0.5100075006484985,-0.07364264875650406,0.2119441032409668,0.6044515371322632,-0.07957177609205246,0.22447264194488525,0.6605762839317322,-0.07226333022117615,0.2993677258491516,0.548697829246521,-0.04147379845380783,0.2583885192871094,0.5451018810272217,-0.08184020221233368,0.2521405816078186,0.6286526918411255,-0.06816233694553375,0.2585177719593048,0.6693967580795288,-0.04850004240870476,0.34621864557266235,0.5770565271377563,-0.057967547327280045,0.30873873829841614,0.5762908458709717,-0.0780625194311142,0.2912246584892273,0.6319928765296936,-0.06526702642440796,0.2901082932949066,0.6587871313095093,-0.050393085926771164,L
0.292098730802536,0.7877399921417236,-2.3310776953167078e-07,0.2173939198255539,0.7736143469810486,-0.014043157920241356,0.14673882722854614,0.71773362159729,-0.027701493352651596,0.09065144509077072,0.6959832310676575,-0.04604025557637215,0.044971585273742676,0.7056976556777954,-0.06683633476495743,0.19793754816055298,0.5478898882865906,-0.014242257922887802,0.1907326579093933,0.43478941917419434,-0.03997976332902908,0.18301087617874146,0.3612126111984253,-0.05562524497509003,0.17493543028831482,0.3046687841415405,-0.06801027059555054,0.2482030689716339,0.5406566858291626,-0.025921668857336044,0.20687834918498993,0.5158300995826721,-0.0725216194987297,0.20598401129245758,0.6105197668075562,-0.07851782441139221,0.2197643369436264,0.6673904657363892,-0.07101710885763168,0.2958514094352722,0.5541073679924011,-0.04105036333203316,0.2522416114807129,0.548709511756897,-0.08311126381158829,0.2459629774093628,0.6352200508117676,-0.06978153437376022,0.25318658351898193,0.6799076795578003,-0.04957094416022301,0.342753142118454,0.5812948346138,-0.05784519761800766,0.3028565049171448,0.5809483528137207,-0.08034829795360565,0.28486087918281555,0.6396673917770386,-0.06771551817655563,0.28368833661079407,0.6711180210113525,-0.05218525603413582,L
0.29302117228507996,0.7865524888038635,-2.4636125317556434e-07,0.2177395224571228,0.770979106426239,-0.01286324206739664,0.14748220145702362,0.7162773609161377,-0.025883954018354416,0.09142722189426422,0.6958682537078857,-0.0437278114259243,0.04568259418010712,0.7066865563392639,-0.06419242918491364,0.19873473048210144,0.54740309715271,-0.012754546478390694,0.19083967804908752,0.4355398714542389,-0.03713636472821236,0.18290403485298157,0.3633946180343628,-0.05227012559771538,0.17443233728408813,0.3076708912849426,-0.06451553851366043,0.24906222522258759,0.5391880869865417,-0.02448340877890587,0.20774181187152863,0.516679584980011,-0.07010957598686218,0.20684446394443512,0.6104305386543274,-0.07665552943944931,0.22069761157035828,0.6684455275535583,-0.06977293640375137,0.29647374153137207,0.5527515411376953,-0.03939636051654816,0.25209349393844604,0.5498896837234497,-0.08046642690896988,0.2461949586868286,0.6359903216362,-0.06804444640874863,0.253787636756897,0.6819058656692505,-0.048668332397937775,0.3427882194519043,0.5803880095481873,-0.05581032112240791,0.3019285202026367,0.5826407074928284,-0.07805383205413818,0.28401458263397217,0.6409598588943481,-0.06619395315647125,0.2828829884529114,0.6728856563568115,-0.05128806084394455,L
0.2914809286594391,0.7905260920524597,-2.2795643417339306e-07,0.2149740606546402,0.7781793475151062,-0.015927975997328758,0.1433650553226471,0.7267259359359741,-0.030587244778871536,0.08669380843639374,0.7065626978874207,-0.049567606300115585,0.0414872020483017,0.7154051065444946,-0.07087364792823792,0.19443270564079285,0.553915798664093,-0.015358134172856808,0.18616405129432678,0.44176995754241943,-0.04133041948080063,0.1786476969718933,0.368595689535141,-0.05770936235785484,0.1707007735967636,0.31206008791923523,-0.07073698192834854,0.2443849742412567,0.5449270009994507,-0.02622360922396183,0.20167937874794006,0.5222572088241577,-0.07378140091896057,0.2021085023880005,0.6171335577964783,-0.08127336949110031,0.21626228094100952,0.6765663623809814,-0.07473308593034744,0.2918354272842407,0.5570723414421082,-0.040612272918224335,0.24703574180603027,0.5547025203704834,-0.08305426687002182,0.24223923683166504,0.6420007944107056,-0.07104374468326569,0.2496291995048523,0.6892238855361938,-0.051668040454387665,0.3393351435661316,0.5830496549606323,-0.05685645341873169,0.2987822890281677,0.585296630859375,-0.08016178011894226,0.280697226524353,0.6452349424362183,-0.06870175898075104,0.27810394763946533,0.6788588166236877,-0.0538070909678936,L
0.2916368246078491,0.788511335849762,-2.3466222387469315e-07,0.21552231907844543,0.7767384648323059,-0.014171057380735874,0.14385832846164703,0.7246522307395935,-0.027628589421510696,0.0871160551905632,0.7045406699180603,-0.045777931809425354,0.0430484414100647,0.7171342968940735,-0.06644780933856964,0.19439254701137543,0.5546553134918213,-0.013146542012691498,0.18469128012657166,0.4417600929737091,-0.038026582449674606,0.1764979362487793,0.3689703345298767,-0.05375524237751961,0.16809764504432678,0.31267648935317993,-0.06649674475193024,0.24310734868049622,0.5459568500518799,-0.024538476020097733,0.19970835745334625,0.5245909690856934,-0.07120004296302795,0.2009245902299881,0.6196637749671936,-0.07806628197431564,0.21704110503196716,0.6776248216629028,-0.07132831960916519,0.28978800773620605,0.5581445097923279,-0.039325784891843796,0.24476441740989685,0.5531439185142517,-0.08200164139270782,0.23998938500881195,0.6420429348945618,-0.06954923272132874,0.24891889095306396,0.6898481845855713,-0.04978585243225098,0.3369430899620056,0.58417147397995,-0.05575334280729294,0.2965872883796692,0.5849056243896484,-0.07995572686195374,0.27706095576286316,0.6469136476516724,-0.0683220773935318,0.27410972118377686,0.6830004453659058,-0.05315669998526573,L
0.2906336486339569,0.8002010583877563,-2.5782250645534077e-07,0.21192532777786255,0.7911521196365356,-0.015452839434146881,0.1391221284866333,0.7440704107284546,-0.028928544372320175,0.0831545814871788,0.7262470126152039,-0.046797581017017365,0.0416782945394516,0.739539384841919,-0.06691637635231018,0.18808415532112122,0.5670620203018188,-0.011442078277468681,0.17568810284137726,0.4599305987358093,-0.03523988649249077,0.1658317893743515,0.3906952440738678,-0.05020330473780632,0.15608391165733337,0.3366023302078247,-0.06245961785316467,0.23717403411865234,0.5554285049438477,-0.02213551290333271,0.19089119136333466,0.5361955761909485,-0.06716640293598175,0.19255322217941284,0.6312127709388733,-0.07341058552265167,0.20805302262306213,0.6879564523696899,-0.06645070016384125,0.28371861577033997,0.565487802028656,-0.03659438714385033,0.23770198225975037,0.5655088424682617,-0.07821337133646011,0.23277883231639862,0.654028058052063,-0.06643083691596985,0.24070754647254944,0.7012821435928345,-0.047217272222042084,0.3304896354675293,0.589906632900238,-0.05293213203549385,0.2885293960571289,0.593954861164093,-0.07603820413351059,0.2689729332923889,0.657638669013977,-0.0648353099822998,0.26518771052360535,0.695099413394928,-0.0501839853823185,L
0.2905086874961853,0.798442542552948,-2.3960200223882566e-07,0.2124532014131546,0.7907989025115967,-0.01455765776336193,0.14003419876098633,0.7439957857131958,-0.028255527839064598,0.08458653837442398,0.7264323234558105,-0.046695515513420105,0.043118029832839966,0.7420060634613037,-0.06754784286022186,0.18913546204566956,0.5689979195594788,-0.011201511137187481,0.17413829267024994,0.45936328172683716,-0.03520270064473152,0.16379640996456146,0.3889775574207306,-0.050487030297517776,0.15433329343795776,0.3342187702655792,-0.0629168450832367,0.2362549751996994,0.5582985281944275,-0.022699858993291855,0.18901793658733368,0.5361227989196777,-0.06905720382928848,0.19019444286823273,0.631525456905365,-0.07575857639312744,0.20694589614868164,0.6891453266143799,-0.0686083510518074,0.28154638409614563,0.5679404735565186,-0.03780103474855423,0.2347060739994049,0.5641215443611145,-0.0812482014298439,0.23043149709701538,0.6538830995559692,-0.06934931129217148,0.24057520925998688,0.7029722332954407,-0.0493742898106575,0.3278150260448456,0.5916802287101746,-0.05459877476096153,0.2859562933444977,0.5926584005355835,-0.07973392307758331,0.26582422852516174,0.6579716801643372,-0.06843797862529755,0.26247942447662354,0.6986284852027893,-0.053184330463409424,L
0.2883095443248749,0.8017024397850037,-2.3148888317336969e-07,0.21138335764408112,0.796893835067749,-0.015060892328619957,0.13867300748825073,0.7515504360198975,-0.02864658273756504,0.08369960635900497,0.7337795495986938,-0.046902548521757126,0.04395914077758789,0.749153196811676,-0.06747221946716309,0.18587139248847961,0.574858546257019,-0.010868052951991558,0.17060115933418274,0.4658033549785614,-0.035094089806079865,0.16065296530723572,0.39647024869918823,-0.050048328936100006,0.1520225554704666,0.341979056596756,-0.062183573842048645,0.2333560287952423,0.5632246732711792,-0.02227519080042839,0.1852259635925293,0.5401297211647034,-0.06895489245653152,0.18812304735183716,0.6345362663269043,-0.0755055770277977,0.20591172575950623,0.6894475817680359,-0.06811302155256271,0.2790646553039551,0.5714961886405945,-0.03745633736252785,0.2318001687526703,0.5683064460754395,-0.08112107962369919,0.228794664144516,0.6579487323760986,-0.06925669312477112,0.2394208461046219,0.7039175033569336,-0.049228351563215256,0.3261842131614685,0.5930001735687256,-0.0544261634349823,0.2826501131057739,0.597919762134552,-0.07906270027160645,0.2656920254230499,0.6629975438117981,-0.06782805919647217,0.26538482308387756,0.6995708346366882,-0.05274740606546402,L
0.2915770411491394,0.8047098517417908,-2.1264298766254797e-07,0.21171876788139343,0.8010675311088562,-0.015242966823279858,0.13731907308101654,0.7566514611244202,-0.02835066430270672,0.08281196653842926,0.7418228387832642,-0.0459756962954998,0.04422904551029205,0.7616148591041565,-0.06602930277585983,0.1826407015323639,0.5799484252929688,-0.009783542715013027,0.16477718949317932,0.47192591428756714,-0.033537670969963074,0.1554340124130249,0.40164631605148315,-0.04901059344410896,0.1477208435535431,0.3459922671318054,-0.06166508048772812,0.2297733575105667,0.5663320422172546,-0.021047059446573257,0.18058404326438904,0.5427383780479431,-0.06756190210580826,0.18523724377155304,0.6372461915016174,-0.07490701973438263,0.2043410837650299,0.6973209381103516,-0.06791384518146515,0.2756940424442291,0.573243260383606,-0.036111779510974884,0.22761313617229462,0.5698805451393127,-0.07924706488847733,0.22723057866096497,0.658943235874176,-0.06833895295858383,0.23996427655220032,0.7095714807510376,-0.04884672909975052,0.32337960600852966,0.5939204692840576,-0.05305910483002663,0.2789914011955261,0.5979458689689636,-0.07807832211256027,0.26329636573791504,0.66349858045578,-0.06769656389951706,0.2636984586715698,0.704105794429779,-0.05306551605463028,L
0.29070740938186646,0.8082486987113953,-2.179816647185362e-07,0.21211951971054077,0.8076437711715698,-0.014333289116621017,0.13898980617523193,0.7632301449775696,-0.027108384296298027,0.08507906645536423,0.746577262878418,-0.04482850804924965,0.046635836362838745,0.7659037709236145,-0.06508607417345047,0.18128687143325806,0.5829585194587708,-0.008512942120432854,0.161986842751503,0.47516322135925293,-0.03241178020834923,0.15155118703842163,0.4047345817089081,-0.04788754880428314,0.1433963030576706,0.34872445464134216,-0.060401346534490585,0.22852714359760284,0.5685755610466003,-0.02047802321612835,0.1784205287694931,0.5455001592636108,-0.06780031323432922,0.18253979086875916,0.6411761045455933,-0.075310118496418,0.20202133059501648,0.700119137763977,-0.06790471822023392,0.27453917264938354,0.5751549005508423,-0.03616350144147873,0.2254224568605423,0.5729398727416992,-0.0800866186618805,0.22447332739830017,0.6633642911911011,-0.06884786486625671,0.23745912313461304,0.7124834060668945,-0.04864561930298805,0.3218057453632355,0.5956469774246216,-0.05363722890615463,0.27740705013275146,0.6024554967880249,-0.07834909111261368,0.2620609998703003,0.6673517823219299,-0.06739115715026855,0.2636032998561859,0.7050278186798096,-0.05219424143433571,L
0.2917863130569458,0.8090053200721741,-2.0736376882268814e-07,0.2117377072572708,0.8069262504577637,-0.014090677723288536,0.1382923573255539,0.7625855803489685,-0.02686357870697975,0.08424035459756851,0.7463934421539307,-0.04474209249019623,0.04589743912220001,0.7670566439628601,-0.06521297246217728,0.1812586635351181,0.5830057859420776,-0.007813316769897938,0.16197054088115692,0.47524917125701904,-0.03135615959763527,0.15156511962413788,0.40452927350997925,-0.046751268208026886,0.14318212866783142,0.34840670228004456,-0.05927947908639908,0.22848966717720032,0.5688053369522095,-0.019926149398088455,0.1791929006576538,0.54591304063797,-0.06673368811607361,0.18274085223674774,0.6411975026130676,-0.07438372075557709,0.20154863595962524,0.6997889280319214,-0.06725502759218216,0.2744371294975281,0.5754845142364502,-0.03574341535568237,0.2259412407875061,0.5732467174530029,-0.07938160002231598,0.22439508140087128,0.6633027195930481,-0.06833120435476303,0.23695896565914154,0.7127435803413391,-0.048326462507247925,0.32136738300323486,0.5962238907814026,-0.053339701145887375,0.27740779519081116,0.6027418971061707,-0.07781636714935303,0.2609440088272095,0.6678235530853271,-0.06676708161830902,0.2614514231681824,0.706638753414154,-0.0515611432492733,L
0.2911226153373718,0.8114228844642639,-2.243998409312553e-07,0.21200595796108246,0.8099187016487122,-0.014108340255916119,0.13968537747859955,0.7681698799133301,-0.027010733261704445,0.0873478353023529,0.7533947229385376,-0.04487975686788559,0.04961647093296051,0.7715110182762146,-0.0653553158044815,0.17790164053440094,0.586636483669281,-0.008521724492311478,0.15649037063121796,0.481038898229599,-0.032940030097961426,0.14628005027770996,0.4112946689128876,-0.04920332878828049,0.13867808878421783,0.3554738163948059,-0.06210387870669365,0.22477763891220093,0.5709043741226196,-0.020334074273705482,0.1754801720380783,0.5490513443946838,-0.06658225506544113,0.18001452088356018,0.643646776676178,-0.0742749273777008,0.19846366345882416,0.7031003832817078,-0.06775287538766861,0.2706756293773651,0.5761557221412659,-0.035962868481874466,0.22231914103031158,0.5727554559707642,-0.07937851548194885,0.2221352458000183,0.6627277731895447,-0.0688018947839737,0.2349424809217453,0.7146703004837036,-0.04944593831896782,0.3176411986351013,0.5953658819198608,-0.05336453393101692,0.272682785987854,0.6013991832733154,-0.0784609243273735,0.2568386495113373,0.6673009991645813,-0.06818341463804245,0.25712454319000244,0.7085432410240173,-0.053557105362415314,L
0.2933616042137146,0.8135558366775513,-2.2878384697833098e-07,0.2138357013463974,0.81443852186203,-0.01351172011345625,0.14034023880958557,0.7742109298706055,-0.02582930028438568,0.08826762437820435,0.7601687908172607,-0.04332279786467552,0.05288080871105194,0.7813448905944824,-0.06348063796758652,0.17632809281349182,0.5927115678787231,-0.006887500174343586,0.15297798812389374,0.48739612102508545,-0.030770855024456978,0.14226123690605164,0.41810697317123413,-0.046936821192502975,0.13380950689315796,0.3620949387550354,-0.059810470789670944,0.2221696674823761,0.574959933757782,-0.018924076110124588,0.17192645370960236,0.5538038015365601,-0.06444509327411652,0.1792544424533844,0.647344172000885,-0.07228580117225647,0.19926904141902924,0.7069060206413269,-0.06600400805473328,0.26785993576049805,0.5772078037261963,-0.03477243334054947,0.2186179906129837,0.5736143589019775,-0.07750194519758224,0.22100937366485596,0.6634018421173096,-0.06701723486185074,0.23539996147155762,0.7166603207588196,-0.047770820558071136,0.31573760509490967,0.5930471420288086,-0.052433647215366364,0.2703835666179657,0.5976250171661377,-0.07692671567201614,0.2557874917984009,0.6645175218582153,-0.06634516268968582,0.25644853711128235,0.7079697847366333,-0.05159834027290344,L
0.2936874330043793,0.8139941096305847,-2.409741455267067e-07,0.21338434517383575,0.8152662515640259,-0.011120573617517948,0.1393888145685196,0.7746673822402954,-0.021618790924549103,0.08781150728464127,0.7603027820587158,-0.037338197231292725,0.05375020205974579,0.7819682955741882,-0.05585629865527153,0.17767684161663055,0.593271017074585,-0.005250710062682629,0.1532977968454361,0.4874097406864166,-0.028028953820466995,0.14188732206821442,0.4178478419780731,-0.04322393238544464,0.13327643275260925,0.3623128831386566,-0.05534202232956886,0.22312089800834656,0.5755980014801025,-0.01774478890001774,0.17061839997768402,0.5530755519866943,-0.0627359077334404,0.17826725542545319,0.6470187306404114,-0.06983009725809097,0.19964492321014404,0.7055065631866455,-0.06281201541423798,0.2683333158493042,0.5776904821395874,-0.03371119871735573,0.218081995844841,0.5742144584655762,-0.07604328542947769,0.22117386758327484,0.6641227602958679,-0.06522443145513535,0.23682348430156708,0.7158288955688477,-0.04559698328375816,0.31523415446281433,0.5929559469223022,-0.05118492990732193,0.26932287216186523,0.5982045531272888,-0.0757794976234436,0.25533968210220337,0.6649059057235718,-0.06529339402914047,0.2572302222251892,0.7070343494415283,-0.050489623099565506,L
0.29495036602020264,0.8139911890029907,-2.230962508065204e-07,0.2169511765241623,0.8151976466178894,-0.010444753803312778,0.14221695065498352,0.7766305804252625,-0.02159050665795803,0.09019191563129425,0.7634669542312622,-0.03876400366425514,0.056113436818122864,0.7872470021247864,-0.05877005681395531,0.1763191670179367,0.5968613624572754,-0.001983787165954709,0.15008896589279175,0.49084919691085815,-0.02511109970510006,0.13799609243869781,0.42273980379104614,-0.03996485099196434,0.12954723834991455,0.36620545387268066,-0.05183111131191254,0.21860679984092712,0.5803229212760925,-0.015855342149734497,0.16233614087104797,0.5503034591674805,-0.06265479326248169,0.1727960854768753,0.6464542746543884,-0.06995753198862076,0.19838137924671173,0.7046313881874084,-0.06196489930152893,0.26257073879241943,0.5795785188674927,-0.03347067907452583,0.21021151542663574,0.5733293890953064,-0.07779623568058014,0.21718698740005493,0.666451632976532,-0.06610538065433502,0.23704755306243896,0.7162358164787292,-0.04485577717423439,0.3110164403915405,0.5898582935333252,-0.05259096994996071,0.2615775763988495,0.5905071496963501,-0.0768822655081749,0.2522391676902771,0.6619340181350708,-0.06433514505624771,0.2596178352832794,0.7036640644073486,-0.04800570756196976,L
0.29630571603775024,0.8137617111206055,-2.289388447707097e-07,0.21979911625385284,0.8147741556167603,-0.010635025799274445,0.14475610852241516,0.7748557329177856,-0.02149071916937828,0.09364242106676102,0.7620134353637695,-0.03797946125268936,0.061041027307510376,0.7871390581130981,-0.05706210061907768,0.17914362251758575,0.592322587966919,-0.0034893667325377464,0.15293452143669128,0.4877852499485016,-0.02622406929731369,0.139610156416893,0.41983550786972046,-0.04096309095621109,0.1294478178024292,0.36541852355003357,-0.05289306491613388,0.22140005230903625,0.5745363235473633,-0.017264319583773613,0.16366444528102875,0.5468376874923706,-0.06288179010152817,0.1753583401441574,0.6400597095489502,-0.069545216858387,0.20110292732715607,0.6968901753425598,-0.061425864696502686,0.2655918598175049,0.5740847587585449,-0.03468792513012886,0.21279607713222504,0.570584774017334,-0.07716624438762665,0.22027763724327087,0.6611719131469727,-0.0654304102063179,0.23963311314582825,0.7094753384590149,-0.044859930872917175,0.3137562572956085,0.586340606212616,-0.05378052592277527,0.26533427834510803,0.5908594131469727,-0.0774727463722229,0.25505638122558594,0.6609247326850891,-0.06576548516750336,0.2609281837940216,0.7024010419845581,-0.05030590668320656,L
0.3001916706562042,0.8117750287055969,-2.3873008103691973e-07,0.2222297489643097,0.8124055862426758,-0.010578683577477932,0.1468735784292221,0.7735459804534912,-0.020938610658049583,0.09635951370000839,0.7602006793022156,-0.03699639067053795,0.06450067460536957,0.7856767773628235,-0.05565578117966652,0.18303295969963074,0.5903725028038025,-0.002208532765507698,0.15676729381084442,0.48611611127853394,-0.023972760885953903,0.14337435364723206,0.41856491565704346,-0.038126587867736816,0.13289868831634521,0.3643750846385956,-0.04983653128147125,0.22506047785282135,0.5721784234046936,-0.015756022185087204,0.1667150855064392,0.5431129932403564,-0.06048322096467018,0.17670951783657074,0.6357194185256958,-0.06728173792362213,0.20078830420970917,0.6943784952163696,-0.05955823138356209,0.26916036009788513,0.5716128945350647,-0.03297902271151543,0.21529130637645721,0.5668550729751587,-0.07578207552433014,0.22233593463897705,0.6580376625061035,-0.06508807837963104,0.2411709725856781,0.7097182273864746,-0.04510604217648506,0.31763479113578796,0.5836654305458069,-0.05180778354406357,0.26846539974212646,0.5894113779067993,-0.07680585980415344,0.256544828414917,0.6603316068649292,-0.06655871868133545,0.26014646887779236,0.7050058245658875,-0.05197106674313545,L
0.29811760783195496,0.8116967678070068,-2.3226526479902532e-07,0.22213365137577057,0.8116768598556519,-0.009231998585164547,0.14773647487163544,0.7717491388320923,-0.01884460635483265,0.09737507253885269,0.7591050267219543,-0.034608036279678345,0.06528083980083466,0.7849984169006348,-0.05308006703853607,0.1819581240415573,0.5929946899414062,-0.0002984759339597076,0.1570519655942917,0.48732131719589233,-0.021715955808758736,0.14387814700603485,0.4200325012207031,-0.03528257831931114,0.13412749767303467,0.3657929301261902,-0.046430252492427826,0.22329360246658325,0.5772188901901245,-0.014470444060862064,0.16593310236930847,0.5433034896850586,-0.05919096991419792,0.17566171288490295,0.636777400970459,-0.06585706025362015,0.2005317658185959,0.6946088075637817,-0.05775965005159378,0.26721641421318054,0.5767418146133423,-0.03225700184702873,0.2137007862329483,0.565565824508667,-0.07559224963188171,0.21968993544578552,0.6579854488372803,-0.0647144541144371,0.23887374997138977,0.7091931104660034,-0.04415392130613327,0.3160600960254669,0.5873329043388367,-0.05141550675034523,0.26797768473625183,0.5863702893257141,-0.07649456709623337,0.2557642459869385,0.6570395231246948,-0.06565161794424057,0.26021870970726013,0.7016545534133911,-0.05047829821705818,L
0.30081412196159363,0.8138684034347534,-2.329692563307617e-07,0.22527426481246948,0.8134292960166931,-0.009978442452847958,0.14997157454490662,0.7731732130050659,-0.020180322229862213,0.09937919676303864,0.7607381343841553,-0.03618448227643967,0.06704095005989075,0.7850741147994995,-0.05481039732694626,0.1845393180847168,0.5921933054924011,-0.0027002962306141853,0.15905416011810303,0.48819369077682495,-0.025805020704865456,0.14621591567993164,0.41984373331069946,-0.04074804484844208,0.13699860870838165,0.3646353781223297,-0.05274247005581856,0.22625958919525146,0.574418842792511,-0.016627488657832146,0.16843922436237335,0.5436215996742249,-0.06194325536489487,0.17807342112064362,0.6365430951118469,-0.06846440583467484,0.20255249738693237,0.6928702592849731,-0.060419946908950806,0.27034634351730347,0.5734931826591492,-0.03426872938871384,0.2176021933555603,0.5669034719467163,-0.07689997553825378,0.22376011312007904,0.6576029062271118,-0.06516614556312561,0.24270962178707123,0.7056947946548462,-0.04454849287867546,0.3187752962112427,0.5847597718238831,-0.05354945734143257,0.27168917655944824,0.58719801902771,-0.07765943557024002,0.25945448875427246,0.6566047668457031,-0.06646127253770828,0.2636541426181793,0.6982992887496948,-0.0513874851167202,L
0.30225670337677,0.8149144053459167,-2.099919242937176e-07,0.22632934153079987,0.8155413269996643,-0.010327092371881008,0.15103867650032043,0.7761005759239197,-0.0209494698792696,0.10022201389074326,0.7637420892715454,-0.03747812286019325,0.06690137088298798,0.78836989402771,-0.05666892230510712,0.18364445865154266,0.596412181854248,-0.002580016851425171,0.1604318767786026,0.4903597831726074,-0.025415560230612755,0.14808759093284607,0.4214383363723755,-0.03997690603137016,0.13927912712097168,0.3653055727481842,-0.051707517355680466,0.22535601258277893,0.5795044898986816,-0.016669685021042824,0.1691226214170456,0.5443966388702393,-0.061493195593357086,0.17813099920749664,0.6370884776115417,-0.06780454516410828,0.20266403257846832,0.6936655044555664,-0.05958804488182068,0.26953354477882385,0.578331470489502,-0.03451588377356529,0.21731728315353394,0.5687392354011536,-0.07699719071388245,0.22317229211330414,0.6595918536186218,-0.06521394103765488,0.24231697618961334,0.7078117728233337,-0.04453439638018608,0.31874221563339233,0.588485062122345,-0.05401972681283951,0.271854043006897,0.5893203020095825,-0.07779520004987717,0.26033326983451843,0.6591402888298035,-0.06611509621143341,0.26551371812820435,0.7011470794677734,-0.050702113658189774,L
0.3029593229293823,0.8189091682434082,-2.0611477680176904e-07,0.22806242108345032,0.8188299536705017,-0.009656456299126148,0.1516680270433426,0.7777500748634338,-0.01906014420092106,0.09963592886924744,0.7659960985183716,-0.03424210101366043,0.06610418856143951,0.7902238368988037,-0.051941126585006714,0.18367227911949158,0.5982058048248291,-0.0009110101382248104,0.16037297248840332,0.4916115999221802,-0.022834673523902893,0.14885658025741577,0.4221218228340149,-0.0362694226205349,0.14116956293582916,0.3663216829299927,-0.047164157032966614,0.22541294991970062,0.5807052254676819,-0.015119604766368866,0.16628117859363556,0.5429117679595947,-0.05982206016778946,0.17504596710205078,0.6372543573379517,-0.06567443907260895,0.19967062771320343,0.6958845853805542,-0.05663232132792473,0.2701997458934784,0.5797145962715149,-0.033049196004867554,0.21625733375549316,0.5702736973762512,-0.07623554766178131,0.22277073562145233,0.6624735593795776,-0.06472942978143692,0.24205540120601654,0.7109918594360352,-0.043719835579395294,0.31952404975891113,0.590337872505188,-0.05238981172442436,0.27179160714149475,0.5919414162635803,-0.07721938192844391,0.2612736225128174,0.6620301008224487,-0.06613333523273468,0.26709553599357605,0.7029721736907959,-0.05085503309965134,L
0.3028732240200043,0.8186897039413452,-1.986916657870097e-07,0.2278156876564026,0.8185781836509705,-0.010120700113475323,0.15189142525196075,0.7785502672195435,-0.02002771943807602,0.10032270848751068,0.7661647796630859,-0.035655561834573746,0.0668921172618866,0.7907454371452332,-0.05375584959983826,0.1831863671541214,0.5980180501937866,-0.001903734402731061,0.16051191091537476,0.4912084937095642,-0.02398098260164261,0.14908017218112946,0.42167842388153076,-0.03746268153190613,0.1413474977016449,0.3659297227859497,-0.04841766506433487,0.2250753492116928,0.58054119348526,-0.01588650606572628,0.16704152524471283,0.542368471622467,-0.06064509600400925,0.1755675971508026,0.6361609101295471,-0.06652351468801498,0.19952373206615448,0.6946769952774048,-0.05767040327191353,0.2699315845966339,0.5797883868217468,-0.03358877822756767,0.2172648161649704,0.5705211758613586,-0.07677855342626572,0.22360974550247192,0.6620556116104126,-0.06543581187725067,0.24218563735485077,0.7108395099639893,-0.04467928037047386,0.3193088471889496,0.5903363823890686,-0.05272573605179787,0.2725370526313782,0.5914791226387024,-0.07739811390638351,0.2614052891731262,0.6613360643386841,-0.06644582003355026,0.26595959067344666,0.7027462124824524,-0.0514066256582737,L
0.30219000577926636,0.8213324546813965,-2.063802213569943e-07,0.22731101512908936,0.8201261758804321,-0.010218391194939613,0.1505976766347885,0.7790531516075134,-0.02002483233809471,0.09843210875988007,0.7669061422348022,-0.03538848087191582,0.06478859484195709,0.7911421060562134,-0.053271032869815826,0.1851445883512497,0.5982801914215088,-0.002330031944438815,0.1639997810125351,0.49030110239982605,-0.023614870384335518,0.1518867015838623,0.4208984971046448,-0.03660682961344719,0.14323724806308746,0.36627358198165894,-0.04730244725942612,0.22774872183799744,0.5822827816009521,-0.016093995422124863,0.1696237027645111,0.5417283773422241,-0.060210611671209335,0.1772603988647461,0.6349336504936218,-0.06584934145212173,0.20095080137252808,0.6953240036964417,-0.0568799264729023,0.27294689416885376,0.5829161405563354,-0.0334804467856884,0.22039714455604553,0.5686811804771423,-0.07613739371299744,0.22611646354198456,0.66056227684021,-0.06479395180940628,0.24471110105514526,0.7111172676086426,-0.04409289360046387,0.3225979804992676,0.5950465798377991,-0.05221887305378914,0.27609342336654663,0.5918078422546387,-0.07722700387239456,0.26468539237976074,0.6614092588424683,-0.06654257327318192,0.2697610855102539,0.7040079832077026,-0.051613643765449524,L
0.3025442957878113,0.8220686912536621,-2.0731401662033022e-07,0.2274733930826187,0.820014476776123,-0.009187540970742702,0.15040384232997894,0.777694821357727,-0.01888417638838291,0.09825855493545532,0.7652538418769836,-0.034412190318107605,0.06390346586704254,0.7888438701629639,-0.05260744318366051,0.18846148252487183,0.5949406027793884,-0.0025216960348188877,0.1705259382724762,0.4854239225387573,-0.02405696175992489,0.15849252045154572,0.4147535562515259,-0.03734861686825752,0.1495344191789627,0.36055609583854675,-0.048273567110300064,0.23207256197929382,0.580934464931488,-0.017122413963079453,0.17726458609104156,0.5411567687988281,-0.06114383414387703,0.1836552768945694,0.6338691115379333,-0.06675364077091217,0.20595936477184296,0.6935797929763794,-0.05810306593775749,0.2775973379611969,0.5836416482925415,-0.03526432812213898,0.22773116827011108,0.5676171183586121,-0.07730252295732498,0.23136121034622192,0.6585960984230042,-0.0653182715177536,0.2481742799282074,0.7082065939903259,-0.044655926525592804,0.32749295234680176,0.5979191660881042,-0.05474047735333443,0.2827286422252655,0.59086674451828,-0.0788467526435852,0.26950058341026306,0.6591449975967407,-0.06732484698295593,0.27274075150489807,0.7012154459953308,-0.052103519439697266,L
0.3035890758037567,0.8210877180099487,-2.2186581816185935e-07,0.22714903950691223,0.8184405565261841,-0.009469148702919483,0.15071246027946472,0.7756771445274353,-0.019752364605665207,0.09998553991317749,0.7588714361190796,-0.03586617112159729,0.06452398002147675,0.7778071165084839,-0.05486488342285156,0.19059023261070251,0.5940008759498596,-0.004506970755755901,0.1738213300704956,0.4838760793209076,-0.026241399347782135,0.1623980551958084,0.4126308858394623,-0.04076036810874939,0.1532648652791977,0.3583570718765259,-0.05254301801323891,0.2367299646139145,0.5814017057418823,-0.01867326721549034,0.18918253481388092,0.5439624786376953,-0.06141739711165428,0.19220256805419922,0.6328884363174438,-0.06809180229902267,0.20961223542690277,0.693457841873169,-0.06141233816742897,0.28282999992370605,0.5847198963165283,-0.03619172051548958,0.23570957779884338,0.5641548037528992,-0.07693929225206375,0.23534604907035828,0.6536632180213928,-0.0655006393790245,0.24849465489387512,0.7085657715797424,-0.046206995844841,0.33243268728256226,0.5998575687408447,-0.05505793169140816,0.288026362657547,0.589434802532196,-0.07934053242206573,0.2717322111129761,0.6557455658912659,-0.06820153445005417,0.27179601788520813,0.7016867399215698,-0.053398918360471725,L
0.3054733872413635,0.8215191960334778,-2.2321789572288253e-07,0.2270498126745224,0.8190881013870239,-0.010687438771128654,0.14962643384933472,0.775271475315094,-0.020614802837371826,0.09806898236274719,0.7579320073127747,-0.03585901856422424,0.06272576749324799,0.7783293724060059,-0.05386488139629364,0.18983352184295654,0.5941131711006165,-0.0052613927982747555,0.17271238565444946,0.48414063453674316,-0.026693345978856087,0.16212977468967438,0.4128034710884094,-0.04103733226656914,0.15310077369213104,0.3579845428466797,-0.052842117846012115,0.23648878931999207,0.5805664658546448,-0.01853877492249012,0.18842937052249908,0.5443064570426941,-0.06181258708238602,0.19363023340702057,0.634803056716919,-0.06840959191322327,0.21216382086277008,0.6972064971923828,-0.06142671778798103,0.2830736041069031,0.5830984115600586,-0.0352691151201725,0.23624342679977417,0.5637097358703613,-0.07597693055868149,0.23670420050621033,0.6535250544548035,-0.06500191241502762,0.2498571127653122,0.7091615200042725,-0.045975446701049805,0.333185076713562,0.5973135232925415,-0.053492434322834015,0.2890608310699463,0.588720977306366,-0.07763239741325378,0.27205902338027954,0.654911458492279,-0.06731829047203064,0.27085554599761963,0.7009477019309998,-0.05318465828895569,L
0.3094976842403412,0.8200621604919434,-2.0988426285839523e-07,0.2315199375152588,0.8164954781532288,-0.011747210286557674,0.1549796313047409,0.7727479934692383,-0.022465962916612625,0.10387050360441208,0.7516912817955017,-0.03821396455168724,0.06676334142684937,0.7672851085662842,-0.05644659698009491,0.19301220774650574,0.5938754081726074,-0.005987875163555145,0.17815132439136505,0.4826921224594116,-0.02768520824611187,0.16801585257053375,0.4106219410896301,-0.04256964102387428,0.1588832437992096,0.35646483302116394,-0.05458246171474457,0.24059656262397766,0.5808587074279785,-0.018405722454190254,0.20034334063529968,0.5444995164871216,-0.06155490502715111,0.20323163270950317,0.6310811638832092,-0.06954656541347504,0.2174670249223709,0.6950653195381165,-0.06398314237594604,0.2872188091278076,0.5835410952568054,-0.03427772596478462,0.2466626763343811,0.5619338750839233,-0.0746869295835495,0.24322788417339325,0.6476204991340637,-0.06515958160161972,0.251080185174942,0.7059866189956665,-0.04749513790011406,0.33702975511550903,0.5980377793312073,-0.05158989131450653,0.2974874675273895,0.5885770916938782,-0.07559245824813843,0.28187325596809387,0.6510705947875977,-0.06596947461366653,0.27927106618881226,0.6973044276237488,-0.052419062703847885,L
0.30738285183906555,0.8181533813476562,-2.014728863741766e-07,0.2304852157831192,0.8139272332191467,-0.011426376178860664,0.153997540473938,0.7685520052909851,-0.02182537503540516,0.10181595385074615,0.7465583086013794,-0.03696291148662567,0.06434668600559235,0.7589413523674011,-0.05452193692326546,0.19273924827575684,0.5886866450309753,-0.007258739788085222,0.18010035157203674,0.4772513508796692,-0.028473829850554466,0.17029324173927307,0.4049603343009949,-0.04255383834242821,0.1623363196849823,0.3505147397518158,-0.054022952914237976,0.24071314930915833,0.578386664390564,-0.01964642107486725,0.20281857252120972,0.5374384522438049,-0.061647139489650726,0.20387278497219086,0.6261330842971802,-0.06842945516109467,0.2177722454071045,0.6900333762168884,-0.06219995766878128,0.2879214882850647,0.5837669372558594,-0.03534897044301033,0.2497151792049408,0.5567623972892761,-0.0751204565167427,0.24511782824993134,0.6423102021217346,-0.06473840773105621,0.2532981336116791,0.6990063190460205,-0.046617403626441956,0.33811601996421814,0.6003320813179016,-0.052299682050943375,0.2993530035018921,0.5846275091171265,-0.07613027840852737,0.283698707818985,0.6451029181480408,-0.06596771627664566,0.282633900642395,0.6894441246986389,-0.05204812437295914,L
0.308687686920166,0.8187081217765808,-2.022557765712918e-07,0.23063379526138306,0.8127216100692749,-0.012429418042302132,0.15452376008033752,0.768546462059021,-0.02391672320663929,0.1016865000128746,0.7475431561470032,-0.04007931053638458,0.06369507312774658,0.7621924877166748,-0.058633264154195786,0.1925237625837326,0.591539204120636,-0.008368544280529022,0.18037296831607819,0.4804215431213379,-0.03054170496761799,0.17109183967113495,0.4083688259124756,-0.04534962773323059,0.16329586505889893,0.35402947664260864,-0.057293474674224854,0.24078096449375153,0.5801066160202026,-0.020435882732272148,0.20369115471839905,0.5396688580513,-0.06318873167037964,0.20487409830093384,0.6271227598190308,-0.07020702958106995,0.21827469766139984,0.6900940537452698,-0.06426025927066803,0.28797805309295654,0.5844182968139648,-0.0360056608915329,0.25034022331237793,0.5564520359039307,-0.07596813887357712,0.24540436267852783,0.641326367855072,-0.06572897732257843,0.2531265318393707,0.6977153420448303,-0.047875575721263885,0.3382070064544678,0.5999728441238403,-0.052982673048973083,0.29945558309555054,0.5852603912353516,-0.07677429914474487,0.2831297218799591,0.6452885270118713,-0.06705739349126816,0.28163328766822815,0.6889604330062866,-0.0536298044025898,L
0.3068297505378723,0.8176186084747314,-2.2611375527503697e-07,0.23092080652713776,0.8128052353858948,-0.0106356767937541,0.1552395224571228,0.7649469375610352,-0.020232120528817177,0.10290338844060898,0.7429064512252808,-0.03444866091012955,0.06472571194171906,0.7532869577407837,-0.0510968454182148,0.19387923181056976,0.5837908983230591,-0.006170573644340038,0.18209704756736755,0.4735138416290283,-0.026749711483716965,0.1724902242422104,0.40163272619247437,-0.04052981734275818,0.1645684391260147,0.3474118411540985,-0.051905930042266846,0.24279025197029114,0.5736414194107056,-0.01863209903240204,0.20612208545207977,0.535810112953186,-0.060289859771728516,0.2067728489637375,0.6265942454338074,-0.06668050587177277,0.22000238299369812,0.6913520097732544,-0.06006721034646034,0.29056835174560547,0.5807303190231323,-0.03435240685939789,0.25383496284484863,0.5554397106170654,-0.07340794056653976,0.24802294373512268,0.6403849124908447,-0.06291498243808746,0.2547340393066406,0.6960200667381287,-0.044919006526470184,0.34011727571487427,0.599989116191864,-0.05124130845069885,0.30194684863090515,0.5862773656845093,-0.0746523067355156,0.28570449352264404,0.6460974812507629,-0.06475456804037094,0.2841677963733673,0.6886948943138123,-0.051106393337249756,L
0.31122300028800964,0.8168821334838867,-2.2067888494348153e-07,0.2317691594362259,0.8107129335403442,-0.011487108655273914,0.1546015739440918,0.763238787651062,-0.021422004327178,0.10109110921621323,0.7415004372596741,-0.03595001623034477,0.062057510018348694,0.755191445350647,-0.05290864408016205,0.19297367334365845,0.5844666361808777,-0.006484700832515955,0.18221694231033325,0.4742780327796936,-0.027670765295624733,0.17409029603004456,0.40211957693099976,-0.04179663956165314,0.16669729351997375,0.3474532961845398,-0.05330377072095871,0.24196961522102356,0.5735569596290588,-0.01837880350649357,0.20577561855316162,0.5354619026184082,-0.060417741537094116,0.2081875205039978,0.6253754496574402,-0.06681528687477112,0.22160975635051727,0.6900243759155273,-0.06011618673801422,0.2899641990661621,0.5790935158729553,-0.03369274362921715,0.2538907527923584,0.5560962557792664,-0.07291100919246674,0.2490173578262329,0.6415696740150452,-0.06257864832878113,0.2553320527076721,0.6981643438339233,-0.044576700776815414,0.3397800326347351,0.5968151092529297,-0.05032641068100929,0.3024282157421112,0.5849087834358215,-0.07335327565670013,0.2860536277294159,0.6461180448532104,-0.06351660192012787,0.2835084795951843,0.6899673938751221,-0.050021104514598846,L
0.3093297481536865,0.8165555596351624,-2.4211857407863135e-07,0.23143644630908966,0.8109808564186096,-0.010908236727118492,0.15489813685417175,0.7635915875434875,-0.020584626123309135,0.10230355709791183,0.7419003844261169,-0.0348842479288578,0.06320396065711975,0.7507059574127197,-0.05164105072617531,0.19384385645389557,0.5816652774810791,-0.006349553819745779,0.18255025148391724,0.4722195267677307,-0.027451209723949432,0.1736595332622528,0.40030258893966675,-0.0415496826171875,0.16586855053901672,0.3460172116756439,-0.05301862210035324,0.2432858794927597,0.5709895491600037,-0.018652165308594704,0.20479997992515564,0.5362713932991028,-0.06081538647413254,0.2070428729057312,0.6272864937782288,-0.06730528920888901,0.22111362218856812,0.691917359828949,-0.06066186726093292,0.2913593053817749,0.5776492953300476,-0.03429289534687996,0.25343987345695496,0.5568695664405823,-0.0740351602435112,0.24880695343017578,0.6430090069770813,-0.0635380819439888,0.2556628882884979,0.6988542675971985,-0.045335665345191956,0.3409916162490845,0.5965811610221863,-0.05110357701778412,0.3020804226398468,0.5858194231987,-0.07492799311876297,0.2858392298221588,0.6480430364608765,-0.06490232795476913,0.28389790654182434,0.6915576457977295,-0.05101093277335167,L
0.30920085310935974,0.8179888725280762,-2.1835425911831408e-07,0.23040804266929626,0.8114893436431885,-0.011196428909897804,0.1536906212568283,0.7641710042953491,-0.021551765501499176,0.10057229548692703,0.7447243332862854,-0.03689391165971756,0.06189735233783722,0.7613677978515625,-0.054726481437683105,0.1911972612142563,0.5832154154777527,-0.005420539528131485,0.18031853437423706,0.4725323021411896,-0.0266879890114069,0.17086881399154663,0.40075021982192993,-0.04062169790267944,0.16195622086524963,0.3470892310142517,-0.05196148157119751,0.23961840569972992,0.5727462768554688,-0.01824522204697132,0.20113888382911682,0.5353519320487976,-0.062090255320072174,0.20552821457386017,0.6282901763916016,-0.06913594156503677,0.22113372385501862,0.6940022706985474,-0.06201096251606941,0.28735825419425964,0.5780417919158936,-0.034474946558475494,0.24919506907463074,0.5578955411911011,-0.07503361999988556,0.24737191200256348,0.6455920338630676,-0.06452683359384537,0.2565231919288635,0.7014328241348267,-0.045646537095308304,0.3375813961029053,0.5949574112892151,-0.05200077220797539,0.2991052269935608,0.5837147235870361,-0.07490992546081543,0.2841959595680237,0.6459649801254272,-0.06407994031906128,0.2834751009941101,0.6889182329177856,-0.04958125948905945,L
0.31307536363601685,0.8175409436225891,-2.3378848368338367e-07,0.23508837819099426,0.8136549592018127,-0.010608584620058537,0.1563601940870285,0.7675244808197021,-0.02049240842461586,0.10188896209001541,0.7466279864311218,-0.03560302406549454,0.06396177411079407,0.7629063725471497,-0.05317886173725128,0.19227078557014465,0.5861042737960815,-0.004139993339776993,0.17913976311683655,0.4735345244407654,-0.02590770833194256,0.16811129450798035,0.40209102630615234,-0.03980211541056633,0.15807069838047028,0.34775257110595703,-0.05106128752231598,0.23930403590202332,0.5749648809432983,-0.01766069047152996,0.19678764045238495,0.5356544852256775,-0.06284667551517487,0.2037060260772705,0.6293623447418213,-0.06973021477460861,0.2227226346731186,0.6934097409248352,-0.06193256005644798,0.28624463081359863,0.5783976316452026,-0.03468787297606468,0.24510394036769867,0.5594131350517273,-0.07725434005260468,0.24636974930763245,0.6490472555160522,-0.06608723849058151,0.2588748335838318,0.7031190395355225,-0.0459771528840065,0.33643287420272827,0.5925172567367554,-0.05296081304550171,0.29584646224975586,0.5790413618087769,-0.07689975947141647,0.28345829248428345,0.6445320248603821,-0.06508688628673553,0.2857290804386139,0.6883484125137329,-0.04954391345381737,L
0.3118669092655182,0.8159887194633484,-2.4439199819425994e-07,0.23390570282936096,0.8126659989356995,-0.009593211114406586,0.15515705943107605,0.7665225267410278,-0.018692631274461746,0.10051429271697998,0.7456875443458557,-0.03318632394075394,0.06206347048282623,0.7599916458129883,-0.050296902656555176,0.19229936599731445,0.5851329565048218,-0.0029944649431854486,0.17964334785938263,0.4733980894088745,-0.023872509598731995,0.16808098554611206,0.4023427367210388,-0.037326280027627945,0.1573537290096283,0.34871089458465576,-0.04837914928793907,0.2394542396068573,0.5737727284431458,-0.01666788011789322,0.1963864266872406,0.5352145433425903,-0.06083868071436882,0.20282748341560364,0.6290150284767151,-0.0675208643078804,0.22152478992938995,0.6934276819229126,-0.05982641503214836,0.2864673435688019,0.5778135061264038,-0.033687736839056015,0.24501511454582214,0.5587642788887024,-0.0757029578089714,0.24587583541870117,0.6485973596572876,-0.06452387571334839,0.25800538063049316,0.703216552734375,-0.044575322419404984,0.33646392822265625,0.5924890041351318,-0.05177084356546402,0.2958317697048187,0.5800617337226868,-0.07564494013786316,0.28301098942756653,0.645727276802063,-0.06386742740869522,0.2848476469516754,0.6898972988128662,-0.04840276017785072,L
0.3183714747428894,0.817440390586853,-2.5943612058654253e-07,0.23933298885822296,0.8143765926361084,-0.009906264953315258,0.15961024165153503,0.7685272693634033,-0.019415948539972305,0.10460411757230759,0.7464533448219299,-0.03432905673980713,0.06599557399749756,0.7584279775619507,-0.05153648182749748,0.1966409832239151,0.5867822170257568,-0.002731531159952283,0.18288496136665344,0.4748622179031372,-0.024398073554039,0.16934098303318024,0.40418797731399536,-0.03834661841392517,0.15669883787631989,0.35173481702804565,-0.04964736849069595,0.24258270859718323,0.5742185115814209,-0.016506729647517204,0.19766171276569366,0.5342069268226624,-0.06148495152592659,0.20398840308189392,0.6265391707420349,-0.06875871121883392,0.22309672832489014,0.6913431286811829,-0.06128206476569176,0.28880757093429565,0.5766945481300354,-0.0337676927447319,0.24583636224269867,0.5581637024879456,-0.07597213238477707,0.2474290281534195,0.6474401950836182,-0.06525484472513199,0.26034310460090637,0.7022780776023865,-0.04559416323900223,0.33898037672042847,0.5897486209869385,-0.05225951969623566,0.2970050573348999,0.5781288743019104,-0.07600584626197815,0.28424862027168274,0.6433008909225464,-0.06465783715248108,0.2863919138908386,0.6878877878189087,-0.04956373944878578,L
0.8631659746170044,0.7744840979576111,-8.20074177454444e-08,0.7808728814125061,0.7592129707336426,-0.032629914581775665,0.6966391801834106,0.7272974848747253,-0.055553168058395386,0.6242082715034485,0.7078273296356201,-0.07984893769025803,0.5707889795303345,0.6993011236190796,-0.10278193652629852,0.6986228227615356,0.5586812496185303,-0.028240488842129707,0.6619985103607178,0.4470864534378052,-0.06409958004951477,0.6428744792938232,0.38292092084884644,-0.08666329830884933,0.6272872686386108,0.32614171504974365,-0.10264269262552261,0.7517013549804688,0.538316011428833,-0.03304138407111168,0.7508005499839783,0.4743407964706421,-0.0953652635216713,0.7756789326667786,0.5711838603019714,-0.10832700878381729,0.7852652072906494,0.6317330598831177,-0.10265637189149857,0.808542788028717,0.5355241298675537,-0.042663801461458206,0.813201367855072,0.48538410663604736,-0.09843290597200394,0.8225003480911255,0.5769863128662109,-0.08610264956951141,0.8194611668586731,0.6301438808441162,-0.06313664466142654,0.8594774603843689,0.5506205558776855,-0.05511100962758064,0.8653687238693237,0.5034165978431702,-0.08664987981319427,0.8593736290931702,0.5693498849868774,-0.07387398183345795,0.8501138687133789,0.6098862290382385,-0.056092843413352966,L
0.8603410124778748,0.7676767110824585,-8.257461558969226e-08,0.7760659456253052,0.7522422671318054,-0.03284454718232155,0.689020574092865,0.7163857221603394,-0.05470135062932968,0.6162755489349365,0.6916543841362,-0.0777193158864975,0.562544584274292,0.6807193756103516,-0.09942527115345001,0.6995351314544678,0.5490235686302185,-0.02733086608350277,0.6670005917549133,0.4377293586730957,-0.06213552504777908,0.6501908302307129,0.3741147816181183,-0.08369501680135727,0.6373283267021179,0.31731462478637695,-0.09898935258388519,0.7542482614517212,0.5314000248908997,-0.03221456706523895,0.7574732899665833,0.4614589214324951,-0.09322893619537354,0.7783808708190918,0.5596777200698853,-0.10489685088396072,0.7854911684989929,0.6214480400085449,-0.0981840118765831,0.8107015490531921,0.5309571027755737,-0.0421564094722271,0.8184211254119873,0.4768708050251007,-0.09836094081401825,0.8245183229446411,0.5711320638656616,-0.0861879214644432,0.82007896900177,0.627220094203949,-0.06287720054388046,0.8612534403800964,0.5478444695472717,-0.05484991520643234,0.8677778840065002,0.4995437264442444,-0.08767947554588318,0.8604541420936584,0.5657521486282349,-0.0757301077246666,0.8502298593521118,0.6077721118927002,-0.05822336673736572,L
0.858985185623169,0.773554265499115,-6.383425699141299e-08,0.7753686904907227,0.7520421743392944,-0.03189271315932274,0.6922677755355835,0.7148960828781128,-0.05456925928592682,0.6179706454277039,0.6924687623977661,-0.07874182611703873,0.564275860786438,0.685154139995575,-0.10179273039102554,0.70225989818573,0.5552424788475037,-0.02879730425775051,0.670426070690155,0.4409073293209076,-0.06689378619194031,0.6548152565956116,0.3751044273376465,-0.09120909869670868,0.6437296867370605,0.31617745757102966,-0.10794904828071594,0.7552186846733093,0.5375246405601501,-0.033013395965099335,0.7587547898292542,0.47291702032089233,-0.09480196237564087,0.7798959016799927,0.5709696412086487,-0.10653095692396164,0.7875150442123413,0.6307287216186523,-0.10043099522590637,0.8118405342102051,0.5364924669265747,-0.042168647050857544,0.8199920058250427,0.4854791760444641,-0.09732532501220703,0.8257966041564941,0.5791258215904236,-0.08359462022781372,0.821387767791748,0.6341903209686279,-0.059804607182741165,0.8613525032997131,0.5542429089546204,-0.054191213101148605,0.8703969120979309,0.5073854327201843,-0.08497092872858047,0.8608282804489136,0.5741641521453857,-0.07152187824249268,0.8496142029762268,0.6152405738830566,-0.053316015750169754,L
0.7756817936897278,0.7886872887611389,-7.681406088977383e-08,0.6491303443908691,0.7786296606063843,-0.04116963967680931,0.5198053121566772,0.7142114639282227,-0.06316441297531128,0.4303663969039917,0.6550812721252441,-0.08722331374883652,0.3595725893974304,0.6293350458145142,-0.10970796644687653,0.5345075130462646,0.4670692980289459,-0.011235187761485577,0.5074366927146912,0.3227836489677429,-0.04627689719200134,0.4918794333934784,0.23430880904197693,-0.07046476006507874,0.47753068804740906,0.16076883673667908,-0.08858023583889008,0.6062511801719666,0.4291418492794037,-0.02043691650032997,0.5892040133476257,0.2913619875907898,-0.08997349441051483,0.6182782649993896,0.4120464324951172,-0.10849470645189285,0.6314407587051392,0.5108834505081177,-0.10094224661588669,0.683059573173523,0.4151691794395447,-0.03715669736266136,0.6728164553642273,0.28749096393585205,-0.10509472340345383,0.6894161105155945,0.3959951102733612,-0.09707764536142349,0.6939896941184998,0.4831550419330597,-0.07093986123800278,0.7632023096084595,0.42451971769332886,-0.057112425565719604,0.7496712803840637,0.31215551495552063,-0.09917647391557693,0.7466682195663452,0.3823828399181366,-0.08782751858234406,0.7409217357635498,0.4536726176738739,-0.06763352453708649,L
0.7870866060256958,0.7324740886688232,-1.0424790986007793e-07,0.6729826927185059,0.7417365908622742,-0.05575748160481453,0.5460405349731445,0.7133596539497375,-0.0942532941699028,0.4426407217979431,0.6943955421447754,-0.1325150579214096,0.3646537959575653,0.6934424042701721,-0.16739074885845184,0.5460891127586365,0.45978379249572754,-0.05038319155573845,0.5085296630859375,0.3171660602092743,-0.11133730411529541,0.4730404317378998,0.23227685689926147,-0.13723498582839966,0.4485240578651428,0.1494256556034088,-0.15116409957408905,0.6268922090530396,0.4373795688152313,-0.05303475260734558,0.6051981449127197,0.37367671728134155,-0.12468642741441727,0.6398159265518188,0.5275126695632935,-0.11091417819261551,0.6490610837936401,0.5387781262397766,-0.08220642805099487,0.7095602750778198,0.4306059777736664,-0.0678856149315834,0.6988229155540466,0.3901101052761078,-0.1458335965871811,0.7133325934410095,0.5302762985229492,-0.10842496156692505,0.7081515192985535,0.5341501235961914,-0.06334584951400757,0.7884112000465393,0.4365473985671997,-0.08803530782461166,0.7763705253601074,0.39983826875686646,-0.1304609328508377,0.7734843492507935,0.504217267036438,-0.10058294236660004,0.7709159255027771,0.5257081985473633,-0.0679185539484024,L
0.7440346479415894,0.7400112152099609,-1.8681134861253668e-07,0.6478995084762573,0.7379640340805054,-0.032670293003320694,0.5387476086616516,0.7017190456390381,-0.056321658194065094,0.4568389058113098,0.6918741464614868,-0.08301986008882523,0.3963000774383545,0.6882500052452087,-0.10859905928373337,0.5393891334533691,0.5066234469413757,-0.02983810380101204,0.5033104419708252,0.38248318433761597,-0.0776633694767952,0.4749833941459656,0.3050428628921509,-0.10000679641962051,0.45605671405792236,0.23263320326805115,-0.11346277594566345,0.6047220826148987,0.48438912630081177,-0.03831341862678528,0.5782685875892639,0.4451676905155182,-0.09838906675577164,0.6076843738555908,0.5687437057495117,-0.09359990060329437,0.6201778054237366,0.5804967880249023,-0.07571298629045486,0.674741804599762,0.47377514839172363,-0.05524229258298874,0.6559059619903564,0.4476489722728729,-0.11854977160692215,0.6701774597167969,0.5652335286140442,-0.09005897492170334,0.6726081371307373,0.572547435760498,-0.05538817495107651,0.7451494932174683,0.47438254952430725,-0.07555799186229706,0.7268033027648926,0.44673967361450195,-0.11195631325244904,0.7229224443435669,0.5390627384185791,-0.08894887566566467,0.7218106389045715,0.5628048181533813,-0.06309626251459122,L
0.6813300848007202,0.7569127082824707,-1.6053829199336178e-07,0.615984320640564,0.7588343024253845,-0.014975911006331444,0.5447341799736023,0.7317559123039246,-0.028903454542160034,0.488357812166214,0.7200773358345032,-0.046810563653707504,0.4457775056362152,0.7261720895767212,-0.06511164456605911,0.5533542633056641,0.6028933525085449,-0.015126341953873634,0.528903603553772,0.5154014229774475,-0.04349944740533829,0.5087563991546631,0.465923011302948,-0.05577245354652405,0.4937998056411743,0.4210311770439148,-0.06359497457742691,0.5938553810119629,0.5887542366981506,-0.02459666132926941,0.5749096274375916,0.5663735866546631,-0.06528382003307343,0.590406060218811,0.6453749537467957,-0.06390601396560669,0.6006103157997131,0.6559025049209595,-0.05310012400150299,0.637162446975708,0.5843896865844727,-0.03848281130194664,0.6239644289016724,0.5742365121841431,-0.0790553018450737,0.6311466693878174,0.6490136384963989,-0.060752179473638535,0.6348623037338257,0.6530400514602661,-0.03861483931541443,0.6806687712669373,0.588091254234314,-0.05408560112118721,0.6683590412139893,0.578163743019104,-0.07430681586265564,0.6662901639938354,0.6339053511619568,-0.05790240690112114,0.6692904233932495,0.6425150036811829,-0.04076984152197838,L
0.6684619784355164,0.7782160639762878,-1.1155142232155413e-07,0.617527961730957,0.7880271673202515,-0.015829144045710564,0.5564512014389038,0.7665127515792847,-0.03010663390159607,0.5111104249954224,0.7463401556015015,-0.04740055650472641,0.4754752814769745,0.7470187544822693,-0.06468722224235535,0.560081958770752,0.650116503238678,-0.016292952001094818,0.5376262068748474,0.5795945525169373,-0.04249124228954315,0.5170356035232544,0.5374730229377747,-0.05216385796666145,0.5032894015312195,0.4990133047103882,-0.057267267256975174,0.5941662788391113,0.6397123336791992,-0.023585472255945206,0.5748788714408875,0.6143622994422913,-0.05680347606539726,0.5907275080680847,0.6876915097236633,-0.0494794137775898,0.6001228094100952,0.6898784041404724,-0.035053253173828125,0.6303824782371521,0.635208010673523,-0.03549928590655327,0.6190239787101746,0.6192762851715088,-0.0707337036728859,0.6261096000671387,0.6860916018486023,-0.05022909864783287,0.6296750903129578,0.6867687702178955,-0.02733430452644825,0.6669526696205139,0.6368217468261719,-0.04931367188692093,0.6565596461296082,0.622857928276062,-0.06718838959932327,0.6557180881500244,0.6724255084991455,-0.05054193735122681,0.6593492031097412,0.6799991130828857,-0.033616308122873306,L
0.6979343891143799,0.8176373839378357,2.4643554752401542e-08,0.6437219977378845,0.8243453502655029,-0.02447536401450634,0.5882458090782166,0.8167685270309448,-0.04771265760064125,0.5441373586654663,0.8186094164848328,-0.07319125533103943,0.5118731260299683,0.8225863575935364,-0.09818106144666672,0.5871895551681519,0.6791790723800659,-0.025913450866937637,0.5644311308860779,0.6055448055267334,-0.05601515993475914,0.5457039475440979,0.5573017597198486,-0.06900925934314728,0.534638524055481,0.5161046385765076,-0.07593449205160141,0.6236335635185242,0.6708781719207764,-0.030690107494592667,0.6109851002693176,0.6475331783294678,-0.0670355036854744,0.6257001757621765,0.7196508646011353,-0.06150730326771736,0.6321388483047485,0.722999632358551,-0.04801079258322716,0.661486804485321,0.6691194772720337,-0.04088472202420235,0.6529057025909424,0.656625509262085,-0.07580528408288956,0.6590092182159424,0.7218497395515442,-0.055382367223501205,0.660438060760498,0.7230553030967712,-0.03276839479804039,0.6985084414482117,0.6749369502067566,-0.05414297804236412,0.6890235543251038,0.6618757843971252,-0.07101605087518692,0.6874110102653503,0.7116310000419617,-0.05349009111523628,0.6891776323318481,0.7193372249603271,-0.0355607233941555,L
0.6989765763282776,0.8241996169090271,6.430241228372324e-09,0.6433810591697693,0.8275275826454163,-0.022952791303396225,0.5877683758735657,0.8168333768844604,-0.04442960396409035,0.5427930355072021,0.8164474964141846,-0.06818625330924988,0.5071107149124146,0.8203895092010498,-0.09155989438295364,0.5869874954223633,0.6861810088157654,-0.023220207542181015,0.5643865466117859,0.6124172210693359,-0.051708072423934937,0.5451114177703857,0.5644672513008118,-0.06413134932518005,0.5329797267913818,0.5245159864425659,-0.07074272632598877,0.6222701668739319,0.6792266964912415,-0.0277351476252079,0.608773946762085,0.6555372476577759,-0.062385644763708115,0.6234377026557922,0.7257615327835083,-0.057280734181404114,0.6299600005149841,0.7307268381118774,-0.04448656365275383,0.6592469811439514,0.678227961063385,-0.03741152212023735,0.6500043869018555,0.6627753376960754,-0.07179581373929977,0.6557707786560059,0.726708710193634,-0.052669916301965714,0.6572707891464233,0.7295244932174683,-0.03087489679455757,0.6955437660217285,0.6839931011199951,-0.04978591948747635,0.685208797454834,0.6679016351699829,-0.06640836596488953,0.682865560054779,0.716686487197876,-0.049498870968818665,0.684105396270752,0.7259342074394226,-0.03202468156814575,L
0.8397817611694336,0.7154847383499146,-2.7080684361635576e-08,0.7173932790756226,0.7104276418685913,-0.05136379227042198,0.5975049734115601,0.6876748204231262,-0.0904160737991333,0.49867111444473267,0.6825852394104004,-0.13220421969890594,0.4239395558834076,0.6703181862831116,-0.1699650138616562,0.5814974308013916,0.43558236956596375,-0.03409779444336891,0.5429620742797852,0.2920733690261841,-0.09574808180332184,0.508168637752533,0.20136860013008118,-0.1234571561217308,0.4877147376537323,0.11188814043998718,-0.1374230682849884,0.6638938784599304,0.41449403762817383,-0.03894800692796707,0.6377988457679749,0.34239551424980164,-0.10990767925977707,0.6680783629417419,0.5000571012496948,-0.09747058153152466,0.6738008260726929,0.5096033811569214,-0.068423792719841,0.7473170757293701,0.4032615125179291,-0.05691465735435486,0.7329939603805542,0.3502374291419983,-0.13326820731163025,0.7446718811988831,0.49514341354370117,-0.09572391211986542,0.7396692633628845,0.5043737292289734,-0.04942799732089043,0.8283336758613586,0.40417444705963135,-0.08040374517440796,0.813697338104248,0.3570682406425476,-0.11984257400035858,0.8084994554519653,0.4655793011188507,-0.08834319561719894,0.8058807253837585,0.49431145191192627,-0.05378783494234085,L
0.7475088238716125,0.7647473812103271,-1.0312978560023112e-07,0.6724001169204712,0.7502835988998413,-0.030651938170194626,0.5869177579879761,0.7057516574859619,-0.05600093677639961,0.517936646938324,0.6831472516059875,-0.08482116460800171,0.4641607403755188,0.6815713047981262,-0.11290796101093292,0.6011446714401245,0.5321595072746277,-0.025488365441560745,0.5800957083702087,0.42180654406547546,-0.0643579363822937,0.558568000793457,0.3504038453102112,-0.0784175768494606,0.544968843460083,0.2909344434738159,-0.08552499115467072,0.6529015898704529,0.5287868976593018,-0.03311612084507942,0.62659752368927,0.4841553270816803,-0.0845864936709404,0.6403956413269043,0.5978032946586609,-0.07485372573137283,0.6523224115371704,0.6106862425804138,-0.052955929189920425,0.7082105278968811,0.5319839715957642,-0.04858676344156265,0.6922314167022705,0.5002692341804504,-0.10435794293880463,0.6951416730880737,0.6037641167640686,-0.07645714282989502,0.6986037492752075,0.6127985715866089,-0.04239152371883392,0.7645200490951538,0.5427964925765991,-0.06726125627756119,0.7505731582641602,0.5122395753860474,-0.09811599552631378,0.7406973838806152,0.5895653367042542,-0.076324462890625,0.7395686507225037,0.610447883605957,-0.052017077803611755,L
0.7353383302688599,0.783129096031189,5.858394658275756e-08,0.6561176776885986,0.7774844169616699,-0.0432608425617218,0.5727975964546204,0.7469760775566101,-0.0764412209391594,0.5047755241394043,0.7306287288665771,-0.11138758808374405,0.45269325375556946,0.7286495566368103,-0.14478270709514618,0.5795828700065613,0.5622031688690186,-0.034229911863803864,0.5580259561538696,0.4524979293346405,-0.07696689665317535,0.5417280197143555,0.38011616468429565,-0.09315446764230728,0.5335589051246643,0.3164392113685608,-0.10042434185743332,0.6347870230674744,0.5581346154212952,-0.036939069628715515,0.6174182295799255,0.5148504376411438,-0.09050663560628891,0.6314101219177246,0.6267822980880737,-0.08148442953824997,0.637315571308136,0.633949339389801,-0.05932554602622986,0.6910691857337952,0.5592502951622009,-0.04899067431688309,0.6833093166351318,0.5310550928115845,-0.10781235247850418,0.6854386329650879,0.6333437561988831,-0.08153019845485687,0.6827164888381958,0.6376979351043701,-0.04768985137343407,0.7467382550239563,0.5658116936683655,-0.06527422368526459,0.7385761141777039,0.5368463397026062,-0.09610223770141602,0.7319210171699524,0.6140376925468445,-0.07333842664957047,0.7303794622421265,0.6321148872375488,-0.0478065088391304,L
0.9178558588027954,0.6155416965484619,-9.865529726482691e-09,0.8367831110954285,0.5833576917648315,-0.052532393485307693,0.7579423189163208,0.5438727140426636,-0.09161838889122009,0.6791797876358032,0.5102213621139526,-0.13093015551567078,0.6152979731559753,0.48316070437431335,-0.16562870144844055,0.7523391246795654,0.3474293351173401,-0.04233181104063988,0.7282614707946777,0.2268899530172348,-0.09663398563861847,0.7155855298042297,0.15128964185714722,-0.1221613958477974,0.7095773816108704,0.08089932799339294,-0.1341859996318817,0.8138917684555054,0.34465134143829346,-0.042235296219587326,0.8213520050048828,0.28352999687194824,-0.10414953529834747,0.8278321623802185,0.4062620997428894,-0.09853436797857285,0.8143341541290283,0.4268876910209656,-0.07780524343252182,0.8782060146331787,0.35204851627349854,-0.053049806505441666,0.8929846882820129,0.3040851950645447,-0.12165465950965881,0.8866637349128723,0.4203091263771057,-0.09856127947568893,0.8658786416053772,0.4387524425983429,-0.06470867991447449,0.937673032283783,0.36927831172943115,-0.06851455569267273,0.9556542634963989,0.32411420345306396,-0.10865934938192368,0.93990558385849,0.40591269731521606,-0.08935289084911346,0.9200402498245239,0.43729740381240845,-0.06390441209077835,L
0.3744233548641205,0.6664856672286987,-8.9985057627473e-08,0.2927439212799072,0.6492277383804321,-0.016320843249559402,0.2086777687072754,0.5912575721740723,-0.035910096019506454,0.1406289041042328,0.5572488307952881,-0.06129448860883713,0.0842064917087555,0.551629900932312,-0.08768963813781738,0.26444002985954285,0.4336998462677002,-0.010503005236387253,0.26199769973754883,0.32849985361099243,-0.03967371955513954,0.2552489638328552,0.26254409551620483,-0.05376866087317467,0.25728651881217957,0.20814844965934753,-0.06370547413825989,0.31172797083854675,0.4336477816104889,-0.02344346046447754,0.28021007776260376,0.39251673221588135,-0.06653177738189697,0.2783214747905731,0.4935523271560669,-0.06499162316322327,0.29723820090293884,0.5127174258232117,-0.05270998179912567,0.35955387353897095,0.44358131289482117,-0.04159076139330864,0.3288304805755615,0.4119827151298523,-0.08331240713596344,0.32015976309776306,0.5025107860565186,-0.05950186029076576,0.33311590552330017,0.5165603160858154,-0.03295319154858589,0.40757647156715393,0.461989164352417,-0.0621207021176815,0.3783661127090454,0.43861058354377747,-0.08135615289211273,0.36249327659606934,0.5006133317947388,-0.0596579872071743,0.3697039484977722,0.5165438652038574,-0.0386391282081604,L
0.7929599285125732,0.7877956628799438,1.7014462727615864e-08,0.6814159154891968,0.7842752933502197,-0.06071431562304497,0.5763272047042847,0.7541418075561523,-0.10087572783231735,0.48624110221862793,0.7493447065353394,-0.13911086320877075,0.41513293981552124,0.7483473420143127,-0.17186036705970764,0.5596829056739807,0.5174184441566467,-0.05201898142695427,0.5334904789924622,0.3795214295387268,-0.12370885908603668,0.5083910822868347,0.2926742434501648,-0.15726204216480255,0.49465644359588623,0.20293274521827698,-0.17269399762153625,0.6402028799057007,0.49833986163139343,-0.04888936132192612,0.626491367816925,0.44423025846481323,-0.11906733363866806,0.6480931043624878,0.5905717015266418,-0.10642284154891968,0.6458775401115417,0.5860195755958557,-0.07864979654550552,0.7191729545593262,0.49136167764663696,-0.059834204614162445,0.7153181433677673,0.45703744888305664,-0.13745127618312836,0.7209274768829346,0.5930351614952087,-0.10493673384189606,0.7094653248786926,0.5858321785926819,-0.06231692060828209,0.7926537394523621,0.4964682161808014,-0.07650353014469147,0.7884960770606995,0.4710012972354889,-0.11710625886917114,0.781041145324707,0.5681732296943665,-0.09049054235219955,0.7757229208946228,0.5818465948104858,-0.05917079746723175,L
0.8002641797065735,0.7745837569236755,1.0454509435930959e-07,0.6991188526153564,0.7651695013046265,-0.06252462416887283,0.5930829048156738,0.7353211641311646,-0.10977596044540405,0.5030089616775513,0.7355120182037354,-0.1576959490776062,0.4344487190246582,0.7493443489074707,-0.20233142375946045,0.586933970451355,0.4928128123283386,-0.050780847668647766,0.5563743114471436,0.3611336946487427,-0.11091776937246323,0.5270700454711914,0.2734370529651642,-0.13617248833179474,0.5100066661834717,0.1914818286895752,-0.1489766538143158,0.6604602336883545,0.47442641854286194,-0.05037752911448479,0.6469082236289978,0.4337022304534912,-0.12294665724039078,0.6643849611282349,0.5806290507316589,-0.11229798197746277,0.6670106649398804,0.5821393132209778,-0.08482898771762848,0.7357995510101318,0.4708699584007263,-0.06302061676979065,0.7320959568023682,0.4490230679512024,-0.1374758929014206,0.7316581010818481,0.5804197788238525,-0.10469808429479599,0.7231130599975586,0.5779480338096619,-0.06331973522901535,0.8073057532310486,0.47962093353271484,-0.08224823325872421,0.8020200729370117,0.4647175073623657,-0.11839745193719864,0.7901822924613953,0.5606342554092407,-0.09180885553359985,0.7840220928192139,0.5716515183448792,-0.06240622326731682,L
0.6380420923233032,0.7216946482658386,-2.489125705551487e-08,0.5994978547096252,0.7182934284210205,-0.011035840027034283,0.5603734254837036,0.7016415596008301,-0.023098524659872055,0.5278903245925903,0.690880298614502,-0.037542980164289474,0.5031647086143494,0.6868858933448792,-0.05229887738823891,0.566365122795105,0.6172145009040833,-0.01201821118593216,0.5560625195503235,0.5604320764541626,-0.03160789608955383,0.5443775653839111,0.5244387984275818,-0.04135098308324814,0.5375632643699646,0.4945058226585388,-0.047275200486183167,0.591025710105896,0.6128400564193726,-0.01745275966823101,0.577288806438446,0.587490439414978,-0.04262828454375267,0.5837457180023193,0.6397452354431152,-0.04101737216114998,0.59206223487854,0.6506650447845459,-0.03331305831670761,0.6172366142272949,0.6137407422065735,-0.025787586346268654,0.6080487370491028,0.5965374112129211,-0.050675179809331894,0.6085803508758545,0.643455982208252,-0.03785647079348564,0.6126264929771423,0.6525969505310059,-0.022527914494276047,0.6433044075965881,0.6201143860816956,-0.035365574061870575,0.6332149505615234,0.6045393943786621,-0.047387611120939255,0.6285315752029419,0.6386011838912964,-0.03564988821744919,0.6307975649833679,0.6491855382919312,-0.02357422560453415,L
0.5640806555747986,0.3566734194755554,-8.736554235611038e-08,0.4950890839099884,0.35991328954696655,-0.01818210631608963,0.4319097101688385,0.3387603163719177,-0.03218146786093712,0.3798356354236603,0.3187292218208313,-0.04948854818940163,0.33947262167930603,0.3081424832344055,-0.06759956479072571,0.45593753457069397,0.207895889878273,-0.005255499389022589,0.4403599202632904,0.13031712174415588,-0.02889927104115486,0.42558079957962036,0.07992273569107056,-0.04294074699282646,0.4154186248779297,0.038559749722480774,-0.05266638472676277,0.4935179352760315,0.19656023383140564,-0.012590659782290459,0.46965187788009644,0.14545109868049622,-0.05040796101093292,0.47982361912727356,0.2253056913614273,-0.054229822009801865,0.4940144717693329,0.26148736476898193,-0.04569574445486069,0.5334284901618958,0.19491714239120483,-0.024470048025250435,0.5150707364082336,0.15231500566005707,-0.06294039636850357,0.5187654495239258,0.22915801405906677,-0.0489516519010067,0.5266361236572266,0.26123979687690735,-0.027934778481721878,0.5751500725746155,0.2036275714635849,-0.03808378428220749,0.5586518049240112,0.16885051131248474,-0.05946655198931694,0.5522046089172363,0.22269119322299957,-0.04569661617279053,0.5543087720870972,0.247782900929451,-0.02933642640709877,L
0.6575268507003784,0.979110836982727,8.455158351239334e-09,0.5977135300636292,0.971817135810852,-0.027708636596798897,0.5410729646682739,0.9494723081588745,-0.05089211091399193,0.48841172456741333,0.9306433200836182,-0.07576681673526764,0.4459380507469177,0.9211850762367249,-0.09935542196035385,0.5512555241584778,0.8172323703765869,-0.020967386662960052,0.5415732860565186,0.7379910945892334,-0.05126002058386803,0.5310384035110474,0.6849746108055115,-0.06585998833179474,0.528201162815094,0.6393589377403259,-0.07343599200248718,0.5887849926948547,0.8154302835464478,-0.022462112829089165,0.58354252576828,0.7820473313331604,-0.058107852935791016,0.5879551768302917,0.8595690131187439,-0.05364140123128891,0.5887416005134583,0.8705645799636841,-0.040707141160964966,0.6274459362030029,0.8181434273719788,-0.0299947801977396,0.626230001449585,0.7887578010559082,-0.06787464767694473,0.6226837635040283,0.8589993715286255,-0.04973211511969566,0.6190633177757263,0.8718622922897339,-0.027242761105298996,0.6646524667739868,0.8270803093910217,-0.04031720757484436,0.6621133685112,0.7995606064796448,-0.060357894748449326,0.6536068916320801,0.8511469960212708,-0.0444563664495945,0.6507465243339539,0.8699022531509399,-0.026684805750846863,L
0.6573960781097412,0.9712163805961609,-3.9414613794974684e-09,0.598034679889679,0.968470573425293,-0.026738829910755157,0.5395704507827759,0.9444937705993652,-0.04881998896598816,0.4882919192314148,0.9255119562149048,-0.07264774292707443,0.44611287117004395,0.9195621609687805,-0.09553411602973938,0.5509467124938965,0.812467634677887,-0.020129486918449402,0.5411944389343262,0.7337020039558411,-0.04905626177787781,0.5292410850524902,0.6832350492477417,-0.06305842101573944,0.5250458121299744,0.6386582851409912,-0.07111877202987671,0.5891167521476746,0.8092899322509766,-0.02325546368956566,0.582603931427002,0.7744701504707336,-0.06087357923388481,0.5883980989456177,0.8536472916603088,-0.05863744020462036,0.5914458632469177,0.8669008016586304,-0.046898674219846725,0.6278290748596191,0.8113287687301636,-0.032080065459012985,0.6259876489639282,0.782623827457428,-0.07113762944936752,0.6238459944725037,0.8542527556419373,-0.053979456424713135,0.6218869090080261,0.867210865020752,-0.03197783976793289,0.6656285524368286,0.8196682333946228,-0.04359007254242897,0.6611870527267456,0.7928910255432129,-0.06481046229600906,0.6542110443115234,0.845262348651886,-0.04974697530269623,0.652345597743988,0.8629373908042908,-0.03256157785654068,L
0.8849331140518188,0.7239872217178345,5.32737978176101e-08,0.8209869861602783,0.693396806716919,-0.04818546026945114,0.7633549571037292,0.6627447605133057,-0.08181490004062653,0.7024397253990173,0.642241358757019,-0.1136644184589386,0.6530605554580688,0.6348958611488342,-0.14171236753463745,0.753980815410614,0.49884575605392456,-0.03971625119447708,0.7318547964096069,0.401439905166626,-0.08649592101573944,0.7197667956352234,0.34010031819343567,-0.11194608360528946,0.7147721648216248,0.2788551449775696,-0.12557640671730042,0.8088325262069702,0.49521422386169434,-0.03574002534151077,0.8159158229827881,0.4508921802043915,-0.08640894293785095,0.8185550570487976,0.5510645508766174,-0.08438320457935333,0.8094508051872253,0.5688855648040771,-0.07027298212051392,0.8627437353134155,0.5050312280654907,-0.04096721485257149,0.8733823299407959,0.4728688597679138,-0.09410267323255539,0.8633874654769897,0.5634868741035461,-0.07638100534677505,0.8479394912719727,0.5768217444419861,-0.05071259289979935,0.9087194204330444,0.5241014957427979,-0.05066902935504913,0.922112762928009,0.490105539560318,-0.07914530485868454,0.9060152173042297,0.5554274320602417,-0.06241269037127495,0.8911994099617004,0.5811275243759155,-0.04218784347176552,L
0.29475656151771545,0.550084114074707,-1.201881758561285e-07,0.22410976886749268,0.56185382604599,-0.01115297619253397,0.15795180201530457,0.5497621893882751,-0.02423105388879776,0.10326695442199707,0.5455549359321594,-0.042947567999362946,0.061341509222984314,0.5563309192657471,-0.06372716277837753,0.19023340940475464,0.4073292016983032,0.00039695441955700517,0.1696445494890213,0.3280332088470459,-0.018557509407401085,0.15136829018592834,0.2793990671634674,-0.03090490773320198,0.13851122558116913,0.23904258012771606,-0.040966957807540894,0.22348448634147644,0.3901776969432831,-0.010036038234829903,0.18931151926517487,0.35372278094291687,-0.045473527163267136,0.19989483058452606,0.4270278811454773,-0.05036754906177521,0.2211538851261139,0.4555842876434326,-0.04419064521789551,0.25823622941970825,0.38327518105506897,-0.024071555584669113,0.22341066598892212,0.35357922315597534,-0.05656186491250992,0.2290956974029541,0.426814466714859,-0.04222533851861954,0.24572956562042236,0.4515348970890045,-0.023486463353037834,0.2967308461666107,0.3844015300273895,-0.03976847603917122,0.2670957148075104,0.3611081838607788,-0.055197183042764664,0.26113826036453247,0.41333505511283875,-0.04050619527697563,0.2702174782752991,0.43534958362579346,-0.025340449064970016,L
0.5331504940986633,0.40175962448120117,-6.628425097687796e-08,0.45542457699775696,0.4085688591003418,-0.024064457044005394,0.3833865225315094,0.39205506443977356,-0.04041923210024834,0.3250449299812317,0.3726962208747864,-0.05931525677442551,0.28165850043296814,0.358248233795166,-0.07811521738767624,0.40462809801101685,0.24616365134716034,-0.006912893150001764,0.38476088643074036,0.16507452726364136,-0.032275233417749405,0.3695865869522095,0.11194375157356262,-0.04817786067724228,0.3599593937397003,0.0671137124300003,-0.05955139920115471,0.44722652435302734,0.22962000966072083,-0.013893632218241692,0.42665740847587585,0.1639856994152069,-0.05980885028839111,0.43754956126213074,0.25063347816467285,-0.06734181195497513,0.45054298639297485,0.3029528260231018,-0.05896534025669098,0.4916382133960724,0.22721271216869354,-0.02616296336054802,0.47776365280151367,0.17546319961547852,-0.0704704076051712,0.48015764355659485,0.2561682164669037,-0.05932489037513733,0.485335111618042,0.2998073101043701,-0.03836569935083389,0.5377599596977234,0.23800353705883026,-0.04067342355847359,0.5250670313835144,0.1974503993988037,-0.06638525426387787,0.5172111988067627,0.25282344222068787,-0.05540279671549797,0.5155243277549744,0.28468331694602966,-0.04005260020494461,L
0.6181449294090271,0.8677449226379395,-1.2797519843843475e-07,0.5450400710105896,0.8640908598899841,-0.01797875016927719,0.4717472493648529,0.8309935331344604,-0.0329282321035862,0.4179587960243225,0.8147532939910889,-0.05017347261309624,0.3790093660354614,0.8005037307739258,-0.06739502400159836,0.49734556674957275,0.6911264657974243,-0.01902555115520954,0.47707659006118774,0.6025514602661133,-0.048969775438308716,0.46017661690711975,0.5481253266334534,-0.0651358887553215,0.4501693844795227,0.49994659423828125,-0.0759008452296257,0.5425893664360046,0.6812926530838013,-0.028029514476656914,0.521545946598053,0.6369603872299194,-0.07244295626878738,0.5329729318618774,0.7251550555229187,-0.07406491786241531,0.548870861530304,0.755815863609314,-0.06325453519821167,0.5898166298866272,0.6840249300003052,-0.041308753192424774,0.5751143097877502,0.6561679840087891,-0.08234822005033493,0.5789774060249329,0.7339462041854858,-0.06380463391542435,0.5879451036453247,0.7519056797027588,-0.04010208323597908,0.6357988119125366,0.6978678703308105,-0.056538745760917664,0.6204124093055725,0.6691964268684387,-0.07742449641227722,0.6135297417640686,0.7262295484542847,-0.05995781347155571,0.6177434325218201,0.7428566217422485,-0.041355691850185394,L
0.791879415512085,0.7620477676391602,-6.97299711305277e-08,0.7152771949768066,0.750219464302063,-0.03806367516517639,0.6301138997077942,0.7118805646896362,-0.06345400959253311,0.55842524766922,0.6871508359909058,-0.08925741165876389,0.5032992362976074,0.6679728627204895,-0.11305371671915054,0.6331290006637573,0.5479934215545654,-0.03222156688570976,0.6041700839996338,0.43879178166389465,-0.07075176388025284,0.5876994729042053,0.37415850162506104,-0.09101498872041702,0.5739585161209106,0.31488192081451416,-0.10446078330278397,0.6872215270996094,0.5337923765182495,-0.03594224527478218,0.6865383982658386,0.4815911054611206,-0.09421196579933167,0.7033858299255371,0.5809273719787598,-0.10067279636859894,0.7014080882072449,0.6125237345695496,-0.09137529879808426,0.7456463575363159,0.5334504842758179,-0.04622141644358635,0.7533425688743591,0.5009960532188416,-0.10249470174312592,0.7569236755371094,0.594150722026825,-0.08692003786563873,0.7448963522911072,0.6156337857246399,-0.06274499744176865,0.8014273643493652,0.5450140237808228,-0.059954240918159485,0.8079739212989807,0.5151413083076477,-0.09179546684026718,0.8015528917312622,0.5843619704246521,-0.07717710733413696,0.7889113426208496,0.6083946228027344,-0.0584602952003479,L
0.7740014791488647,0.7601555585861206,-7.902488619038195e-08,0.6963747143745422,0.7527058720588684,-0.023443371057510376,0.6171019673347473,0.7165794968605042,-0.0386023186147213,0.5556415915489197,0.693758487701416,-0.056289877742528915,0.5089720487594604,0.6838865280151367,-0.0737808495759964,0.6244515180587769,0.5610224008560181,-0.012850549072027206,0.6073637008666992,0.4582299590110779,-0.04016644507646561,0.5983093976974487,0.393402636051178,-0.058427367359399796,0.5893964767456055,0.34013262391090393,-0.07153335213661194,0.6712400913238525,0.5449924468994141,-0.01958942785859108,0.6583268046379089,0.48378658294677734,-0.07168374210596085,0.6747896671295166,0.5694088339805603,-0.08485304564237595,0.6835253834724426,0.6296887993812561,-0.08018065989017487,0.7212509512901306,0.5420083999633789,-0.030371852219104767,0.7150858044624329,0.49348384141921997,-0.08007718622684479,0.7215282320976257,0.5792612433433533,-0.07302369177341461,0.7210971713066101,0.6349072456359863,-0.05380964279174805,0.7720245718955994,0.5508633852005005,-0.04269179329276085,0.7645739316940308,0.5040270090103149,-0.07227601855993271,0.7584730386734009,0.5651601552963257,-0.06292300671339035,0.7516219019889832,0.6097702383995056,-0.04757162556052208,L
0.7839857935905457,0.735636830329895,-4.721771773574801e-08,0.7053048610687256,0.7296160459518433,-0.02773408778011799,0.6274765133857727,0.7003807425498962,-0.045764897018671036,0.5646653771400452,0.6792780756950378,-0.06560344249010086,0.5172094106674194,0.6653307676315308,-0.08476877212524414,0.6324189901351929,0.546367347240448,-0.018573500216007233,0.6126893162727356,0.44404083490371704,-0.048294588923454285,0.6016137003898621,0.38099032640457153,-0.0688093975186348,0.5901903510093689,0.32815083861351013,-0.08340353518724442,0.6788839101791382,0.5291134119033813,-0.023159997537732124,0.6702777147293091,0.47130271792411804,-0.07717391103506088,0.687818706035614,0.5525352358818054,-0.09235899895429611,0.6953693628311157,0.6112933158874512,-0.08982282131910324,0.7274141907691956,0.5243412852287292,-0.031997233629226685,0.7236528992652893,0.47600603103637695,-0.08398124575614929,0.7310736775398254,0.5596362352371216,-0.07845018804073334,0.7304561734199524,0.6177648305892944,-0.06021757051348686,0.776095986366272,0.5315290689468384,-0.042673949152231216,0.7711353302001953,0.48622944951057434,-0.07526165246963501,0.7665107846260071,0.5464958548545837,-0.06763836741447449,0.7594983577728271,0.5942702293395996,-0.05294341966509819,L
0.7819814682006836,0.7214341163635254,-8.227742398503324e-08,0.703933596611023,0.7151689529418945,-0.02601097710430622,0.6230233311653137,0.6823045611381531,-0.042998332530260086,0.5596145391464233,0.6611046195030212,-0.06186770275235176,0.5124138593673706,0.6457858681678772,-0.08028191328048706,0.6298191547393799,0.5277196764945984,-0.01719515584409237,0.609245240688324,0.42763543128967285,-0.04812658578157425,0.59645676612854,0.3645576238632202,-0.06925786286592484,0.5849953889846802,0.31161409616470337,-0.08401676267385483,0.6762512922286987,0.5112097263336182,-0.02316807396709919,0.6631251573562622,0.4504302740097046,-0.07633017748594284,0.6807510256767273,0.5371600985527039,-0.08963819593191147,0.6894529461860657,0.5959715843200684,-0.08571355044841766,0.7257590293884277,0.5067181587219238,-0.0336102619767189,0.7188412547111511,0.45366984605789185,-0.08452165871858597,0.7265994548797607,0.5412705540657043,-0.07600104063749313,0.7271331548690796,0.5975633263587952,-0.056038402020931244,0.7759433388710022,0.5153278112411499,-0.045932549983263016,0.7674307823181152,0.4678438603878021,-0.0769287645816803,0.7634749412536621,0.530154824256897,-0.06668834388256073,0.7586487531661987,0.5750154256820679,-0.05056615173816681,L
0.7766742706298828,0.721041202545166,-7.506253041356103e-08,0.6946617960929871,0.7113860845565796,-0.02450854517519474,0.6149128675460815,0.6806290149688721,-0.04059771075844765,0.5506352186203003,0.6608585119247437,-0.0592174157500267,0.5035573244094849,0.6507158875465393,-0.07740812003612518,0.6248306632041931,0.5244479775428772,-0.012501985765993595,0.6043215394020081,0.4246915280818939,-0.041190434247255325,0.5936000943183899,0.36204835772514343,-0.0619022473692894,0.583198606967926,0.3094317317008972,-0.07678204774856567,0.6711832284927368,0.5084794163703918,-0.018147628754377365,0.6602924466133118,0.45025634765625,-0.07135339081287384,0.6777025461196899,0.5343517065048218,-0.08678920567035675,0.687015175819397,0.5954585671424866,-0.08425575494766235,0.7207081317901611,0.5050915479660034,-0.027931388467550278,0.7168027758598328,0.4561637341976166,-0.07821110635995865,0.7233955264091492,0.5422738790512085,-0.07244334369897842,0.7224583625793457,0.6020004749298096,-0.05419057235121727,0.7693525552749634,0.5142990350723267,-0.039444923400878906,0.7644091248512268,0.4676419496536255,-0.06980330497026443,0.7576301097869873,0.5299181342124939,-0.06115100160241127,0.7501254677772522,0.5785032510757446,-0.04610327258706093,L
0.8410459756851196,0.6184414029121399,-5.698996474734486e-08,0.7302362322807312,0.596335232257843,-0.03154662251472473,0.6344017386436462,0.5543840527534485,-0.05210225284099579,0.550635814666748,0.5160605907440186,-0.07661393284797668,0.4905587434768677,0.490697979927063,-0.09970275312662125,0.6544535160064697,0.3632623851299286,-0.006107565481215715,0.6324613094329834,0.23509450256824493,-0.045196373015642166,0.6206459999084473,0.15613701939582825,-0.07541514188051224,0.6107763051986694,0.08659529685974121,-0.09727594256401062,0.7150089740753174,0.3480725884437561,-0.014376509003341198,0.7044958472251892,0.26572245359420776,-0.08482615649700165,0.7216637134552002,0.3770494759082794,-0.10766717791557312,0.7310213446617126,0.45272156596183777,-0.10604214668273926,0.7787583470344543,0.34696412086486816,-0.02881724014878273,0.7780150771141052,0.2719639837741852,-0.09531906992197037,0.7793490290641785,0.3838968873023987,-0.087897889316082,0.774574339389801,0.4599412679672241,-0.06363537162542343,0.8400223851203918,0.36346954107284546,-0.045969948172569275,0.8392907977104187,0.30046525597572327,-0.08663934469223022,0.8255435228347778,0.38059085607528687,-0.07559001445770264,0.8143174052238464,0.4407682418823242,-0.05563952401280403,L
0.8441479206085205,0.6084956526756287,-4.571752398874196e-08,0.738878071308136,0.5916987061500549,-0.03334827348589897,0.6438584923744202,0.5511239171028137,-0.05589259788393974,0.5623769760131836,0.5134860277175903,-0.08179304748773575,0.5030719041824341,0.48754316568374634,-0.10643146187067032,0.6600944399833679,0.3631170392036438,-0.013598448596894741,0.6395472884178162,0.23820427060127258,-0.05474730208516121,0.6281507611274719,0.16105856001377106,-0.0859929621219635,0.6180779933929443,0.09213024377822876,-0.10823772102594376,0.720866322517395,0.34669533371925354,-0.02166678197681904,0.7134043574333191,0.2661568522453308,-0.09383610635995865,0.7290483713150024,0.3737463355064392,-0.11754531413316727,0.7350283861160278,0.4481619894504547,-0.11638928204774857,0.7840675711631775,0.34382355213165283,-0.035638511180877686,0.7844715714454651,0.27329689264297485,-0.10268105566501617,0.7864748239517212,0.37919846177101135,-0.09557980298995972,0.7811645269393921,0.45143312215805054,-0.07159227132797241,0.8448762893676758,0.3575358986854553,-0.052384115755558014,0.8449705243110657,0.29682108759880066,-0.09287316352128983,0.8339117169380188,0.37023961544036865,-0.08174560219049454,0.8237298130989075,0.42539626359939575,-0.061670806258916855,L
0.7571184039115906,0.9318093061447144,-8.937717410617552e-08,0.6971924304962158,0.9245105385780334,-0.01860320195555687,0.6380953788757324,0.8972339630126953,-0.032174162566661835,0.5916271209716797,0.8830735683441162,-0.047995347529649734,0.5562649369239807,0.8761253952980042,-0.06380472332239151,0.6460066437721252,0.7759071588516235,-0.015107234939932823,0.6278041005134583,0.691891610622406,-0.04006529599428177,0.617148756980896,0.6392025947570801,-0.05657047778367996,0.6071760654449463,0.5937832593917847,-0.0679682195186615,0.6826812028884888,0.7663847208023071,-0.02025553211569786,0.6740185022354126,0.7300166487693787,-0.06174615025520325,0.6885668635368347,0.7994470000267029,-0.07074008882045746,0.6969462633132935,0.8378199934959412,-0.06708085536956787,0.7205577492713928,0.7652539610862732,-0.028673801571130753,0.7149596810340881,0.7352685928344727,-0.06728140264749527,0.7208361029624939,0.8030940294265747,-0.058766573667526245,0.7225396633148193,0.8384293913841248,-0.04243869706988335,0.7580695152282715,0.7716938853263855,-0.038601476699113846,0.750914454460144,0.7390578985214233,-0.060046061873435974,0.7469702363014221,0.7885007858276367,-0.04957125335931778,0.7446028590202332,0.8171371817588806,-0.03564608469605446,L
0.7564736008644104,0.9347407817840576,-8.09020619385592e-08,0.6987630128860474,0.9284482002258301,-0.01923576556146145,0.6411230564117432,0.8988985419273376,-0.0327354297041893,0.5962487459182739,0.8827891945838928,-0.048407621681690216,0.5609973669052124,0.8757595419883728,-0.06386616080999374,0.64336758852005,0.7776092886924744,-0.013925479725003242,0.6260826587677002,0.6942343711853027,-0.03924278914928436,0.6165957450866699,0.6400513648986816,-0.05599940940737724,0.6076380014419556,0.5957590341567993,-0.06736813485622406,0.6803934574127197,0.7672550678253174,-0.019007278606295586,0.6713834404945374,0.7330887913703918,-0.06077892333269119,0.6870319247245789,0.8013726472854614,-0.06962331384420395,0.6953592300415039,0.8398491740226746,-0.06537633389234543,0.7196413278579712,0.7654869556427002,-0.027730606496334076,0.7152024507522583,0.7376952767372131,-0.0663403868675232,0.7210456132888794,0.8031230568885803,-0.058127086609601974,0.7217276096343994,0.8371369242668152,-0.041810136288404465,0.7594165802001953,0.7716630101203918,-0.03813423588871956,0.7543159127235413,0.7418491840362549,-0.05958002433180809,0.7491702437400818,0.7900006175041199,-0.04971929267048836,0.7446767687797546,0.8179154396057129,-0.036089468747377396,L
0.515415608882904,0.36989396810531616,-8.964723718918322e-08,0.44268670678138733,0.3738253712654114,-0.020371651276946068,0.3757743835449219,0.35474786162376404,-0.03366073593497276,0.322112500667572,0.3409384489059448,-0.05012848600745201,0.2833406925201416,0.33438196778297424,-0.06699702143669128,0.3992251753807068,0.20902952551841736,-0.0008117018151097,0.37950819730758667,0.12975165247917175,-0.021420501172542572,0.3640943467617035,0.07851280272006989,-0.035698454827070236,0.35105523467063904,0.038543701171875,-0.04669898748397827,0.43566590547561646,0.19374112784862518,-0.007581219542771578,0.4056517779827118,0.14443641901016235,-0.049770429730415344,0.42072102427482605,0.2228957712650299,-0.05988219380378723,0.438521146774292,0.2746592164039612,-0.05449854955077171,0.47633811831474304,0.19030357897281647,-0.01883923076093197,0.45349857211112976,0.1451963186264038,-0.060950782150030136,0.4604167640209198,0.22213539481163025,-0.05284486338496208,0.4701496660709381,0.2715945243835449,-0.03423474729061127,0.5206928849220276,0.19853410124778748,-0.03185473755002022,0.5003845691680908,0.15850946307182312,-0.05786202847957611,0.4954182505607605,0.21421602368354797,-0.04860234260559082,0.49743515253067017,0.2536948621273041,-0.03412330150604248,L
0.28019142150878906,0.810969889163971,-1.3037970347795635e-07,0.21100381016731262,0.8043947219848633,-0.008098645135760307,0.14410488307476044,0.7668628096580505,-0.018053991720080376,0.09280691295862198,0.7494674921035767,-0.03368306905031204,0.05402219295501709,0.7526038885116577,-0.05142547935247421,0.18369591236114502,0.6208823323249817,0.0008712948765605688,0.17639754712581635,0.5263360142707825,-0.01768728345632553,0.17103740572929382,0.4662311375141144,-0.03035154566168785,0.16783452033996582,0.4203927516937256,-0.040076956152915955,0.22126822173595428,0.613246500492096,-0.010871447622776031,0.18966804444789886,0.5702725052833557,-0.04993925243616104,0.1901932954788208,0.6510707139968872,-0.057574301958084106,0.20420211553573608,0.7049654126167297,-0.05149311572313309,0.2588151693344116,0.6169087886810303,-0.02560962364077568,0.22778788208961487,0.5818663835525513,-0.06031790003180504,0.22375991940498352,0.6576758027076721,-0.050310373306274414,0.2328454703092575,0.7046062350273132,-0.032668355852365494,0.3003188967704773,0.6279340982437134,-0.04144471138715744,0.2713976502418518,0.5973783135414124,-0.05963468179106712,0.2551651895046234,0.6474400162696838,-0.04850931465625763,0.2535940706729889,0.6845718026161194,-0.034396540373563766,L
0.6540542244911194,0.9450210332870483,-9.106061327202042e-08,0.5953890085220337,0.9424303770065308,-0.012939896434545517,0.537590742111206,0.9180091023445129,-0.022791069000959396,0.4919462203979492,0.9057487845420837,-0.03564568608999252,0.4584560692310333,0.9042896628379822,-0.048972394317388535,0.5534849762916565,0.8040465712547302,-0.006630072370171547,0.542018711566925,0.725989043712616,-0.02591863088309765,0.5347151160240173,0.67726731300354,-0.03854449838399887,0.528971791267395,0.637879490852356,-0.047836098819971085,0.5868669748306274,0.7968352437019348,-0.013144503347575665,0.5730440020561218,0.7669593095779419,-0.05071210116147995,0.5844621658325195,0.8343767523765564,-0.05781063064932823,0.5950586199760437,0.8747591972351074,-0.053148429840803146,0.6213356256484985,0.7990294694900513,-0.022573204711079597,0.6117112636566162,0.771557629108429,-0.0576816126704216,0.6151041984558105,0.8348641395568848,-0.04947380721569061,0.6176936030387878,0.8718201518058777,-0.0340074747800827,0.6553613543510437,0.8083624839782715,-0.033067427575588226,0.6469330787658691,0.7816809415817261,-0.05364266782999039,0.6403774619102478,0.8270325660705566,-0.045374348759651184,0.6368955969810486,0.8559761643409729,-0.033548884093761444,L
0.8259080648422241,0.6041010022163391,-5.472045927490399e-08,0.7198637127876282,0.5792372822761536,-0.03568889945745468,0.6273794770240784,0.5434869527816772,-0.060016121715307236,0.5428586602210999,0.512966513633728,-0.08743830025196075,0.480543315410614,0.49716487526893616,-0.11379851400852203,0.6450619101524353,0.344609797000885,-0.016685018315911293,0.6181260347366333,0.21575012803077698,-0.05573451891541481,0.6091690063476562,0.13899636268615723,-0.08581383526325226,0.6023193001747131,0.06840762495994568,-0.10771167278289795,0.7071565985679626,0.3291715979576111,-0.0221711378544569,0.7061986923217773,0.2572264075279236,-0.09063776582479477,0.7229189872741699,0.3674484193325043,-0.11201658844947815,0.7292957305908203,0.44110095500946045,-0.11119556427001953,0.7722728252410889,0.329919695854187,-0.03373429924249649,0.7761180400848389,0.2690400183200836,-0.09806997328996658,0.7770223617553711,0.38027817010879517,-0.09033587574958801,0.7696759700775146,0.4519408345222473,-0.06750256568193436,0.8305494785308838,0.3474177122116089,-0.048356495797634125,0.8365588188171387,0.285997211933136,-0.08757079392671585,0.8238534927368164,0.3635393977165222,-0.07616609334945679,0.8114450573921204,0.4189539849758148,-0.05685178562998772,L
0.8076841831207275,0.7076624631881714,-5.2979320486201686e-08,0.7257620692253113,0.6820787191390991,-0.028773484751582146,0.6564883589744568,0.6484510898590088,-0.047330815345048904,0.5916802287101746,0.6193491220474243,-0.06720177829265594,0.543709933757782,0.6007960438728333,-0.08550447970628738,0.6708610653877258,0.5012354254722595,-0.016062932088971138,0.6482695937156677,0.40089648962020874,-0.04769522324204445,0.6398500800132751,0.3442741632461548,-0.07059375941753387,0.6341516375541687,0.2919379770755768,-0.08624822646379471,0.7178612947463989,0.48962974548339844,-0.018734082579612732,0.7202844619750977,0.42791229486465454,-0.0687771737575531,0.733769416809082,0.5124373435974121,-0.08084190636873245,0.7380062937736511,0.568403959274292,-0.07731135189533234,0.7669034600257874,0.49337348341941833,-0.026506563648581505,0.7703015208244324,0.44819366931915283,-0.07358450442552567,0.7728895545005798,0.5300506949424744,-0.06561500579118729,0.7675069570541382,0.5782018303871155,-0.04716309532523155,0.8097554445266724,0.5108873844146729,-0.036755066365003586,0.8163758516311646,0.46583208441734314,-0.06365498900413513,0.807472825050354,0.520969033241272,-0.05314062163233757,0.7984110116958618,0.5582897067070007,-0.03784922510385513,L
0.7905828356742859,0.8078172206878662,-2.5733609732014884e-07,0.6205100417137146,0.7550245523452759,-0.033029425889253616,0.4941011071205139,0.6919705271720886,-0.04965919628739357,0.3831309378147125,0.6216931343078613,-0.07251553982496262,0.3026793599128723,0.5771671533584595,-0.09214800596237183,0.5316706299781799,0.43639516830444336,0.012892006896436214,0.4955506920814514,0.2516002655029297,-0.03530684858560562,0.47434908151626587,0.14023080468177795,-0.07612749189138412,0.45593202114105225,0.040307819843292236,-0.10606303811073303,0.6162489056587219,0.4120749831199646,0.002732175402343273,0.6099686026573181,0.3080124258995056,-0.0847572311758995,0.6305609345436096,0.46607789397239685,-0.11163266748189926,0.6404606699943542,0.5742337107658386,-0.10889831185340881,0.7064297199249268,0.41469573974609375,-0.01612364687025547,0.7023777961730957,0.3177011013031006,-0.09745154529809952,0.7058110237121582,0.4780976474285126,-0.08084229379892349,0.7016191482543945,0.5748055577278137,-0.04601972550153732,0.7960503101348877,0.4439830482006073,-0.03844427317380905,0.7955101728439331,0.3522225022315979,-0.08397356420755386,0.775033175945282,0.46596401929855347,-0.0624818429350853,0.7578906416893005,0.5383767485618591,-0.03295033797621727,L
0.7927069664001465,0.8286381959915161,-3.1398826649819966e-07,0.652752697467804,0.7814632654190063,-0.05262909084558487,0.5149961709976196,0.7018756866455078,-0.07794788479804993,0.40162938833236694,0.6262630820274353,-0.10444170236587524,0.3105921149253845,0.5840028524398804,-0.12343057245016098,0.5350837111473083,0.4512714743614197,-0.01589171774685383,0.5038654804229736,0.2799330949783325,-0.07509493082761765,0.4766194820404053,0.18059927225112915,-0.1031881719827652,0.4567892551422119,0.0851605236530304,-0.11793965846300125,0.6235438585281372,0.4456135630607605,-0.018457423895597458,0.6155632734298706,0.36079850792884827,-0.08589392155408859,0.6317545175552368,0.5297257304191589,-0.07517125457525253,0.6253993511199951,0.5471277236938477,-0.04932434484362602,0.7111256718635559,0.4506264328956604,-0.03610020503401756,0.7082458138465881,0.3754826486110687,-0.11685042828321457,0.7068384289741516,0.540347158908844,-0.08586789667606354,0.6889797449111938,0.5558847188949585,-0.0439266562461853,0.7951160669326782,0.4686817228794098,-0.0590062141418457,0.7981582880020142,0.4066893756389618,-0.10214907675981522,0.7795919179916382,0.5229649543762207,-0.07463397085666656,0.7632526159286499,0.5601048469543457,-0.04305519536137581,L
0.7966706156730652,0.7208125591278076,-4.5381668201116554e-08,0.7227295637130737,0.7307231426239014,-0.03507170453667641,0.6416209936141968,0.7107272744178772,-0.05889669060707092,0.5765239000320435,0.7117677927017212,-0.08285542577505112,0.526097297668457,0.7185744047164917,-0.10662711411714554,0.6342759132385254,0.5438011884689331,-0.035327598452568054,0.6043993234634399,0.43986809253692627,-0.06990779936313629,0.5872740745544434,0.37505146861076355,-0.09049129486083984,0.5712877511978149,0.32123762369155884,-0.10469528287649155,0.6849330067634583,0.5178683400154114,-0.03840159624814987,0.6826639175415039,0.4768802523612976,-0.09486802667379379,0.7085402607917786,0.57111656665802,-0.10430087894201279,0.7139458060264587,0.6183729767799377,-0.09776832908391953,0.7395387887954712,0.5077426433563232,-0.046430911868810654,0.7431401610374451,0.47877198457717896,-0.10173981636762619,0.7555677890777588,0.5736145377159119,-0.0897318497300148,0.749332845211029,0.6165778636932373,-0.06778552383184433,0.7918687462806702,0.5119433403015137,-0.056883011013269424,0.794603168964386,0.4823131859302521,-0.09012436866760254,0.7952183485031128,0.5533539652824402,-0.07709066569805145,0.785049557685852,0.589561402797699,-0.05904766917228699,L
0.844246506690979,0.9043921232223511,-3.253308022976853e-07,0.680757462978363,0.8549469709396362,-0.04656682163476944,0.554490864276886,0.8003262281417847,-0.06895206868648529,0.43510299921035767,0.765317976474762,-0.09245996177196503,0.34764623641967773,0.7294013500213623,-0.10984978824853897,0.5668380260467529,0.5335929989814758,-0.014699362218379974,0.5293046236038208,0.35918864607810974,-0.08694222569465637,0.5071359872817993,0.2503998875617981,-0.13882461190223694,0.4954602122306824,0.1465226411819458,-0.16909973323345184,0.6570744514465332,0.5202438235282898,-0.016152767464518547,0.6469415426254272,0.438051700592041,-0.09186749160289764,0.6720954179763794,0.6093114614486694,-0.09760848432779312,0.6793447136878967,0.6685577034950256,-0.08311567455530167,0.751336395740509,0.5208329558372498,-0.03151451796293259,0.7404592037200928,0.44493067264556885,-0.11152175813913345,0.7476252913475037,0.614747941493988,-0.08581312000751495,0.7394517064094543,0.6624780893325806,-0.04576456546783447,0.841524600982666,0.5439659953117371,-0.051552291959524155,0.833267092704773,0.4659803509712219,-0.08903337270021439,0.8162492513656616,0.5856484770774841,-0.05626896023750305,0.8060459494590759,0.6381770372390747,-0.01995408907532692,L
0.7294027209281921,0.8708575367927551,-3.729618356373976e-07,0.6234040856361389,0.7959320545196533,-0.02837430313229561,0.5527423620223999,0.6910582184791565,-0.04625215381383896,0.5020743608474731,0.5949134826660156,-0.06698891520500183,0.4584042429924011,0.5348614454269409,-0.08087142556905746,0.6456308364868164,0.5398241877555847,-0.0019545231480151415,0.6578818559646606,0.40450793504714966,-0.044448982924222946,0.6618287563323975,0.4517451524734497,-0.07383986562490463,0.6617701053619385,0.5375996828079224,-0.08646397292613983,0.7114266753196716,0.5398953557014465,-0.007279386278241873,0.7294175624847412,0.3925771117210388,-0.060082294046878815,0.7246938347816467,0.46173471212387085,-0.089134581387043,0.7174148559570312,0.5488992929458618,-0.09670685976743698,0.7681086659431458,0.5560493469238281,-0.020182430744171143,0.7943969368934631,0.42432618141174316,-0.0637284368276596,0.7808055281639099,0.46003708243370056,-0.07835353165864944,0.7699453830718994,0.5211485624313354,-0.07781141996383667,0.8227977156639099,0.5929896831512451,-0.03583962097764015,0.8717067241668701,0.5045036673545837,-0.06663968414068222,0.902203381061554,0.45047032833099365,-0.08345204591751099,0.9287508130073547,0.4061204791069031,-0.08967600762844086,Y
0.739924430847168,0.8838158845901489,-4.887836553280067e-07,0.6296436786651611,0.8091860413551331,-0.02729608863592148,0.5495837330818176,0.7023200988769531,-0.03920775651931763,0.4964902400970459,0.6082489490509033,-0.0533597394824028,0.4565504789352417,0.5464572906494141,-0.059888023883104324,0.6361178755760193,0.552092432975769,0.0013754178071394563,0.6461832523345947,0.42059797048568726,-0.03745873644948006,0.65072101354599,0.47815415263175964,-0.06338701397180557,0.6529568433761597,0.56319659948349,-0.0746767446398735,0.7045522332191467,0.543838381767273,-0.0019123710226267576,0.7178700566291809,0.39943012595176697,-0.053016580641269684,0.7145726084709167,0.4787541627883911,-0.08096976578235626,0.7102007269859314,0.5656182169914246,-0.08844944089651108,0.7649974822998047,0.5532239079475403,-0.012597897090017796,0.7837360501289368,0.4226849675178528,-0.05667498707771301,0.7708104252815247,0.47058039903640747,-0.0730603039264679,0.7619357109069824,0.5375378131866455,-0.073638916015625,0.8216793537139893,0.5862414836883545,-0.02560492604970932,0.8698723912239075,0.4950263202190399,-0.05970461666584015,0.9001094102859497,0.43986111879348755,-0.08115410804748535,0.9262935519218445,0.39318251609802246,-0.09066910296678543,Y
0.7157608270645142,0.8688756823539734,-4.0327347505808575e-07,0.6098837852478027,0.8070602416992188,-0.0336969830095768,0.5320640802383423,0.7176527976989746,-0.05662862956523895,0.4818543791770935,0.6324737668037415,-0.08194972574710846,0.44610846042633057,0.5621564984321594,-0.09971128404140472,0.6159109473228455,0.5519347786903381,-0.014189942739903927,0.6248997449874878,0.4234888553619385,-0.059519872069358826,0.6264423727989197,0.4834958612918854,-0.08827443420886993,0.6283019185066223,0.567902684211731,-0.10077743977308273,0.6828526258468628,0.5417323708534241,-0.017410388216376305,0.6940296292304993,0.40362417697906494,-0.07285737246274948,0.6873131394386292,0.4872514605522156,-0.10021670162677765,0.6838586926460266,0.5725582242012024,-0.10712505131959915,0.7450010776519775,0.5463700294494629,-0.028239212930202484,0.7603043913841248,0.41072171926498413,-0.07372686266899109,0.7476900815963745,0.4676321744918823,-0.08517137169837952,0.739949107170105,0.5393019318580627,-0.08244246244430542,0.8001151084899902,0.5748462677001953,-0.042286466807127,0.8475868701934814,0.48562106490135193,-0.07544764876365662,0.8768173456192017,0.431911826133728,-0.0933218002319336,0.9022209644317627,0.384485125541687,-0.10008833557367325,Y
0.6214910745620728,0.7030951976776123,-3.7957505583108286e-07,0.5071297287940979,0.7251163721084595,-0.02135869674384594,0.4101634919643402,0.7233057618141174,-0.03585793450474739,0.33757996559143066,0.6976359486579895,-0.05566259101033211,0.2946081757545471,0.6571012139320374,-0.06900060176849365,0.4177936911582947,0.5393812656402588,0.022515416145324707,0.36707815527915955,0.46400541067123413,-0.01606224849820137,0.39621952176094055,0.502631425857544,-0.047875694930553436,0.43335020542144775,0.5508889555931091,-0.06313586980104446,0.4548763930797577,0.48647814989089966,0.015242259949445724,0.40502312779426575,0.3909126818180084,-0.0380544438958168,0.4371313750743866,0.4558206796646118,-0.07032202184200287,0.4724055230617523,0.5217808485031128,-0.07848314940929413,0.4968532621860504,0.44772323966026306,-4.1715335100889206e-05,0.4560219347476959,0.3508911728858948,-0.04300776869058609,0.469931036233902,0.40272361040115356,-0.05487177148461342,0.49418413639068604,0.45973795652389526,-0.04918134585022926,0.5452423095703125,0.4256346821784973,-0.018098831176757812,0.5311533212661743,0.3183172345161438,-0.04116751253604889,0.5192306637763977,0.2494392693042755,-0.05102647840976715,0.5081272125244141,0.18896448612213135,-0.05187031254172325,Y
0.5698697566986084,0.6989810466766357,-9.851981985775637e-07,0.5137108564376831,0.571194589138031,-0.04773755371570587,0.5110393762588501,0.4204201102256775,-0.0686107650399208,0.5064735412597656,0.31104612350463867,-0.0849224105477333,0.4819173216819763,0.22741100192070007,-0.09104933589696884,0.6438672542572021,0.383788138628006,-0.0650552436709404,0.6576958894729614,0.39365720748901367,-0.09436772018671036,0.6090258955955505,0.48878803849220276,-0.08769580721855164,0.5719926357269287,0.5380827188491821,-0.08077241480350494,0.708661675453186,0.44211867451667786,-0.059574197977781296,0.7189857959747314,0.45455828309059143,-0.11135292053222656,0.640579104423523,0.5417075157165527,-0.11324552446603775,0.5995871424674988,0.5719730257987976,-0.10712990164756775,0.7512577772140503,0.5204256176948547,-0.058691661804914474,0.7921535968780518,0.5092639327049255,-0.12323126941919327,0.7202085256576538,0.5652170181274414,-0.12385042011737823,0.6726818084716797,0.5830199718475342,-0.11360480636358261,0.7678067684173584,0.6011316180229187,-0.05939939618110657,0.8380064964294434,0.6188613772392273,-0.12223222851753235,0.8809403777122498,0.648685872554779,-0.1462956815958023,0.9297530055046082,0.6552619934082031,-0.15472397208213806,Y
0.5158790946006775,0.7332547903060913,-9.871570227915072e-07,0.3842453062534332,0.6658398509025574,-0.04575236141681671,0.2861773371696472,0.5313073396682739,-0.07376415282487869,0.21800929307937622,0.42528390884399414,-0.10270829498767853,0.14878538250923157,0.3727717101573944,-0.12169554084539413,0.4045235216617584,0.34592491388320923,-0.03997597098350525,0.40627551078796387,0.2584938704967499,-0.0999811664223671,0.4134056568145752,0.3885527551174164,-0.12611627578735352,0.4188157021999359,0.5022863149642944,-0.13443666696548462,0.49664828181266785,0.3335665464401245,-0.04252459108829498,0.5064768195152283,0.23665548861026764,-0.1179090291261673,0.4858834147453308,0.38860809803009033,-0.13704732060432434,0.4772557020187378,0.5033248662948608,-0.13628675043582916,0.5783343315124512,0.35208940505981445,-0.05494479089975357,0.6047770977020264,0.2386954128742218,-0.12908340990543365,0.5702854990959167,0.3589478135108948,-0.1333950310945511,0.5467305183410645,0.458707720041275,-0.12081082910299301,0.6429342031478882,0.4001682996749878,-0.0707320123910904,0.7176788449287415,0.3001605272293091,-0.13105672597885132,0.7739849090576172,0.24197815358638763,-0.15783530473709106,0.8262777328491211,0.17713004350662231,-0.16836850345134735,Y
0.5253796577453613,0.8524044156074524,-1.7005095287458971e-06,0.3614002466201782,0.7795833349227905,-0.08890186995267868,0.23074012994766235,0.5726490616798401,-0.12841057777404785,0.13185742497444153,0.4440217912197113,-0.15887290239334106,0.03829416632652283,0.40246838331222534,-0.1743871420621872,0.3827023506164551,0.3625491261482239,-0.13184228539466858,0.3859606087207794,0.28799423575401306,-0.2161797434091568,0.3955817222595215,0.4896841049194336,-0.23166903853416443,0.39463239908218384,0.6476724743843079,-0.22860801219940186,0.5160480737686157,0.35222214460372925,-0.12035930901765823,0.5354616641998291,0.24547573924064636,-0.24319785833358765,0.49539756774902344,0.4772026538848877,-0.2602286636829376,0.4638153910636902,0.6380167603492737,-0.24997515976428986,0.631718099117279,0.37641358375549316,-0.11974574625492096,0.6726315021514893,0.23131924867630005,-0.24109087884426117,0.6141179203987122,0.41747725009918213,-0.24451391398906708,0.5656673312187195,0.5634365677833557,-0.22254963219165802,0.7163861989974976,0.42882680892944336,-0.12374711036682129,0.8158785104751587,0.2900291681289673,-0.2291381061077118,0.8916290998458862,0.21433714032173157,-0.27750036120414734,0.9594433307647705,0.12676069140434265,-0.29943493008613586,Y
0.6790651082992554,0.9732065796852112,-3.4925176350952825e-07,0.6249039173126221,0.9514573216438293,-0.01800353080034256,0.5795294046401978,0.905616283416748,-0.02776101417839527,0.5479135513305664,0.8741845488548279,-0.037358276546001434,0.5272053480148315,0.8534725904464722,-0.04276718199253082,0.6067129373550415,0.8361179828643799,-0.016299692913889885,0.6098679900169373,0.7998425364494324,-0.035105738788843155,0.6245890259742737,0.8430498838424683,-0.0400921069085598,0.6307700872421265,0.8832489252090454,-0.040290310978889465,0.6428008675575256,0.8211502432823181,-0.01635032147169113,0.6436042189598083,0.7770180106163025,-0.04272105172276497,0.653229296207428,0.8335724472999573,-0.04977770894765854,0.6548518538475037,0.8719883561134338,-0.0489315539598465,0.6775736212730408,0.8156431913375854,-0.019180772826075554,0.6787906885147095,0.7570616006851196,-0.04542052000761032,0.6843830347061157,0.8011817932128906,-0.04639469459652901,0.683493971824646,0.8363810181617737,-0.040694814175367355,0.7071358561515808,0.8230648040771484,-0.022797327488660812,0.7194381952285767,0.7744406461715698,-0.043609023094177246,0.7337379455566406,0.7466283440589905,-0.05096955969929695,0.7429571747779846,0.7170239686965942,-0.05249029025435448,Y
0.6829800605773926,0.7455004453659058,-3.5741371107178566e-07,0.613728404045105,0.7231419682502747,-0.021900098770856857,0.5524563789367676,0.6719716787338257,-0.034248337149620056,0.5085017681121826,0.6356555819511414,-0.047024425119161606,0.4714707136154175,0.6216456890106201,-0.05567773059010506,0.5862579345703125,0.5931896567344666,-0.01881609857082367,0.5874940156936646,0.5449333190917969,-0.04824502021074295,0.6123809218406677,0.5893592238426208,-0.062268927693367004,0.6279091238975525,0.6349165439605713,-0.06758293509483337,0.6285357475280762,0.5679101347923279,-0.020397739484906197,0.6253107190132141,0.5079745650291443,-0.058280229568481445,0.6465613842010498,0.5688123106956482,-0.07177061587572098,0.6590737104415894,0.6192893385887146,-0.07382667064666748,0.668451189994812,0.5563425421714783,-0.02615760825574398,0.6664376258850098,0.4894501566886902,-0.06334950029850006,0.6792845129966736,0.5433159470558167,-0.06818907707929611,0.6853280067443848,0.5901943445205688,-0.0630166158080101,0.7024219036102295,0.5626131296157837,-0.0330602303147316,0.7170919179916382,0.5040508508682251,-0.06200343370437622,0.7357321977615356,0.467160701751709,-0.07390855997800827,0.7488477826118469,0.42952242493629456,-0.07812483608722687,Y
0.7362955212593079,0.7185579538345337,-6.136729666650353e-07,0.6397629976272583,0.6808332800865173,-0.036065880209207535,0.5538076162338257,0.6085798740386963,-0.057731833308935165,0.4893476366996765,0.5472584962844849,-0.07831290364265442,0.4329432249069214,0.5255537033081055,-0.09106071293354034,0.6035301685333252,0.47658130526542664,-0.0381803922355175,0.6238877177238464,0.41380780935287476,-0.07745467871427536,0.6553642749786377,0.49370867013931274,-0.08887499570846558,0.6669896841049194,0.5639230608940125,-0.08985040336847305,0.6686132550239563,0.4437742829322815,-0.0366210974752903,0.6802016496658325,0.3629812002182007,-0.08618373423814774,0.7036976218223572,0.46487680077552795,-0.09545836597681046,0.7078882455825806,0.5416873693466187,-0.09191473573446274,0.7296708226203918,0.42947205901145935,-0.04065941646695137,0.7362877726554871,0.3465890884399414,-0.09492867439985275,0.7506974935531616,0.4436516761779785,-0.09445396810770035,0.7502908110618591,0.5187748670578003,-0.08059051632881165,0.7819064259529114,0.4408685564994812,-0.04620407149195671,0.8057947158813477,0.3532702624797821,-0.08653512597084045,0.8365476727485657,0.3051455020904541,-0.09872157126665115,0.8562322854995728,0.2537890672683716,-0.10022475570440292,Y
0.7573703527450562,0.810628354549408,-5.0890736247311e-07,0.6698417067527771,0.8026224970817566,-0.03860604763031006,0.5767835378646851,0.7561717629432678,-0.05724913999438286,0.5080116391181946,0.7089545130729675,-0.07367953658103943,0.4530356526374817,0.6866589188575745,-0.08209048211574554,0.5880445837974548,0.6237853765487671,-0.025332625955343246,0.6001856327056885,0.5494076013565063,-0.05999906361103058,0.6354002952575684,0.6110885143280029,-0.07380369305610657,0.6527726054191589,0.6755896806716919,-0.07680827379226685,0.6395559906959534,0.5863754749298096,-0.019642148166894913,0.6441583633422852,0.5109285116195679,-0.06449151039123535,0.6762487292289734,0.5977917313575745,-0.07715536653995514,0.6870915293693542,0.6672998666763306,-0.07530472427606583,0.6896784901618958,0.5651132464408875,-0.0202395711094141,0.6916643381118774,0.4840466380119324,-0.0660422146320343,0.7146974205970764,0.556982159614563,-0.0671408399939537,0.7224239706993103,0.618911623954773,-0.054570626467466354,0.7383671998977661,0.5635296702384949,-0.022891459986567497,0.7396687269210815,0.4746890962123871,-0.05322502553462982,0.7502697706222534,0.42240315675735474,-0.06055845692753792,0.7528868913650513,0.37169504165649414,-0.05848608911037445,Y
0.7267294526100159,0.7365663051605225,-5.134339176038338e-07,0.6274645328521729,0.7302476167678833,-0.03718893602490425,0.5405629277229309,0.6807687282562256,-0.05933787301182747,0.46721041202545166,0.6312160491943359,-0.08238488435745239,0.4039032757282257,0.6168237924575806,-0.09915920346975327,0.5813263058662415,0.5481435656547546,-0.016291851177811623,0.5798755288124084,0.4669780731201172,-0.059591252356767654,0.6135392785072327,0.5327394008636475,-0.08500471711158752,0.6348250508308411,0.6047307848930359,-0.09554407745599747,0.6373035311698914,0.5159408450126648,-0.014677243307232857,0.6334368586540222,0.43051648139953613,-0.06756099313497543,0.6546327471733093,0.520138680934906,-0.09120237827301025,0.6658576726913452,0.5971946120262146,-0.0970369204878807,0.6913635730743408,0.4998984932899475,-0.02041626162827015,0.6908829212188721,0.4031584560871124,-0.07144874334335327,0.6994059085845947,0.4800310730934143,-0.0804334431886673,0.7038735747337341,0.5489745140075684,-0.07364305853843689,0.7409007549285889,0.5049009323120117,-0.028414016589522362,0.7543637156486511,0.42694684863090515,-0.06239062547683716,0.7710508704185486,0.3816009759902954,-0.07522755861282349,0.7841250896453857,0.3360731601715088,-0.07780992984771729,Y
0.7390885353088379,0.7711530923843384,-5.929821327299578e-07,0.6375952959060669,0.758812427520752,-0.0310817938297987,0.5501866936683655,0.7030966281890869,-0.049355946481227875,0.4812963306903839,0.6532677412033081,-0.06915786117315292,0.42449355125427246,0.6285871863365173,-0.0827399343252182,0.600213348865509,0.5747459530830383,-0.01614915393292904,0.5978766679763794,0.4951052665710449,-0.052064962685108185,0.6298932433128357,0.5620362162590027,-0.06940365582704544,0.6481003761291504,0.6359783411026001,-0.0742185115814209,0.6580530405044556,0.5427303314208984,-0.015551650896668434,0.6542304158210754,0.46140843629837036,-0.06317152082920074,0.6765106916427612,0.5516753792762756,-0.08186687529087067,0.6845662593841553,0.6290215849876404,-0.08443222939968109,0.7115142345428467,0.5238654613494873,-0.02075965143740177,0.7077325582504272,0.4361082911491394,-0.06513027101755142,0.7213027477264404,0.509254515171051,-0.06986264884471893,0.7277231812477112,0.5760595798492432,-0.061271946877241135,0.7597813010215759,0.5233266949653625,-0.027920691296458244,0.7711942791938782,0.4373657703399658,-0.05402011796832085,0.7849080562591553,0.38616520166397095,-0.06203589215874672,0.7929057478904724,0.33667856454849243,-0.06278158724308014,Y
0.74517422914505,0.7746362686157227,-5.776722105110821e-07,0.6437562704086304,0.7582535147666931,-0.030847785994410515,0.5572850704193115,0.7040753364562988,-0.04917392507195473,0.48849111795425415,0.6571235060691833,-0.06921228021383286,0.43271809816360474,0.6336953043937683,-0.08303547650575638,0.6000288724899292,0.5752885341644287,-0.013761535286903381,0.5990395545959473,0.4971914291381836,-0.0488615445792675,0.6319564580917358,0.5623739957809448,-0.06620585173368454,0.6504163146018982,0.6364045143127441,-0.07093865424394608,0.658134400844574,0.5420181751251221,-0.012802627868950367,0.6548004746437073,0.463140070438385,-0.059864312410354614,0.6779174208641052,0.5529218316078186,-0.07959908992052078,0.6863242387771606,0.6315074563026428,-0.0826931744813919,0.712837278842926,0.5219294428825378,-0.017564769834280014,0.7094835638999939,0.4329679012298584,-0.06189209595322609,0.723479688167572,0.5079858303070068,-0.06739398837089539,0.7299987077713013,0.5779105424880981,-0.05879474803805351,0.7620753049850464,0.5215629935264587,-0.02415749430656433,0.7721707224845886,0.43564051389694214,-0.04982364550232887,0.7858738899230957,0.3839331269264221,-0.05769803747534752,0.7941700220108032,0.3350939154624939,-0.0578874908387661,Y
0.744214653968811,0.7746193408966064,-5.600770691671642e-07,0.6432496905326843,0.7607223987579346,-0.032927073538303375,0.5542449951171875,0.7043576240539551,-0.052022915333509445,0.48391684889793396,0.6562935709953308,-0.07290013879537582,0.4263012409210205,0.6340554356575012,-0.08762647211551666,0.6008561253547668,0.5699285864830017,-0.012674170546233654,0.599300742149353,0.49177929759025574,-0.051673293113708496,0.6307415962219238,0.5572939515113831,-0.07250538468360901,0.6497105956077576,0.6308864951133728,-0.07880920171737671,0.6584696769714355,0.5398377180099487,-0.011384344659745693,0.6566028594970703,0.46155333518981934,-0.061497386544942856,0.6784834861755371,0.5521284341812134,-0.08216699957847595,0.6868572235107422,0.6296393871307373,-0.08477148413658142,0.7122156023979187,0.5218282341957092,-0.016739100217819214,0.7110544443130493,0.4345005750656128,-0.06474515050649643,0.7244907021522522,0.5107024312019348,-0.07064783573150635,0.7309059500694275,0.5789996981620789,-0.060757771134376526,0.7608322501182556,0.5218995213508606,-0.024053087458014488,0.7717013955116272,0.4351816177368164,-0.052205510437488556,0.7853946685791016,0.3830632269382477,-0.060239214450120926,0.7942792177200317,0.3327459692955017,-0.0594111829996109,Y
0.74847012758255,0.7797712087631226,-6.057596806385845e-07,0.6478627920150757,0.7632245421409607,-0.032883867621421814,0.5578201413154602,0.7043681740760803,-0.05183270573616028,0.48652559518814087,0.6556896567344666,-0.07183481752872467,0.42890116572380066,0.6311336159706116,-0.0853695422410965,0.6014828085899353,0.5717111825942993,-0.01602669432759285,0.6019335985183716,0.4956408739089966,-0.05254461243748665,0.6343119740486145,0.5640072822570801,-0.07132577151060104,0.6525471806526184,0.6384919881820679,-0.07725486904382706,0.6600141525268555,0.5389041900634766,-0.014040876179933548,0.6578049063682556,0.46425363421440125,-0.061494071036577225,0.6801169514656067,0.5549361109733582,-0.08134188503026962,0.6886292099952698,0.632072925567627,-0.08470304310321808,0.7153310775756836,0.5199224352836609,-0.018053514882922173,0.7144848108291626,0.43203699588775635,-0.06215159222483635,0.7267060875892639,0.5022567510604858,-0.06781087815761566,0.7311368584632874,0.5668144226074219,-0.05966639146208763,0.7645857930183411,0.5199900269508362,-0.023971542716026306,0.7739841938018799,0.43316352367401123,-0.04921140521764755,0.7870492935180664,0.38248056173324585,-0.05655169114470482,0.7942484617233276,0.33390721678733826,-0.05640823394060135,Y
0.7489151358604431,0.7758922576904297,-5.876649993297178e-07,0.6479401588439941,0.763451099395752,-0.03248104080557823,0.5579058527946472,0.7058118581771851,-0.05154121667146683,0.4871602952480316,0.6553478240966797,-0.0717637687921524,0.4292774200439453,0.6305278539657593,-0.0855657160282135,0.6047564148902893,0.5762497186660767,-0.018291985616087914,0.6021618843078613,0.49513378739356995,-0.055388595908880234,0.6345798373222351,0.5614504218101501,-0.07345464080572128,0.652157723903656,0.6346215605735779,-0.07877017557621002,0.6623063087463379,0.5427202582359314,-0.017134245485067368,0.6586357951164246,0.46260520815849304,-0.06454440951347351,0.6811719536781311,0.5542149543762207,-0.08285020291805267,0.6880611181259155,0.6297609806060791,-0.0853552296757698,0.7163532376289368,0.5232258439064026,-0.02185540273785591,0.7144738435745239,0.43560725450515747,-0.06693005561828613,0.7269076108932495,0.5117229223251343,-0.07041297852993011,0.7304697632789612,0.5782974362373352,-0.06074097380042076,0.7646631598472595,0.5226821303367615,-0.028555352240800858,0.7735360860824585,0.4363386631011963,-0.055318962782621384,0.7870166897773743,0.3846700191497803,-0.062035493552684784,0.7948309183120728,0.3343218266963959,-0.06133772432804108,Y
0.7506363391876221,0.7786021828651428,-5.960776547908608e-07,0.6499279141426086,0.7644678354263306,-0.03200266510248184,0.5595628619194031,0.7036145329475403,-0.05006572976708412,0.48893916606903076,0.6535214185714722,-0.06935805827379227,0.4310961365699768,0.631125807762146,-0.08211856335401535,0.6033630967140198,0.5759707689285278,-0.016268456354737282,0.603384792804718,0.49741092324256897,-0.053801052272319794,0.6377527117729187,0.5636833310127258,-0.07188702374696732,0.6575298309326172,0.6361461877822876,-0.07707279175519943,0.6613780856132507,0.541193425655365,-0.015183985233306885,0.6597803831100464,0.4622117877006531,-0.06369038671255112,0.6836680173873901,0.5546122789382935,-0.08240175992250443,0.6923067569732666,0.6313831210136414,-0.08474777638912201,0.7160059809684753,0.5213941335678101,-0.020131539553403854,0.7160148024559021,0.435552716255188,-0.0658997967839241,0.7276709079742432,0.5142368078231812,-0.06982383131980896,0.7307306528091431,0.5836521983146667,-0.06007671356201172,0.765069305896759,0.5213421583175659,-0.02702735923230648,0.7736143469810486,0.4359370768070221,-0.0542278029024601,0.7867240905761719,0.38431060314178467,-0.06167047098278999,0.794369637966156,0.3341977596282959,-0.061323001980781555,Y
0.7512737512588501,0.7785263061523438,-5.663619617735094e-07,0.6503672003746033,0.764164924621582,-0.033534903079271317,0.5599181652069092,0.7062578201293945,-0.052581969648599625,0.4893685579299927,0.6554509997367859,-0.07284434884786606,0.4322236180305481,0.6296365261077881,-0.08653814345598221,0.6047423481941223,0.5736931562423706,-0.014466637745499611,0.6039115786552429,0.49535974860191345,-0.05313740670681,0.6367267966270447,0.5607492923736572,-0.07356218248605728,0.655441164970398,0.6328914761543274,-0.08021903038024902,0.6622499227523804,0.5408564805984497,-0.01293625682592392,0.6601312756538391,0.46295487880706787,-0.06188886985182762,0.6836082339286804,0.5540305376052856,-0.08213923871517181,0.6918705701828003,0.629297137260437,-0.08544020354747772,0.7160012722015381,0.5222915410995483,-0.017956925556063652,0.7160123586654663,0.43814700841903687,-0.06467080116271973,0.7277368903160095,0.5146179795265198,-0.0698452889919281,0.7311354875564575,0.5818011164665222,-0.06054842099547386,0.7644766569137573,0.5224635004997253,-0.02506936714053154,0.7728791236877441,0.43610113859176636,-0.0528460368514061,0.7859290838241577,0.3845198154449463,-0.0604780949652195,0.7938339710235596,0.3345756232738495,-0.059954654425382614,Y
0.7577521800994873,0.751193106174469,-5.896291099816153e-07,0.6604506373405457,0.738638162612915,-0.028689004480838776,0.5727183222770691,0.684911847114563,-0.04527663439512253,0.5061492919921875,0.6331621408462524,-0.06406755745410919,0.45497745275497437,0.5982459187507629,-0.07605686038732529,0.614008903503418,0.5496587753295898,-0.008757362142205238,0.6112085580825806,0.47323912382125854,-0.04818105697631836,0.6421066522598267,0.5431113243103027,-0.06903048604726791,0.6623027920722961,0.613677442073822,-0.07543117552995682,0.6703217625617981,0.5195530652999878,-0.009406991302967072,0.6660723090171814,0.4417099356651306,-0.05971900001168251,0.6888993978500366,0.5358612537384033,-0.0788402184844017,0.7004327774047852,0.6123500466346741,-0.0800175666809082,0.7231780290603638,0.5018739104270935,-0.016534781083464622,0.7185409069061279,0.41780826449394226,-0.06352576613426208,0.7322257161140442,0.5001029968261719,-0.06622347235679626,0.7392276525497437,0.5698045492172241,-0.05429461970925331,0.771251380443573,0.5033106803894043,-0.025549085810780525,0.7829399704933167,0.4211587607860565,-0.05384429544210434,0.7948838472366333,0.37187063694000244,-0.06102689355611801,0.8008061647415161,0.32123029232025146,-0.059331730008125305,Y
0.7568420171737671,0.7479093074798584,-5.781748768640682e-07,0.6584975123405457,0.7338405847549438,-0.027783621102571487,0.572211742401123,0.6809269189834595,-0.044452182948589325,0.5067952275276184,0.6302688121795654,-0.06360753625631332,0.456614226102829,0.5945519208908081,-0.07622381299734116,0.6147626638412476,0.5493172407150269,-0.00732978992164135,0.6098288893699646,0.4732263684272766,-0.04614301770925522,0.6398078203201294,0.5422613620758057,-0.067303366959095,0.6606190800666809,0.6126607060432434,-0.07410647720098495,0.669670820236206,0.519532322883606,-0.008403402753174305,0.6625363230705261,0.44048988819122314,-0.05837281048297882,0.6856362223625183,0.5324307680130005,-0.07824146002531052,0.6993100047111511,0.6094030141830444,-0.08011071383953094,0.7220875024795532,0.500806987285614,-0.01585366390645504,0.7146783471107483,0.41105231642723083,-0.06167839094996452,0.7288990020751953,0.4896085858345032,-0.06527040898799896,0.7382574677467346,0.5597817301750183,-0.05439731478691101,0.7699414491653442,0.5009822249412537,-0.02519071288406849,0.7819308042526245,0.41836419701576233,-0.052658528089523315,0.7941844463348389,0.36942338943481445,-0.06045946106314659,0.8009554743766785,0.3210364878177643,-0.05953501909971237,Y
0.8267327547073364,0.8644043207168579,-6.419156761694467e-07,0.7218323349952698,0.8485679030418396,-0.029076077044010162,0.6294310688972473,0.7883874177932739,-0.046230923384428024,0.5574764013290405,0.7372255325317383,-0.06546597182750702,0.4972132444381714,0.7251229286193848,-0.07779369503259659,0.6449824571609497,0.6533032059669495,-0.0153370825573802,0.6458637714385986,0.5939457416534424,-0.051004014909267426,0.6984680891036987,0.6592127084732056,-0.06406102329492569,0.7312849164009094,0.7303126454353333,-0.06547708809375763,0.7021893858909607,0.6021803021430969,-0.01674497500061989,0.6952546238899231,0.5273652672767639,-0.06931469589471817,0.7403724193572998,0.6232733130455017,-0.08636263757944107,0.7656055092811584,0.7040050029754639,-0.08535855263471603,0.7623533606529236,0.5676828622817993,-0.023738322779536247,0.7485325932502747,0.4593324661254883,-0.07463926821947098,0.7790238857269287,0.5321142673492432,-0.07888630777597427,0.7973922491073608,0.6046364307403564,-0.06746590882539749,0.8179941773414612,0.5628349781036377,-0.03194193169474602,0.8265676498413086,0.45682716369628906,-0.0663241446018219,0.8446540236473083,0.3933209478855133,-0.07743236422538757,0.8539296388626099,0.33372271060943604,-0.0776703804731369,Y
0.6055996417999268,0.7768841981887817,-6.435457748921181e-07,0.5286834239959717,0.7041079998016357,-0.03150248900055885,0.47855451703071594,0.5739468932151794,-0.04825695604085922,0.4388413429260254,0.47764483094215393,-0.0673535093665123,0.3904531002044678,0.42390885949134827,-0.08126296103000641,0.5538508296012878,0.4868362843990326,-0.016460614278912544,0.5803466439247131,0.42609232664108276,-0.05827261507511139,0.5874941349029541,0.5176015496253967,-0.08060190826654434,0.5818432569503784,0.5976361632347107,-0.08912912756204605,0.6188260316848755,0.48551613092422485,-0.018705269321799278,0.6484262943267822,0.40524351596832275,-0.07397396862506866,0.6380617618560791,0.5141439437866211,-0.09632723778486252,0.6212012767791748,0.598773181438446,-0.10019967705011368,0.6785340309143066,0.5027347207069397,-0.027582338079810143,0.7156704664230347,0.4011697769165039,-0.0783025398850441,0.6998382210731506,0.4792424142360687,-0.08666734397411346,0.6773784160614014,0.5494685769081116,-0.07976789027452469,0.7230126857757568,0.5362600088119507,-0.03837813809514046,0.7765375375747681,0.45809289813041687,-0.07125956565141678,0.8156508207321167,0.4144585132598877,-0.08546465635299683,0.8455170392990112,0.36752861738204956,-0.09065797924995422,Y
0.5285235643386841,0.6882539987564087,-1.03898196357477e-06,0.4102555811405182,0.5790731310844421,-0.052145443856716156,0.3339407742023468,0.3944707214832306,-0.08098582178354263,0.2699684500694275,0.2516169846057892,-0.11357342451810837,0.19615474343299866,0.16412511467933655,-0.1384139358997345,0.4591789245605469,0.27744030952453613,-0.02188940718770027,0.48678338527679443,0.18811172246932983,-0.09270460903644562,0.4874648451805115,0.32049447298049927,-0.13306844234466553,0.4787026345729828,0.4371587038040161,-0.1482304483652115,0.5554217100143433,0.27897030115127563,-0.02383558265864849,0.5862574577331543,0.1610618531703949,-0.11433172971010208,0.5606656074523926,0.3186299502849579,-0.15076866745948792,0.5374178290367126,0.44944247603416443,-0.1565069854259491,0.6414453983306885,0.30189070105552673,-0.03745627403259277,0.6812699437141418,0.15823249518871307,-0.11890328675508499,0.648286759853363,0.27699270844459534,-0.13014540076255798,0.6172986030578613,0.3865533173084259,-0.11642474681138992,0.7061730027198792,0.3450547456741333,-0.054920800030231476,0.785330057144165,0.22702355682849884,-0.10114859789609909,0.8401731252670288,0.15732106566429138,-0.11909054964780807,0.8840248584747314,0.08227193355560303,-0.12449966371059418,Y
0.6734444499015808,0.9286201596260071,-3.2982165976136457e-07,0.6174918413162231,0.8827453255653381,-0.016658781096339226,0.5731849074363708,0.815942645072937,-0.023078549653291702,0.5436471104621887,0.763716459274292,-0.03106028214097023,0.5209667086601257,0.7270982265472412,-0.035404909402132034,0.6190981864929199,0.7606410980224609,0.004106258507817984,0.6383851766586304,0.7221508622169495,-0.022273262962698936,0.6430453062057495,0.7668406367301941,-0.040069472044706345,0.6409438848495483,0.8140482902526855,-0.046695441007614136,0.65902179479599,0.7695658206939697,0.003768215887248516,0.6773847341537476,0.719542384147644,-0.03140009567141533,0.6718037724494934,0.7778202891349792,-0.048274312168359756,0.6632015109062195,0.834452211856842,-0.0499906912446022,0.6921703815460205,0.7819647789001465,-0.0010534072062000632,0.7088184952735901,0.7455624938011169,-0.03355494141578674,0.6964201927185059,0.7916663289070129,-0.040715478360652924,0.6834986209869385,0.8356049060821533,-0.034304406493902206,0.7202512621879578,0.8010109066963196,-0.006631072144955397,0.7374554872512817,0.7600157856941223,-0.024955932050943375,0.7526471614837646,0.7359635233879089,-0.030176222324371338,0.7662152051925659,0.714129626750946,-0.02825159952044487,Y
0.6824647188186646,0.7737959623336792,-5.411757797446626e-07,0.6117002367973328,0.7054175734519958,-0.027885975316166878,0.5631289482116699,0.6010196805000305,-0.04282490164041519,0.5328141450881958,0.5159308910369873,-0.058080341666936874,0.5042461156845093,0.45849305391311646,-0.06743259727954865,0.6336058378219604,0.5212564468383789,-0.020144490525126457,0.6627603769302368,0.4786088466644287,-0.05819301679730415,0.66672283411026,0.5503155589103699,-0.0753401666879654,0.6583426594734192,0.6151286363601685,-0.07948106527328491,0.6903021335601807,0.5269754528999329,-0.021101316437125206,0.7194794416427612,0.4603239595890045,-0.06990687549114227,0.7082926034927368,0.55137038230896,-0.08458465337753296,0.6897542476654053,0.6265415549278259,-0.08177290856838226,0.7397215366363525,0.546035885810852,-0.027400493621826172,0.7614372372627258,0.49730074405670166,-0.07386801391839981,0.7434858679771423,0.5753399133682251,-0.07536091655492783,0.7216699719429016,0.6355280876159668,-0.06172516196966171,0.7777665853500366,0.5794830322265625,-0.03515343368053436,0.8121045231819153,0.518393874168396,-0.06298282742500305,0.8405354619026184,0.48631423711776733,-0.0681675598025322,0.8614381551742554,0.4510107636451721,-0.06477735191583633,Y
0.7273216843605042,0.7594455480575562,-5.705302896785724e-07,0.6405003070831299,0.7225353717803955,-0.02722201496362686,0.5643370747566223,0.6512475609779358,-0.042017288506031036,0.5101650357246399,0.5922492146492004,-0.0578639879822731,0.46997249126434326,0.548395574092865,-0.06743141263723373,0.6152151226997375,0.5488263368606567,-0.019703002646565437,0.6242480278015137,0.4877222180366516,-0.05646637827157974,0.6457064747810364,0.5582563281059265,-0.07280852645635605,0.6552961468696594,0.6252654194831848,-0.07707136869430542,0.6705846190452576,0.5297368168830872,-0.021057097241282463,0.6758665442466736,0.4507254362106323,-0.06968363374471664,0.6880030035972595,0.5423301458358765,-0.08452368527650833,0.6898471713066101,0.6191754937171936,-0.08352814614772797,0.721832275390625,0.5240291357040405,-0.027765870094299316,0.7272306084632874,0.447910875082016,-0.07461152970790863,0.7337748408317566,0.5304193496704102,-0.07608125358819962,0.733024001121521,0.6009010076522827,-0.06384922564029694,0.7663908004760742,0.5376931428909302,-0.03603749722242355,0.7829831838607788,0.4610191881656647,-0.0672970786690712,0.8029406070709229,0.416836142539978,-0.07607188820838928,0.817099928855896,0.3735682964324951,-0.07577929645776749,Y
0.5683460831642151,0.7109906673431396,-1.0103627801072435e-06,0.4448651671409607,0.6502233743667603,-0.06447414308786392,0.35291892290115356,0.5161267518997192,-0.09708456695079803,0.28786933422088623,0.4073341488838196,-0.1248093768954277,0.22233861684799194,0.3373653292655945,-0.14115077257156372,0.4584290683269501,0.36878612637519836,-0.0794474333524704,0.47819000482559204,0.322187602519989,-0.1389412134885788,0.4940066337585449,0.45536571741104126,-0.150813028216362,0.4903116524219513,0.5579381585121155,-0.14866040647029877,0.5518726706504822,0.3543666899204254,-0.07211576402187347,0.569733738899231,0.2797441780567169,-0.15562540292739868,0.5611763596534729,0.43617862462997437,-0.16972793638706207,0.5445653200149536,0.5435888767242432,-0.1638169288635254,0.6319165825843811,0.36774638295173645,-0.07294080406427383,0.6518325209617615,0.278820276260376,-0.1586134135723114,0.6327401399612427,0.4137892723083496,-0.15986303985118866,0.6085032224655151,0.5112438201904297,-0.14151310920715332,0.692604660987854,0.40611132979393005,-0.07696262747049332,0.7457036972045898,0.3138597011566162,-0.14245954155921936,0.7921397686004639,0.2712273597717285,-0.16514909267425537,0.8270283937454224,0.21315772831439972,-0.17148035764694214,Y
0.6957639455795288,0.986240029335022,-3.930309731003945e-07,0.6330527067184448,0.9266927242279053,-0.020286623388528824,0.592757523059845,0.8318862915039062,-0.028893882408738136,0.5625487565994263,0.7543728351593018,-0.039731767028570175,0.5335216522216797,0.7057222723960876,-0.04574943333864212,0.6396281719207764,0.7654390931129456,0.007533909287303686,0.6428056359291077,0.6964429616928101,-0.022309623658657074,0.6483092904090881,0.7491054534912109,-0.042663440108299255,0.6492851376533508,0.8038004040718079,-0.051123712211847305,0.684220552444458,0.7647634744644165,0.005974477156996727,0.6927363872528076,0.6915532350540161,-0.03311386704444885,0.6874208450317383,0.7565118074417114,-0.05385260283946991,0.680003821849823,0.8159754276275635,-0.05775810778141022,0.7263011932373047,0.7759380340576172,-0.0011670514941215515,0.7423406839370728,0.7068350315093994,-0.03620075434446335,0.7297006845474243,0.757257342338562,-0.04269397258758545,0.717278242111206,0.8081493377685547,-0.03581461310386658,0.7652009129524231,0.7976006865501404,-0.009926577098667622,0.7887645959854126,0.7326000332832336,-0.02993205562233925,0.8059247732162476,0.6918494701385498,-0.0364510640501976,0.8206533789634705,0.6570307016372681,-0.03581365570425987,Y
0.7133038640022278,0.902472734451294,-4.3778075564659957e-07,0.6400836706161499,0.8298542499542236,-0.025972118601202965,0.5874671339988708,0.7272478342056274,-0.040046654641628265,0.5481479167938232,0.6434417963027954,-0.05636994540691376,0.5124362707138062,0.5899721384048462,-0.06766122579574585,0.651793360710144,0.6437762379646301,0.0016561687225475907,0.6587275266647339,0.5703684091567993,-0.038520827889442444,0.6622313261032104,0.6331936120986938,-0.0666269063949585,0.6602097749710083,0.7000414133071899,-0.0791294127702713,0.7057797312736511,0.6459594964981079,-0.0007360785384662449,0.7166274785995483,0.5554167628288269,-0.0504385344684124,0.7061706185340881,0.631784200668335,-0.0759367048740387,0.6955310702323914,0.705646812915802,-0.08161250501871109,0.7561349272727966,0.6622808575630188,-0.00990261323750019,0.7737023234367371,0.5766263008117676,-0.05466089025139809,0.7549797892570496,0.6385608911514282,-0.06233608350157738,0.7379226088523865,0.7013453245162964,-0.05437016859650612,0.7995311617851257,0.6924811601638794,-0.021118149161338806,0.8289029002189636,0.6212062835693359,-0.04755907505750656,0.8519408106803894,0.5780001878738403,-0.05597155913710594,0.8714052438735962,0.537939190864563,-0.05590858310461044,Y
0.6795308589935303,0.8548135757446289,-4.931963530907524e-07,0.603702962398529,0.7779757976531982,-0.01491525862365961,0.5559607148170471,0.6803241968154907,-0.023563332855701447,0.522265613079071,0.6022554039955139,-0.036356065422296524,0.4916449785232544,0.5511684417724609,-0.045426011085510254,0.6200461387634277,0.5994290709495544,0.007560309488326311,0.6203098893165588,0.5302013158798218,-0.026492133736610413,0.6229271292686462,0.589611291885376,-0.0506952665746212,0.623318612575531,0.6524744033813477,-0.061433617025613785,0.6718992590904236,0.604038417339325,0.0006667344714514911,0.6811814904212952,0.5228672027587891,-0.0436454638838768,0.6708554029464722,0.5932846665382385,-0.06666366010904312,0.6608303189277649,0.6618637442588806,-0.07159916311502457,0.7213749885559082,0.6220786571502686,-0.01171837653964758,0.7405321598052979,0.5422424077987671,-0.05182946100831032,0.7218877077102661,0.5937480926513672,-0.06115389242768288,0.7051888108253479,0.6488004326820374,-0.05549999698996544,0.7642965316772461,0.6528144478797913,-0.025202102959156036,0.794275164604187,0.5814346075057983,-0.0501176118850708,0.8146742582321167,0.5375202894210815,-0.05968064069747925,0.8328996896743774,0.5000279545783997,-0.060683928430080414,Y
0.6521484851837158,0.816665768623352,-7.716361096754554e-07,0.5388743877410889,0.7062476873397827,-0.021397776901721954,0.47575318813323975,0.5439918041229248,-0.031637679785490036,0.42829781770706177,0.42934098839759827,-0.04804600402712822,0.3741016089916229,0.3670350909233093,-0.058087728917598724,0.5887161493301392,0.44211721420288086,0.018589992076158524,0.5952419638633728,0.3451109230518341,-0.030724864453077316,0.5933051705360413,0.43695515394210815,-0.06359557807445526,0.5924438238143921,0.5327194333076477,-0.07610510289669037,0.6629167199134827,0.44928351044654846,0.009845822118222713,0.6791599988937378,0.33252233266830444,-0.05459504947066307,0.6557459831237793,0.44528430700302124,-0.08424948155879974,0.6415282487869263,0.5528351664543152,-0.0864185243844986,0.7328855991363525,0.47500163316726685,-0.007674808148294687,0.7558591365814209,0.3679523468017578,-0.061988815665245056,0.7220250368118286,0.4564151465892792,-0.06909717619419098,0.6973937749862671,0.539598822593689,-0.05590428039431572,0.7938581705093384,0.5187807083129883,-0.02736435830593109,0.8439497947692871,0.41742876172065735,-0.05483437329530716,0.8793944120407104,0.3555968701839447,-0.06298992037773132,0.9119781255722046,0.2958664298057556,-0.061364464461803436,Y
0.4934144914150238,0.8661506175994873,-1.370088170915551e-06,0.3438537120819092,0.7299649715423584,-0.06087864935398102,0.2489437460899353,0.49643388390541077,-0.0928543359041214,0.17909538745880127,0.3204050660133362,-0.127675861120224,0.0956926941871643,0.21562618017196655,-0.15171340107917786,0.40351876616477966,0.32715001702308655,-0.03509081155061722,0.4014706313610077,0.23691368103027344,-0.1277632713317871,0.39311257004737854,0.4007141590118408,-0.17725853621959686,0.38793572783470154,0.5395674705505371,-0.19575762748718262,0.5164998173713684,0.3388109505176544,-0.04024161398410797,0.5305787920951843,0.21701914072036743,-0.15860812366008759,0.48974373936653137,0.4131474494934082,-0.1977194845676422,0.4663920998573303,0.5698913931846619,-0.19873295724391937,0.6179112195968628,0.38476428389549255,-0.06049221009016037,0.6505576968193054,0.25019025802612305,-0.171390563249588,0.5925708413124084,0.4031634032726288,-0.1825842410326004,0.5493071675300598,0.5322571992874146,-0.1612960249185562,0.700575590133667,0.45805150270462036,-0.08530045300722122,0.7847374677658081,0.32600653171539307,-0.16044336557388306,0.8450886607170105,0.2492380440235138,-0.18944275379180908,0.8986215591430664,0.16634833812713623,-0.19702185690402985,Y
0.6610910892486572,0.8556665182113647,-3.978209974775382e-07,0.5879524946212769,0.8183457255363464,-0.008239107206463814,0.5352306365966797,0.7620372772216797,-0.011615880765020847,0.5060449242591858,0.7125836610794067,-0.01938788592815399,0.483930766582489,0.6764037609100342,-0.024039633572101593,0.5852306485176086,0.6940034627914429,0.012890984304249287,0.5863778591156006,0.6391897201538086,-0.01351146213710308,0.5930534601211548,0.6817846298217773,-0.03224484249949455,0.5975261926651001,0.7313026785850525,-0.03957884758710861,0.6271616220474243,0.6924920678138733,0.005889877211302519,0.6287136673927307,0.6277398467063904,-0.029813170433044434,0.6296188831329346,0.6859731674194336,-0.0478392131626606,0.6301072835922241,0.7443968653678894,-0.050419632345438004,0.6660106182098389,0.6961147785186768,-0.005320268217474222,0.6699351668357849,0.6407878994941711,-0.03832771256566048,0.6649815440177917,0.6969071626663208,-0.041687894612550735,0.6620380282402039,0.7488706707954407,-0.032572049647569656,0.7030211687088013,0.7088634967803955,-0.017331896349787712,0.715478777885437,0.6499522924423218,-0.037266068160533905,0.7258116006851196,0.6124275326728821,-0.04108415171504021,0.7348737120628357,0.5773568153381348,-0.03801855444908142,Y
0.6559633016586304,0.7576397061347961,-8.405345397477504e-07,0.5576033592224121,0.6867655515670776,-0.03771181404590607,0.4838654100894928,0.5547788739204407,-0.05341330170631409,0.4339621067047119,0.4684942960739136,-0.0699697732925415,0.38681837916374207,0.41390499472618103,-0.07890959084033966,0.5660734176635742,0.4521765410900116,-0.03199819475412369,0.5896855592727661,0.4153077304363251,-0.08323217928409576,0.5947971343994141,0.5234296321868896,-0.10421375185251236,0.5862579941749573,0.6113519072532654,-0.10813909024000168,0.6419079303741455,0.4547616243362427,-0.03218567743897438,0.6672479510307312,0.40333959460258484,-0.09785065054893494,0.6529210805892944,0.5300666689872742,-0.11557896435260773,0.6305525302886963,0.6217166185379028,-0.11266079545021057,0.7083716988563538,0.4737406373023987,-0.03968008980154991,0.7330757975578308,0.4146749973297119,-0.10768371820449829,0.7097333073616028,0.5316553711891174,-0.11176606267690659,0.6808039546012878,0.6157747507095337,-0.09549175202846527,0.7586417198181152,0.5120816826820374,-0.04872678965330124,0.7965487241744995,0.439933717250824,-0.09347391873598099,0.8314051032066345,0.40755417943000793,-0.10496401786804199,0.8590619564056396,0.3672020435333252,-0.10330942273139954,Y
0.5225028991699219,0.7053259015083313,-9.881438245429308e-07,0.3951559364795685,0.6253139972686768,-0.05180800333619118,0.3012460768222809,0.4771272540092468,-0.07470127195119858,0.239853635430336,0.35830157995224,-0.09830759465694427,0.18060645461082458,0.27613699436187744,-0.11231518536806107,0.39708831906318665,0.3338680863380432,-0.030854633077979088,0.4046412706375122,0.3078693151473999,-0.0970868170261383,0.42118316888809204,0.44023236632347107,-0.12751996517181396,0.4284825026988983,0.5458934903144836,-0.13464270532131195,0.4887719750404358,0.3305393159389496,-0.029096214100718498,0.4997415542602539,0.2851105332374573,-0.11423998326063156,0.49204719066619873,0.443867564201355,-0.1380632370710373,0.48248010873794556,0.5652562379837036,-0.13390645384788513,0.5689042806625366,0.3519618809223175,-0.03818032890558243,0.5840206146240234,0.29123908281326294,-0.1253625750541687,0.5614099502563477,0.4353961646556854,-0.12716101109981537,0.5402063131332397,0.5459412932395935,-0.1025734469294548,0.6307299733161926,0.3964330554008484,-0.05030239000916481,0.6719472408294678,0.31034645438194275,-0.1070341095328331,0.7077495455741882,0.26364666223526,-0.11864889413118362,0.7362000942230225,0.20764538645744324,-0.11313473433256149,Y
0.2717040777206421,0.7970359325408936,-6.923054343133117e-07,0.1937662661075592,0.7512842416763306,-0.02102511003613472,0.136898934841156,0.6397924423217773,-0.02943732775747776,0.10631278157234192,0.5502697229385376,-0.04042915999889374,0.06909537315368652,0.49865248799324036,-0.04647930711507797,0.19051752984523773,0.5525573492050171,-0.010200181975960732,0.17262279987335205,0.4871794283390045,-0.0500490702688694,0.17364344000816345,0.5670385360717773,-0.07045117020606995,0.17620959877967834,0.6363772749900818,-0.07687894254922867,0.2450556457042694,0.5505096316337585,-0.014561977237462997,0.22973693907260895,0.477742463350296,-0.06691709160804749,0.21579469740390778,0.5699706673622131,-0.0835094302892685,0.20881566405296326,0.6481744050979614,-0.08156514167785645,0.2986639142036438,0.5617302656173706,-0.024913718923926353,0.2915482819080353,0.49203845858573914,-0.07115756720304489,0.2661786377429962,0.5683436989784241,-0.0728026032447815,0.2483491599559784,0.6350892186164856,-0.0597982257604599,0.34839197993278503,0.5808174014091492,-0.036843229085206985,0.36100319027900696,0.49986132979393005,-0.06526970863342285,0.36635589599609375,0.4505883455276489,-0.07343113422393799,0.36971718072891235,0.4062909483909607,-0.07254279404878616,Y
0.7558859586715698,0.8144958019256592,-4.961383979207312e-07,0.6734486222267151,0.7548782229423523,-0.02486863173544407,0.6070543527603149,0.6600805521011353,-0.0349564328789711,0.5700907707214355,0.5788936614990234,-0.046857837587594986,0.5401418209075928,0.5185118913650513,-0.05238159000873566,0.6672783493995667,0.5677987933158875,-0.005086117889732122,0.6965372562408447,0.5107898712158203,-0.03969438001513481,0.7087581157684326,0.5804975032806396,-0.05803825333714485,0.7069445848464966,0.6459206342697144,-0.06370095908641815,0.7265315055847168,0.5661085844039917,-0.006142416503280401,0.7509129047393799,0.49857592582702637,-0.05044800415635109,0.7526811361312866,0.5866313576698303,-0.06821029633283615,0.7456859350204468,0.6601616740226746,-0.06916153430938721,0.7777535319328308,0.5752547383308411,-0.013123111799359322,0.8034430742263794,0.5206390619277954,-0.05781187117099762,0.7962721586227417,0.5977702736854553,-0.06351304054260254,0.7816761136054993,0.6608731746673584,-0.05340699478983879,0.8212199211120605,0.5998135209083557,-0.021396484225988388,0.8489552140235901,0.5339378714561462,-0.05036771669983864,0.8782625794410706,0.49943041801452637,-0.05837621912360191,0.9023539423942566,0.4654690623283386,-0.056458666920661926,Y
0.5333430171012878,0.44883567094802856,-5.020372668695927e-07,0.45735877752304077,0.3878697454929352,-0.02358219586312771,0.405178427696228,0.29982423782348633,-0.035362761467695236,0.3754652738571167,0.22347316145896912,-0.04847709834575653,0.3508254289627075,0.16953584551811218,-0.05628916248679161,0.4757075905799866,0.21369747817516327,-0.008499342016875744,0.4880804419517517,0.15088719129562378,-0.04093576967716217,0.4888697564601898,0.21678228676319122,-0.05976905673742294,0.4833884537220001,0.2782317101955414,-0.0668528750538826,0.5284039974212646,0.2157212644815445,-0.010129277594387531,0.5396099090576172,0.14172379672527313,-0.052147019654512405,0.5312190055847168,0.21990633010864258,-0.069473035633564,0.5210646390914917,0.2838088572025299,-0.07136883586645126,0.5749565362930298,0.2301095724105835,-0.01685371994972229,0.590474009513855,0.15749779343605042,-0.05611671879887581,0.5769794583320618,0.22177676856517792,-0.0585935041308403,0.5625842809677124,0.27667325735092163,-0.048401184380054474,0.6130412220954895,0.25741901993751526,-0.02517147921025753,0.6400856971740723,0.18761779367923737,-0.04996408522129059,0.6592708826065063,0.14821280539035797,-0.05574794486165047,0.6738218069076538,0.10778389871120453,-0.053765904158353806,Y
0.5902664065361023,0.9559873938560486,-6.637262686126633e-07,0.5098223090171814,0.8990939855575562,-0.030436279252171516,0.4447430372238159,0.7909262180328369,-0.04181564226746559,0.4075663685798645,0.7052187919616699,-0.054293788969516754,0.38072240352630615,0.6414259672164917,-0.05967802181839943,0.507728099822998,0.6797831058502197,-0.00841454416513443,0.5251075625419617,0.6347307562828064,-0.050764769315719604,0.5299836993217468,0.7204694747924805,-0.07290656864643097,0.5297727584838867,0.7963170409202576,-0.07967173308134079,0.5687516331672668,0.6794413924217224,-0.008772437460720539,0.5864964127540588,0.6185376644134521,-0.06361427903175354,0.5816183090209961,0.7250253558158875,-0.08170785009860992,0.5744906067848206,0.8075318932533264,-0.07934983819723129,0.6236037015914917,0.6947739720344543,-0.016517341136932373,0.6471606492996216,0.6311852931976318,-0.0704580694437027,0.6331768035888672,0.7254807949066162,-0.07225843518972397,0.6160047650337219,0.8007555603981018,-0.056108810007572174,0.6694228649139404,0.7256906032562256,-0.026240959763526917,0.6959465742111206,0.6574376821517944,-0.06343741714954376,0.7201918959617615,0.6192213892936707,-0.07259110361337662,0.7407922744750977,0.5782604217529297,-0.06901880353689194,Y
0.5875760316848755,0.7308184504508972,-7.39898098345293e-07,0.4934079349040985,0.6474651098251343,-0.02913278341293335,0.43480628728866577,0.5178519487380981,-0.04372992739081383,0.40143918991088867,0.42310744524002075,-0.06046638265252113,0.3659973740577698,0.3598994016647339,-0.07003872841596603,0.5285245776176453,0.42072629928588867,-0.012744779698550701,0.5407328605651855,0.36664989590644836,-0.059288591146469116,0.5422064661979675,0.4640129506587982,-0.08314283192157745,0.5377594232559204,0.5488598346710205,-0.08993850648403168,0.5964102745056152,0.42663708329200745,-0.01572149433195591,0.6134577989578247,0.3550161123275757,-0.07440777868032455,0.5977733135223389,0.46828314661979675,-0.09178382158279419,0.5810800194740295,0.5607128143310547,-0.08884080499410629,0.6563082337379456,0.45073631405830383,-0.02620783820748329,0.6768737435340881,0.3784649968147278,-0.08082845062017441,0.6520456075668335,0.4758116900920868,-0.08016902208328247,0.6282037496566772,0.5532103180885315,-0.06320779025554657,0.7041382789611816,0.4909137189388275,-0.03890218958258629,0.747842013835907,0.4126618206501007,-0.07282721996307373,0.7810357809066772,0.36636850237846375,-0.08057206124067307,0.8083633184432983,0.31518369913101196,-0.07809656113386154,Y
0.584609866142273,0.8262702226638794,-9.67287746789225e-07,0.47259312868118286,0.7320446968078613,-0.04228752851486206,0.39308345317840576,0.572089433670044,-0.06034762039780617,0.3409354090690613,0.458875447511673,-0.07976817339658737,0.29296180605888367,0.3824726939201355,-0.09007217735052109,0.4986761212348938,0.4459121823310852,-0.021571097895503044,0.5056563019752502,0.39438995718955994,-0.08089478313922882,0.5110904574394226,0.5197423100471497,-0.11033693701028824,0.5110689401626587,0.6213593482971191,-0.11925388872623444,0.5827345848083496,0.44736000895500183,-0.022418977692723274,0.5950824022293091,0.3754902780056,-0.09746324270963669,0.5813701152801514,0.5213717818260193,-0.11887909471988678,0.5682433247566223,0.6330926418304443,-0.1158381775021553,0.6559808850288391,0.47212493419647217,-0.033348049968481064,0.6754250526428223,0.386488676071167,-0.10451746731996536,0.650282084941864,0.509254515171051,-0.10573673993349075,0.6258598566055298,0.6065706610679626,-0.0866321250796318,0.7127476930618286,0.517354428768158,-0.047439564019441605,0.7602590918540955,0.4305484890937805,-0.0949254035949707,0.7986893057823181,0.38205087184906006,-0.10887513309717178,0.8298832774162292,0.3252856731414795,-0.108841672539711,Y
0.5758659243583679,0.7965149879455566,-9.079402616407606e-07,0.46436816453933716,0.7136523127555847,-0.04078080132603645,0.3856619596481323,0.5688077211380005,-0.059363603591918945,0.33606085181236267,0.45271027088165283,-0.07943804562091827,0.2912793457508087,0.37411588430404663,-0.09081773459911346,0.48513853549957275,0.44605720043182373,-0.025617729872465134,0.4876028895378113,0.3770747184753418,-0.08366774022579193,0.49392643570899963,0.49529117345809937,-0.11112463474273682,0.4977322816848755,0.5925533175468445,-0.11914937943220139,0.5658860802650452,0.4450179934501648,-0.026959452778100967,0.5776289701461792,0.3580843210220337,-0.10253604501485825,0.5628812313079834,0.497557133436203,-0.12251699715852737,0.5514866709709167,0.6044787764549255,-0.11862071603536606,0.6358922719955444,0.46591639518737793,-0.03777267783880234,0.6559650301933289,0.3713167905807495,-0.10978301614522934,0.6329002976417542,0.4889751970767975,-0.10977403074502945,0.6133003830909729,0.5824000239372253,-0.08985578268766403,0.6907635927200317,0.5067569613456726,-0.051554132252931595,0.7409104108810425,0.41508883237838745,-0.10104437172412872,0.7774831652641296,0.3614760637283325,-0.11539172381162643,0.8083484768867493,0.30141907930374146,-0.11550035327672958,Y
0.4045221209526062,0.5421030521392822,-7.523858016611484e-07,0.2942608892917633,0.4769796133041382,-0.026463596150279045,0.20738676190376282,0.36095643043518066,-0.039850834757089615,0.1557191163301468,0.26700109243392944,-0.05713886767625809,0.11189226806163788,0.20026063919067383,-0.0669567734003067,0.2714076042175293,0.21863053739070892,1.9313680240884423e-05,0.2649536728858948,0.14937558770179749,-0.05134715139865875,0.27961069345474243,0.24434298276901245,-0.08212423324584961,0.29004940390586853,0.33629152178764343,-0.09344828873872757,0.3441261649131775,0.20370858907699585,-0.006020886357873678,0.3358684480190277,0.1217566430568695,-0.0718473270535469,0.33972659707069397,0.24239684641361237,-0.09617818892002106,0.3469017744064331,0.3457314372062683,-0.0954229012131691,0.4142557680606842,0.21059615910053253,-0.02068762108683586,0.41711777448654175,0.13332538306713104,-0.08063694089651108,0.40421971678733826,0.23464730381965637,-0.08284628391265869,0.39364930987358093,0.32355597615242004,-0.06529191136360168,0.47692036628723145,0.23594188690185547,-0.03750262409448624,0.502291738986969,0.13881219923496246,-0.07377199828624725,0.5191158056259155,0.08033287525177002,-0.08151791244745255,0.5294262170791626,0.02539801597595215,-0.07749821245670319,Y
0.6863734126091003,0.6554885506629944,-1.0024572247857577e-06,0.5515193939208984,0.572627067565918,-0.05421912297606468,0.45108386874198914,0.41021066904067993,-0.07728290557861328,0.3900338411331177,0.28922227025032043,-0.10121528804302216,0.3452495336532593,0.19869858026504517,-0.11485601961612701,0.5607361197471619,0.25716128945350647,-0.03456205874681473,0.5753622055053711,0.18179906904697418,-0.10418950021266937,0.5881683826446533,0.3105069398880005,-0.1368332803249359,0.5906888842582703,0.42717644572257996,-0.14521397650241852,0.656975507736206,0.2525530755519867,-0.032994482666254044,0.6794650554656982,0.150279700756073,-0.126413494348526,0.6709014773368835,0.3125581741333008,-0.15724582970142365,0.659473717212677,0.44495096802711487,-0.15546400845050812,0.7426542639732361,0.2701854705810547,-0.04253415763378143,0.7701144218444824,0.17866410315036774,-0.13329359889030457,0.7478132843971252,0.3203871548175812,-0.14410176873207092,0.7249231338500977,0.4364548623561859,-0.12486385554075241,0.8126028180122375,0.3119535446166992,-0.05518564581871033,0.8688012957572937,0.2017747312784195,-0.11587393283843994,0.9184394478797913,0.1390986442565918,-0.1374470591545105,0.9596349596977234,0.07386934757232666,-0.13960449397563934,Y
0.7599326968193054,0.9498646259307861,-4.5894557842984796e-07,0.6893814206123352,0.8823497891426086,-0.027296720072627068,0.6350226998329163,0.7741130590438843,-0.03699997067451477,0.6061091423034668,0.6874654293060303,-0.04760992154479027,0.5761956572532654,0.6275232434272766,-0.05227537825703621,0.6909987926483154,0.6881312131881714,0.0020439012441784143,0.7246106863021851,0.6518032550811768,-0.03346731513738632,0.7305349111557007,0.7175538539886475,-0.05627245083451271,0.7244459986686707,0.7819557189941406,-0.06457632035017014,0.7480556964874268,0.6980431079864502,0.003274819813668728,0.7764294743537903,0.6478407382965088,-0.04116126522421837,0.7712938785552979,0.728550910949707,-0.06250954419374466,0.7598884701728821,0.8031683564186096,-0.06444383412599564,0.7974516153335571,0.7188680171966553,-0.0019968647975474596,0.8254913091659546,0.6783316135406494,-0.04539183899760246,0.8132423758506775,0.7462853193283081,-0.053335774689912796,0.7957242727279663,0.8070871829986572,-0.04369055852293968,0.8398884534835815,0.7520337104797363,-0.008754036389291286,0.8619320392608643,0.6970465183258057,-0.03430714085698128,0.8846449851989746,0.6698991656303406,-0.04008696973323822,0.904971182346344,0.6455778479576111,-0.0359162762761116,Y
0.5570369362831116,0.9654206037521362,-1.5111431821424048e-06,0.3863227963447571,0.8551923036575317,-0.06625371426343918,0.2814793586730957,0.5876715183258057,-0.08397261053323746,0.23377755284309387,0.3816585838794708,-0.10179269313812256,0.1690412163734436,0.24424263834953308,-0.10367924720048904,0.39809519052505493,0.36527979373931885,-0.030251240357756615,0.4094311594963074,0.2738490700721741,-0.11515066772699356,0.4311850368976593,0.46653932332992554,-0.15083709359169006,0.4389500916004181,0.6295013427734375,-0.15788938105106354,0.5289539098739624,0.3607456386089325,-0.028925711289048195,0.5421197414398193,0.2449885606765747,-0.14557836949825287,0.5342805981636047,0.47771093249320984,-0.17445604503154755,0.5262894630432129,0.659092128276825,-0.16274110972881317,0.6497252583503723,0.39857882261276245,-0.0435805507004261,0.6735793948173523,0.28101539611816406,-0.1585993617773056,0.643524169921875,0.4822830259799957,-0.15807102620601654,0.6140145659446716,0.6410461664199829,-0.12273884564638138,0.7532386779785156,0.4666719436645508,-0.06323806196451187,0.8213526010513306,0.31563490629196167,-0.14659419655799866,0.8790060877799988,0.2320452630519867,-0.17189231514930725,0.928074836730957,0.14290818572044373,-0.17084172368049622,Y
0.5197833776473999,0.7082105875015259,-1.4720259855494078e-07,0.47380924224853516,0.6766368746757507,-0.011620810255408287,0.4395078420639038,0.626217246055603,-0.01745985820889473,0.418700635433197,0.5849564075469971,-0.024835962802171707,0.4000428020954132,0.5603299140930176,-0.02995629608631134,0.47136378288269043,0.5779402256011963,-0.00546330725774169,0.4766797125339508,0.520763635635376,-0.025291524827480316,0.4859137237071991,0.5323874950408936,-0.03636404499411583,0.49141860008239746,0.551963210105896,-0.040291301906108856,0.5022876858711243,0.5807807445526123,-0.00784676056355238,0.514306902885437,0.5393834710121155,-0.039194852113723755,0.5143457651138306,0.5831714868545532,-0.051191192120313644,0.5094927549362183,0.6256374716758728,-0.050489917397499084,0.5313992500305176,0.5887169241905212,-0.012698948383331299,0.5441949367523193,0.5565326809883118,-0.0411369688808918,0.5373669862747192,0.595328152179718,-0.04369254782795906,0.5272219181060791,0.6300172805786133,-0.0356907919049263,0.5567966103553772,0.6024131774902344,-0.0180255938321352,0.5703107118606567,0.5656011700630188,-0.035742104053497314,0.5821941494941711,0.543001651763916,-0.03917127847671509,0.5918535590171814,0.5216448307037354,-0.03600876405835152,Y
0.6064315438270569,0.6641026139259338,-2.9338858098526543e-07,0.5557694435119629,0.6293947696685791,-0.0157826766371727,0.5196462273597717,0.5713695883750916,-0.023265415802598,0.49767372012138367,0.5262748003005981,-0.03141959756612778,0.47474947571754456,0.5008054971694946,-0.03640296310186386,0.5534406304359436,0.5166112184524536,-0.008710158057510853,0.5739048719406128,0.4826887845993042,-0.03186427429318428,0.5810004472732544,0.5267522931098938,-0.04486218839883804,0.579639196395874,0.5688808560371399,-0.04975980892777443,0.5890278816223145,0.5169975757598877,-0.009840855374932289,0.6066387295722961,0.4736318290233612,-0.03896116092801094,0.6075498461723328,0.527557909488678,-0.050751835107803345,0.6027349829673767,0.5730679035186768,-0.05198916047811508,0.6198832392692566,0.524725079536438,-0.014215391129255295,0.6379498839378357,0.48418059945106506,-0.041574571281671524,0.6327431797981262,0.5300040245056152,-0.044735781848430634,0.6229371428489685,0.568589448928833,-0.03872442990541458,0.6446942090988159,0.5415946841239929,-0.019437583163380623,0.6615701913833618,0.5010291337966919,-0.037165816873311996,0.6763424277305603,0.47931066155433655,-0.041956834495067596,0.6875045299530029,0.4575830101966858,-0.04104126617312431,Y
0.631511926651001,0.4954161047935486,-5.888093141948048e-07,0.5473740100860596,0.42614972591400146,-0.02633638307452202,0.4897278845310211,0.31787484884262085,-0.03856393322348595,0.45487481355667114,0.2370622754096985,-0.05371955782175064,0.41933006048202515,0.18593809008598328,-0.06335949897766113,0.5634110569953918,0.22788657248020172,-0.00488384161144495,0.5784952044487,0.1881106197834015,-0.04950113594532013,0.5877610445022583,0.2665819525718689,-0.07454569637775421,0.5882228016853333,0.33850276470184326,-0.08236899226903915,0.6252102851867676,0.2294323742389679,-0.007700827904045582,0.6391621232032776,0.17313417792320251,-0.06325116008520126,0.6351030468940735,0.27241647243499756,-0.08278448134660721,0.6264383792877197,0.35514792799949646,-0.08141595870256424,0.6790072321891785,0.24502205848693848,-0.017833353951573372,0.6925219297409058,0.19751328229904175,-0.07121887803077698,0.678949773311615,0.2845013737678528,-0.07499206811189651,0.6623950600624084,0.35323986411094666,-0.06013451889157295,0.7218544483184814,0.2751055359840393,-0.02964996173977852,0.7554392218589783,0.20978930592536926,-0.05924035981297493,0.7806459665298462,0.17540723085403442,-0.06452728807926178,0.7974132299423218,0.13750769197940826,-0.06008606404066086,Y
0.7690467834472656,0.8612633943557739,-5.55860594886326e-07,0.6876915693283081,0.8062748908996582,-0.018031245097517967,0.6222343444824219,0.7204601764678955,-0.024350490421056747,0.5830622315406799,0.6542075872421265,-0.032777536660432816,0.5485231280326843,0.6151618957519531,-0.036225832998752594,0.672167181968689,0.641692578792572,-0.0032579635735601187,0.6984700560569763,0.6008412837982178,-0.0348900742828846,0.7140470147132874,0.6714864373207092,-0.0520288310945034,0.7185471653938293,0.7368371486663818,-0.05723566934466362,0.7277112007141113,0.6330640912055969,-0.0051109036430716515,0.7498449683189392,0.580512285232544,-0.0462258942425251,0.7557693123817444,0.6676962971687317,-0.06129069998860359,0.7552236914634705,0.743262529373169,-0.06073194742202759,0.7767511606216431,0.635865330696106,-0.01178616750985384,0.7990387678146362,0.5905179381370544,-0.05235201492905617,0.7945619821548462,0.6641196012496948,-0.057444848120212555,0.7845630645751953,0.7277753353118896,-0.04797668009996414,0.816941499710083,0.6536806225776672,-0.0190915297716856,0.8401010632514954,0.5957180261611938,-0.04589158296585083,0.8648581504821777,0.5700461864471436,-0.05310427024960518,0.8850928544998169,0.5475690960884094,-0.05089351534843445,Y
0.6800548434257507,0.8107492327690125,-4.294967368423386e-07,0.6041634678840637,0.7725149393081665,-0.02554425224661827,0.5445466637611389,0.7085599899291992,-0.039032697677612305,0.5062688589096069,0.6541650295257568,-0.05263747647404671,0.47406381368637085,0.6167046427726746,-0.060527171939611435,0.582859456539154,0.613297700881958,-0.02055087871849537,0.6065292954444885,0.5650742053985596,-0.05443275719881058,0.6225161552429199,0.630679726600647,-0.07130979001522064,0.6249351501464844,0.6941842436790466,-0.07676684856414795,0.6376453042030334,0.6026999354362488,-0.021147090941667557,0.6597521901130676,0.5490121841430664,-0.06456033885478973,0.6655474901199341,0.6328747272491455,-0.0792650431394577,0.6632533073425293,0.7025845646858215,-0.07918861508369446,0.6863780617713928,0.605361819267273,-0.026437917724251747,0.7096284031867981,0.5537317991256714,-0.06937213987112045,0.7046509981155396,0.6271305084228516,-0.07324787974357605,0.6936039924621582,0.6893056035041809,-0.06346514821052551,0.726791501045227,0.6257910132408142,-0.032965704798698425,0.7470180988311768,0.5708652138710022,-0.06397054344415665,0.7673773169517517,0.5387203693389893,-0.07234414666891098,0.7843306064605713,0.5075255632400513,-0.07066738605499268,Y
0.7204219102859497,0.8471236228942871,-9.950971389116603e-07,0.5912445783615112,0.7807574272155762,-0.05519069731235504,0.4862159192562103,0.6331297755241394,-0.07435618340969086,0.4238402247428894,0.521440327167511,-0.09070014208555222,0.37438464164733887,0.4422132670879364,-0.0944037139415741,0.58379727602005,0.4707005023956299,-0.04752514883875847,0.625440776348114,0.40514642000198364,-0.09795650839805603,0.6401074528694153,0.5379385948181152,-0.10999708622694016,0.6327217221260071,0.6478561758995056,-0.10823912918567657,0.6810305714607239,0.4546240568161011,-0.04026072844862938,0.7195078730583191,0.3811749517917633,-0.11586473882198334,0.7120358347892761,0.5419005155563354,-0.134909525513649,0.694120466709137,0.6544160842895508,-0.1311684399843216,0.7653853893280029,0.4627411663532257,-0.04109654203057289,0.8066437840461731,0.3862769603729248,-0.12225540727376938,0.7841957807540894,0.5290601849555969,-0.12804102897644043,0.7527505159378052,0.6345075964927673,-0.11039949953556061,0.8301158547401428,0.4991397559642792,-0.044186778366565704,0.8856910467147827,0.4076476991176605,-0.10790625214576721,0.9391676187515259,0.36857518553733826,-0.12941335141658783,0.9812124967575073,0.3218051791191101,-0.1313503533601761,Y
0.7181345224380493,0.7076772451400757,-5.441390840132954e-07,0.6389566659927368,0.6460779905319214,-0.022801825776696205,0.5791288018226624,0.5369346141815186,-0.030522186309099197,0.5479878783226013,0.4458845853805542,-0.04061610996723175,0.5197970867156982,0.38279688358306885,-0.04640074819326401,0.6320338249206543,0.4588324725627899,0.002760240575298667,0.6301524043083191,0.40093475580215454,-0.039559636265039444,0.644743800163269,0.4698927402496338,-0.06800135225057602,0.6525771617889404,0.5289729237556458,-0.0805487260222435,0.6888723969459534,0.4613158404827118,-0.0034977304749190807,0.6922598481178284,0.3892379105091095,-0.04981435090303421,0.6924436092376709,0.4834798276424408,-0.0664023905992508,0.6897273659706116,0.5511989593505859,-0.06545741111040115,0.7435977458953857,0.4799152612686157,-0.016589052975177765,0.7514857649803162,0.4151459336280823,-0.061200156807899475,0.7372232675552368,0.5060549974441528,-0.054627351462841034,0.7234328389167786,0.5697459578514099,-0.036448266357183456,0.7938480377197266,0.5109429955482483,-0.031567662954330444,0.8000170588493347,0.46340906620025635,-0.05725670978426933,0.7793288826942444,0.5185214877128601,-0.046312689781188965,0.7616716623306274,0.5595421195030212,-0.030061591416597366,A
0.7125203609466553,0.7020268440246582,-5.359460146792117e-07,0.636985719203949,0.6609160304069519,-0.027203649282455444,0.5772464275360107,0.5690308809280396,-0.037208784371614456,0.5441473722457886,0.4832848608493805,-0.04804592207074165,0.5228211879730225,0.4147348403930664,-0.053472768515348434,0.6140210628509521,0.47492900490760803,-0.0013207101728767157,0.6090372800827026,0.4148567318916321,-0.045446816831827164,0.6285353899002075,0.4853464663028717,-0.07144191861152649,0.6402971148490906,0.5411816239356995,-0.08135049045085907,0.6699095964431763,0.4707551598548889,-0.005598509684205055,0.6695386171340942,0.39604252576828003,-0.05468464270234108,0.6745455265045166,0.49691858887672424,-0.06907615810632706,0.6749595999717712,0.555679202079773,-0.06488026678562164,0.72397780418396,0.4831905663013458,-0.01722916215658188,0.7279802560806274,0.41693902015686035,-0.06692922860383987,0.7172725200653076,0.5140601992607117,-0.05909784138202667,0.7071740627288818,0.5679963827133179,-0.03809429332613945,0.7755997776985168,0.507990300655365,-0.030651956796646118,0.7772623300552368,0.46388179063796997,-0.05992722883820534,0.7595590353012085,0.5247408747673035,-0.048551373183727264,0.7446502447128296,0.5620068311691284,-0.030441155657172203,A
0.7369242310523987,0.5052312016487122,-5.573276098402857e-07,0.6464455127716064,0.4485255479812622,-0.026581499725580215,0.5821315050125122,0.35321855545043945,-0.03438015282154083,0.5480757355690002,0.25895246863365173,-0.04526760056614876,0.5203952193260193,0.1920050084590912,-0.050790589302778244,0.6202774047851562,0.26841312646865845,0.015097249299287796,0.6218997240066528,0.19699311256408691,-0.028186850249767303,0.6432444453239441,0.27010369300842285,-0.05755075812339783,0.6504238247871399,0.331157386302948,-0.07016076892614365,0.6782745122909546,0.2592599391937256,0.011052834801375866,0.6796438097953796,0.18592581152915955,-0.037894658744335175,0.6915041208267212,0.286216676235199,-0.05865425616502762,0.6887727379798889,0.35326313972473145,-0.059894826263189316,0.7334351539611816,0.2649705111980438,-0.0014293886488303542,0.7375797629356384,0.19517172873020172,-0.05085664987564087,0.7346364855766296,0.2940284311771393,-0.047072865068912506,0.7226417660713196,0.36301860213279724,-0.029078971594572067,0.7843582630157471,0.2843281030654907,-0.016190148890018463,0.7915482521057129,0.23344695568084717,-0.04698343202471733,0.7797886729240417,0.2963981628417969,-0.03855616971850395,0.7636117339134216,0.34625184535980225,-0.022371837869286537,A
0.7892894148826599,0.858005702495575,-5.068802124696958e-07,0.708658754825592,0.7999807000160217,-0.02513444423675537,0.6439529657363892,0.7106134295463562,-0.03376626968383789,0.6068315505981445,0.6289844512939453,-0.04443903639912605,0.5807331800460815,0.5700128078460693,-0.04954611510038376,0.6836999654769897,0.6285809874534607,0.009313741698861122,0.6843658685684204,0.5732532143592834,-0.03276646137237549,0.7056368589401245,0.6432317495346069,-0.06137404218316078,0.7133820056915283,0.6959421634674072,-0.07403494417667389,0.7390515804290771,0.6235723495483398,0.005827292334288359,0.7435072064399719,0.5641331672668457,-0.04120860621333122,0.7520190477371216,0.658559262752533,-0.05997775122523308,0.7470213770866394,0.7134668827056885,-0.06126820296049118,0.7919984459877014,0.6327165961265564,-0.005191200878471136,0.7999089956283569,0.5804461240768433,-0.0520765483379364,0.7938225269317627,0.6714186668395996,-0.04757307469844818,0.7798677086830139,0.7262742519378662,-0.03060777299106121,0.838898241519928,0.6533629894256592,-0.018109355121850967,0.845996618270874,0.6105210781097412,-0.04392123594880104,0.8316093683242798,0.6692240238189697,-0.03345343470573425,0.8135319948196411,0.7087156772613525,-0.017457885667681694,A
0.30287760496139526,0.5735427737236023,-7.674065614082792e-07,0.22071786224842072,0.5446341037750244,-0.020185308530926704,0.14844632148742676,0.4441637694835663,-0.025207819417119026,0.10533064603805542,0.3639542758464813,-0.033300790935754776,0.06216314435005188,0.3153002858161926,-0.037148233503103256,0.18723614513874054,0.34472569823265076,0.005360809154808521,0.15376350283622742,0.30905646085739136,-0.03645181655883789,0.177085742354393,0.3886892795562744,-0.05975295230746269,0.20346730947494507,0.44423121213912964,-0.06755185127258301,0.23811736702919006,0.3363809287548065,-0.001311501837335527,0.20612120628356934,0.2872331440448761,-0.0430288091301918,0.22088637948036194,0.3926030099391937,-0.050496604293584824,0.2425910383462906,0.44778692722320557,-0.04317361116409302,0.29460710287094116,0.3442302346229553,-0.015727804973721504,0.2660157084465027,0.29155343770980835,-0.057957105338573456,0.2671944499015808,0.39499473571777344,-0.044972922652959824,0.28145623207092285,0.44895386695861816,-0.022474678233265877,0.35459616780281067,0.36262068152427673,-0.032109737396240234,0.3296482563018799,0.3219713270664215,-0.05484527349472046,0.3159099221229553,0.381902277469635,-0.042096737772226334,0.31943732500076294,0.4153069853782654,-0.024860456585884094,A
0.5592218637466431,0.4243459403514862,-5.022657205699943e-07,0.4953997731208801,0.3973920941352844,-0.020868614315986633,0.44469428062438965,0.33227720856666565,-0.031039610505104065,0.4192861318588257,0.2705281972885132,-0.04301542416214943,0.4015604555606842,0.21826013922691345,-0.050788041204214096,0.48032331466674805,0.24108484387397766,-0.0009140063775703311,0.4739254117012024,0.18725678324699402,-0.036600809544324875,0.4837992489337921,0.2505839169025421,-0.05853783339262009,0.4937085807323456,0.3010156452655792,-0.06671905517578125,0.525150716304779,0.2342739850282669,-0.0050668478943407536,0.5202142596244812,0.17151877284049988,-0.043236058205366135,0.5225333571434021,0.25675544142723083,-0.05419895425438881,0.5279458165168762,0.31115609407424927,-0.050300002098083496,0.5691410303115845,0.24181176722049713,-0.015347247943282127,0.5686209797859192,0.18328320980072021,-0.053516190499067307,0.5601712465286255,0.2642785310745239,-0.046908408403396606,0.5563597679138184,0.31715062260627747,-0.02986922860145569,0.6124783754348755,0.2602207064628601,-0.02720499224960804,0.6128692626953125,0.2133985161781311,-0.05013488978147507,0.5967355966567993,0.2649683654308319,-0.04093886539340019,0.5849007964134216,0.3053152561187744,-0.026174435392022133,A
0.6779329180717468,0.9500799179077148,-5.2422205953917e-07,0.6118869185447693,0.91816645860672,-0.025768106803297997,0.5545514822006226,0.8419889807701111,-0.033477652817964554,0.5215625166893005,0.7704503536224365,-0.04123530164361,0.4938037693500519,0.7237244844436646,-0.0437941737473011,0.5844988822937012,0.7584757804870605,-0.0008973641088232398,0.5813882350921631,0.7163220643997192,-0.03737662360072136,0.5986822843551636,0.7805814146995544,-0.057707007974386215,0.610637366771698,0.8219319581985474,-0.06544453650712967,0.6328102946281433,0.7536916732788086,-0.0024487024638801813,0.6332215666770935,0.7061050534248352,-0.04234844818711281,0.6395291090011597,0.7949899435043335,-0.052226535975933075,0.6423179507255554,0.8337497115135193,-0.04858340695500374,0.6784624457359314,0.7608569860458374,-0.011017524637281895,0.6840384006500244,0.7152954339981079,-0.05294882878661156,0.6773378252983093,0.7996159195899963,-0.04503757134079933,0.6708946228027344,0.8385610580444336,-0.027446318417787552,0.7208742499351501,0.7783874869346619,-0.021484186872839928,0.7265402674674988,0.7427259683609009,-0.045906443148851395,0.7135545611381531,0.7978159785270691,-0.03630196303129196,0.7011796832084656,0.8259592056274414,-0.02175585739314556,A
0.8114156723022461,0.6800532937049866,-4.728141220766702e-07,0.7617173194885254,0.6000015735626221,-0.03316241130232811,0.7384157776832581,0.48546740412712097,-0.04215200990438461,0.7315752506256104,0.39321020245552063,-0.04944441094994545,0.7196149230003357,0.33343425393104553,-0.04966200143098831,0.8004158139228821,0.4322584569454193,-0.00033537944545969367,0.8220210075378418,0.3952696919441223,-0.03360060602426529,0.8050109148025513,0.46215569972991943,-0.04886674880981445,0.7988730072975159,0.4720155894756317,-0.05632457882165909,0.847376823425293,0.46261656284332275,0.0007357426220551133,0.872316300868988,0.4149140417575836,-0.037311144173145294,0.8395394086837769,0.4933489263057709,-0.04374146834015846,0.8325652480125427,0.4954679608345032,-0.03941083699464798,0.8865792751312256,0.5026527643203735,-0.006197912618517876,0.9131162166595459,0.46515268087387085,-0.04781624674797058,0.8746140003204346,0.5316420197486877,-0.03569803386926651,0.8630842566490173,0.5355165600776672,-0.017081333324313164,0.9187049865722656,0.5467981100082397,-0.015829404816031456,0.9388642311096191,0.5164051055908203,-0.03714461997151375,0.9072010517120361,0.5580929517745972,-0.023832764476537704,0.8946207761764526,0.5671008229255676,-0.00844039861112833,A
0.7895142436027527,0.4635392725467682,-7.102231620592647e-07,0.7030705213546753,0.3975808620452881,-0.035956475883722305,0.6373230218887329,0.2879028916358948,-0.047595251351594925,0.6061148643493652,0.1887926310300827,-0.057844191789627075,0.583480954170227,0.11994078755378723,-0.05965704843401909,0.6989580392837524,0.19042934477329254,-0.008645083755254745,0.7240254282951355,0.1211371123790741,-0.05357924848794937,0.7190803289413452,0.21059946715831757,-0.07382886856794357,0.7080355286598206,0.24748606979846954,-0.08215396851301193,0.7648295760154724,0.1990445852279663,-0.010105197317898273,0.7876866459846497,0.11753223836421967,-0.061324261128902435,0.7711126804351807,0.22863897681236267,-0.07124851644039154,0.7558269500732422,0.2568325996398926,-0.06645237654447556,0.8229636549949646,0.21793560683727264,-0.020192191004753113,0.8497897386550903,0.1514229029417038,-0.0748600885272026,0.8228340744972229,0.2576518654823303,-0.06175860017538071,0.7998431324958801,0.2907857894897461,-0.03917459398508072,0.8750977516174316,0.24874533712863922,-0.03284098207950592,0.8908482789993286,0.20531028509140015,-0.0652255192399025,0.8660884499549866,0.27889418601989746,-0.052486203610897064,0.8442823886871338,0.30588698387145996,-0.035058073699474335,A
0.731411874294281,0.8538939952850342,-4.0724992800278415e-07,0.6780092716217041,0.7809959053993225,-0.0168811846524477,0.6488460898399353,0.6873596906661987,-0.022821463644504547,0.6359958052635193,0.6110187768936157,-0.031457312405109406,0.6188437342643738,0.5581225156784058,-0.03668254241347313,0.6969860792160034,0.6417891979217529,0.011709953658282757,0.7053568363189697,0.5944400429725647,-0.02022527903318405,0.7077295780181885,0.6490987539291382,-0.04361613467335701,0.7039942741394043,0.6975212097167969,-0.05402018129825592,0.7410351037979126,0.6570591330528259,0.007267438340932131,0.7512468695640564,0.6062372326850891,-0.027526864781975746,0.7411764860153198,0.6748151779174805,-0.04336385428905487,0.7302044034004211,0.7254282236099243,-0.044855568557977676,0.7811179757118225,0.6838178038597107,-0.0028591370210051537,0.793163001537323,0.6381816864013672,-0.035729680210351944,0.7744190692901611,0.6989042162895203,-0.032350391149520874,0.7582207918167114,0.743614912033081,-0.01964789442718029,0.8164307475090027,0.7191718816757202,-0.01455238088965416,0.8258088231086731,0.682820200920105,-0.03178510069847107,0.8059000372886658,0.7187091112136841,-0.022757738828659058,0.7903065085411072,0.7470120787620544,-0.010074480436742306,A
0.5855928659439087,0.7799100279808044,-1.007351556836511e-06,0.48980477452278137,0.6595161557197571,-0.0524144284427166,0.4445997476577759,0.4445548355579376,-0.07147573679685593,0.4320666790008545,0.2831474542617798,-0.09076933562755585,0.4009888768196106,0.16494762897491455,-0.10096938908100128,0.5532100200653076,0.3343085050582886,-0.011779306456446648,0.5672091841697693,0.2431221604347229,-0.08493610471487045,0.5640891194343567,0.37334492802619934,-0.12949758768081665,0.55588299036026,0.48116329312324524,-0.14695140719413757,0.64206463098526,0.37016141414642334,-0.014874671585857868,0.6611629724502563,0.2639097571372986,-0.09260876476764679,0.627769410610199,0.4278740882873535,-0.1141132116317749,0.6059614419937134,0.5404651165008545,-0.10741545259952545,0.7210860252380371,0.4344155788421631,-0.031002486124634743,0.7494696378707886,0.33042171597480774,-0.10845806449651718,0.6928503513336182,0.47299426794052124,-0.0941774845123291,0.6520059704780579,0.5711537003517151,-0.06038310006260872,0.7912064790725708,0.516228437423706,-0.051524270325899124,0.8180797100067139,0.43401652574539185,-0.10029575973749161,0.7609989643096924,0.5081210732460022,-0.08450158685445786,0.7142457365989685,0.5651395320892334,-0.05755036324262619,A
0.5630485415458679,0.7854438424110413,-1.0049770935438573e-06,0.4632241725921631,0.648357629776001,-0.06849630177021027,0.40082478523254395,0.43992412090301514,-0.09337116777896881,0.3742371201515198,0.27684450149536133,-0.11425107717514038,0.3549206852912903,0.16026440262794495,-0.1192374974489212,0.516852855682373,0.30730050802230835,-0.02425527200102806,0.53346848487854,0.244498148560524,-0.09108559042215347,0.5176548957824707,0.3914981484413147,-0.11499623209238052,0.5157680511474609,0.42281073331832886,-0.12520641088485718,0.6148481369018555,0.35188159346580505,-0.022203560918569565,0.6385129690170288,0.2824403643608093,-0.09784571826457977,0.5881471037864685,0.4553098976612091,-0.1032550111413002,0.5777737498283386,0.4593898057937622,-0.09123171865940094,0.6982976198196411,0.4222462475299835,-0.03546302020549774,0.7298974394798279,0.3661176264286041,-0.11872907727956772,0.6629894375801086,0.5105398297309875,-0.09038301557302475,0.6401678323745728,0.5179891586303711,-0.0526106022298336,0.7648389935493469,0.5054086446762085,-0.054483599960803986,0.7947295308113098,0.4594281315803528,-0.10270655155181885,0.7371686100959778,0.5457279682159424,-0.07986845076084137,0.7089557647705078,0.5576004385948181,-0.051931820809841156,A
0.6763056516647339,0.9201654195785522,-5.263449907033646e-07,0.6179661154747009,0.8620213866233826,-0.01924593187868595,0.5835914611816406,0.7565003633499146,-0.024925507605075836,0.5729958415031433,0.6726582050323486,-0.03230094537138939,0.5589432716369629,0.6123767495155334,-0.035432763397693634,0.6199460029602051,0.6981451511383057,0.0010034650331363082,0.6247802972793579,0.6479495167732239,-0.035950761288404465,0.631429135799408,0.7183762788772583,-0.058439843356609344,0.6351131796836853,0.7754598259925842,-0.06691563129425049,0.6662431359291077,0.7095150351524353,-0.004249563906341791,0.6754084229469299,0.652432382106781,-0.045154355466365814,0.666846513748169,0.7390352487564087,-0.05699095129966736,0.6607910394668579,0.7981665134429932,-0.05360611900687218,0.7092849016189575,0.7328162789344788,-0.015502535738050938,0.7224127054214478,0.6805896759033203,-0.05517016351222992,0.7007277607917786,0.7608349919319153,-0.04749426245689392,0.6848730444908142,0.8133642673492432,-0.029763642698526382,0.7485992908477783,0.7631921172142029,-0.028327224776148796,0.7604870796203613,0.7225677371025085,-0.05210673809051514,0.7372292876243591,0.7711881995201111,-0.04193985089659691,0.718605101108551,0.8056192994117737,-0.026459703221917152,A
0.6548188924789429,0.806970477104187,-9.803147804632317e-07,0.5422685742378235,0.7235850691795349,-0.05440580099821091,0.46826332807540894,0.5374425053596497,-0.07078639417886734,0.440946102142334,0.39109551906585693,-0.08498793095350266,0.40873435139656067,0.2859307825565338,-0.08862149715423584,0.5340295433998108,0.3933779001235962,-0.023296494036912918,0.5365729331970215,0.33667176961898804,-0.09438258409500122,0.5657763481140137,0.47734010219573975,-0.13077473640441895,0.5804277658462524,0.5874146223068237,-0.14224229753017426,0.6280895471572876,0.4008525013923645,-0.02393324114382267,0.6400034427642822,0.33426451683044434,-0.10668762773275375,0.6384808421134949,0.5089198350906372,-0.126121386885643,0.6290855407714844,0.6128093600273132,-0.1175343468785286,0.713413655757904,0.43834665417671204,-0.036643628031015396,0.7327778935432434,0.374508798122406,-0.12094561755657196,0.704576313495636,0.5335400700569153,-0.10716911405324936,0.6744421124458313,0.6261420249938965,-0.07298406213521957,0.7881206274032593,0.492337167263031,-0.05332332104444504,0.8176863789558411,0.4307081699371338,-0.10865719616413116,0.7793247103691101,0.5221904516220093,-0.09460137039422989,0.7364048957824707,0.5785486102104187,-0.06775245815515518,A
0.6927182674407959,0.7362651824951172,-4.561975117667316e-07,0.6325878500938416,0.6810314655303955,-0.033999696373939514,0.593604326248169,0.5805400013923645,-0.046798232942819595,0.5745042562484741,0.4977571964263916,-0.05735214054584503,0.5535451769828796,0.4419458508491516,-0.06215117871761322,0.6309710144996643,0.4958406090736389,-0.014520525932312012,0.6465597152709961,0.469105988740921,-0.059589434415102005,0.6619978547096252,0.5460472702980042,-0.08520320057868958,0.6682130098342896,0.605199933052063,-0.0938909724354744,0.6819365620613098,0.5018044710159302,-0.012135439552366734,0.702022135257721,0.46825703978538513,-0.06307815760374069,0.6982119679450989,0.5643661618232727,-0.07724199444055557,0.6892396211624146,0.6231533288955688,-0.07310985773801804,0.7282689809799194,0.5207498073577881,-0.016820035874843597,0.7489943504333496,0.49702292680740356,-0.0669865533709526,0.7305192947387695,0.5845637321472168,-0.06104603409767151,0.7122334837913513,0.6344500780105591,-0.041470158845186234,0.7690249681472778,0.5469594597816467,-0.023713888600468636,0.7884846925735474,0.5239001512527466,-0.053090497851371765,0.7653429508209229,0.5817081332206726,-0.043735913932323456,0.7413197159767151,0.6140868663787842,-0.026976417750120163,A
0.6818358898162842,0.9205220937728882,-3.4545402627372823e-07,0.6382495760917664,0.8881107568740845,-0.017180055379867554,0.6064720749855042,0.8256697058677673,-0.02342360094189644,0.5885844826698303,0.7733681201934814,-0.02999410219490528,0.5687141418457031,0.7391821146011353,-0.03348095342516899,0.6272087097167969,0.77068692445755,-0.0007051947177387774,0.6293303966522217,0.7471622228622437,-0.027550550177693367,0.6402564644813538,0.7966673970222473,-0.04404022544622421,0.6465849876403809,0.833469569683075,-0.0504414364695549,0.6609818935394287,0.7719905972480774,-0.0026470047887414694,0.6657691597938538,0.7442670464515686,-0.032353475689888,0.6667889952659607,0.8078930974006653,-0.04129268229007721,0.666591227054596,0.8459145426750183,-0.039365485310554504,0.6929479837417603,0.7841201424598694,-0.009158523753285408,0.7000972032546997,0.7579502463340759,-0.038510676473379135,0.6915127038955688,0.8164488673210144,-0.033485617488622665,0.6844955086708069,0.8514817953109741,-0.021016841754317284,0.7213764786720276,0.8021631836891174,-0.01701483689248562,0.7286454439163208,0.7809423208236694,-0.03412183001637459,0.7153007388114929,0.8194096088409424,-0.02690214104950428,0.7031735777854919,0.8437328338623047,-0.015833353623747826,A
0.67544025182724,0.7018497586250305,-5.89824878716172e-07,0.6091318130493164,0.6387606859207153,-0.02598952315747738,0.5679625868797302,0.5227898955345154,-0.035189367830753326,0.5548685789108276,0.4284738302230835,-0.04501001909375191,0.5376403331756592,0.36291229724884033,-0.050540369004011154,0.6231489181518555,0.44998055696487427,-0.009800442494452,0.6258494257926941,0.3961282968521118,-0.051651597023010254,0.6316285729408264,0.4742094874382019,-0.07727200537919998,0.6341500878334045,0.5403580069541931,-0.08748514950275421,0.6770449280738831,0.4620312750339508,-0.013575060293078423,0.6861356496810913,0.3981214761734009,-0.06226713955402374,0.6746962666511536,0.49582424759864807,-0.07682795077562332,0.6656510233879089,0.5693560838699341,-0.07368230074644089,0.7263798713684082,0.48980891704559326,-0.023537665605545044,0.7392616868019104,0.4343614876270294,-0.06993504613637924,0.7130483388900757,0.5226748585700989,-0.06288150697946548,0.6921647191047668,0.5877847671508789,-0.04402307793498039,0.7702721953392029,0.525580108165741,-0.035441406071186066,0.7789750099182129,0.4869540333747864,-0.06419967859983444,0.749740481376648,0.5415200591087341,-0.05458264797925949,0.7268002033233643,0.5839325189590454,-0.03853750228881836,A
0.7634516358375549,0.770177960395813,5.900803330405324e-07,0.7055104970932007,0.7231400609016418,-0.02505529671907425,0.6722676753997803,0.6307303309440613,-0.03430404141545296,0.7137455940246582,0.5557237267494202,-0.0425959937274456,0.7719312310218811,0.5514175295829773,-0.0509287528693676,0.6516425609588623,0.5139347314834595,-0.005569527391344309,0.6356571912765503,0.410338819026947,-0.01422765664756298,0.6304190754890442,0.35047876834869385,-0.027127696201205254,0.6277941465377808,0.29931020736694336,-0.039269495755434036,0.6928079128265381,0.49519842863082886,-0.0071479324251413345,0.6783544421195984,0.38204413652420044,-0.010616960935294628,0.6712039709091187,0.31310737133026123,-0.02227531000971794,0.6655228734016418,0.2584851384162903,-0.03310959413647652,0.7362853288650513,0.4990653991699219,-0.01305530034005642,0.7297159433364868,0.3975219130516052,-0.016595933586359024,0.7222257852554321,0.33428409695625305,-0.028650296851992607,0.7137690782546997,0.2836536169052124,-0.039637599140405655,0.7805430889129639,0.520505428314209,-0.02288603037595749,0.7801074981689453,0.44479531049728394,-0.026176022365689278,0.775092601776123,0.39790624380111694,-0.02919003739953041,0.7700523138046265,0.35983991622924805,-0.033344950526952744,B
0.6242178082466125,0.7873080968856812,5.2558277729986e-07,0.5730043649673462,0.7428922057151794,-0.02261766418814659,0.5455571413040161,0.6611591577529907,-0.032797671854496,0.582169234752655,0.6029217839241028,-0.04220171645283699,0.6336133480072021,0.6082150340080261,-0.051813896745443344,0.5439803004264832,0.5521885752677917,-0.008388127200305462,0.5396875143051147,0.4611310064792633,-0.01913209818303585,0.5398401021957397,0.40557050704956055,-0.03240673989057541,0.5419721007347107,0.35792112350463867,-0.04427802935242653,0.5799866914749146,0.5413853526115417,-0.010608467273414135,0.577258825302124,0.44198310375213623,-0.01745012030005455,0.5780274868011475,0.37938475608825684,-0.028525540605187416,0.5790001153945923,0.3271681070327759,-0.038344308733940125,0.6163525581359863,0.5492708086967468,-0.016764936968684196,0.6177276968955994,0.4607008695602417,-0.022838415578007698,0.6175021529197693,0.4044443368911743,-0.033005498349666595,0.6165778636932373,0.3578704595565796,-0.04183109849691391,0.6526339650154114,0.5716999173164368,-0.026539072394371033,0.6548475027084351,0.502583384513855,-0.031254492700099945,0.6541712284088135,0.45814424753189087,-0.03426482155919075,0.6535122990608215,0.4205980896949768,-0.03807396814227104,B
0.6263286471366882,0.7847582697868347,4.783347549164318e-07,0.5752440690994263,0.7446174621582031,-0.02143527753651142,0.5481780767440796,0.6644246578216553,-0.029627244919538498,0.5853740572929382,0.6056435108184814,-0.03705836832523346,0.6347116231918335,0.6064785718917847,-0.04466940835118294,0.5455665588378906,0.5587753653526306,-0.006174949929118156,0.5359067916870117,0.47130683064460754,-0.015331272035837173,0.5330911874771118,0.41815850138664246,-0.02726040966808796,0.5330820679664612,0.3724963665008545,-0.0381476916372776,0.5807311534881592,0.5456532835960388,-0.008152962662279606,0.5734981298446655,0.44791150093078613,-0.013653906993567944,0.5709191560745239,0.3870038688182831,-0.024293849244713783,0.5695924162864685,0.3372247517108917,-0.03374071046710014,0.6161500811576843,0.5517991781234741,-0.013883955776691437,0.6153560280799866,0.4650580883026123,-0.01897670142352581,0.6137582659721375,0.41188305616378784,-0.028839441016316414,0.611678957939148,0.36866486072540283,-0.03751770406961441,0.6515507698059082,0.5727069973945618,-0.023092327639460564,0.6532257199287415,0.5068039894104004,-0.02740968018770218,0.6515673398971558,0.46498167514801025,-0.03040619194507599,0.6502563953399658,0.42996567487716675,-0.03414606675505638,B
0.6351230144500732,0.7830253839492798,4.489725995426852e-07,0.5870493054389954,0.7434279918670654,-0.020431675016880035,0.5605047941207886,0.6679913997650146,-0.02851930819451809,0.5937255024909973,0.6102746725082397,-0.035888295620679855,0.6395615935325623,0.6059837341308594,-0.043201085180044174,0.5562489628791809,0.5661424398422241,-0.005174641031771898,0.5477288365364075,0.48159366846084595,-0.01418426726013422,0.5446509718894958,0.43062448501586914,-0.025934090837836266,0.5434555411338806,0.387592613697052,-0.03641765937209129,0.5893436074256897,0.5524598956108093,-0.006919840816408396,0.582058310508728,0.4583694636821747,-0.011985079385340214,0.5784520506858826,0.4015364646911621,-0.02174663543701172,0.5751327872276306,0.35489657521247864,-0.030350282788276672,0.6231712102890015,0.5568885207176208,-0.012312476523220539,0.6208150386810303,0.47195807099342346,-0.01680767722427845,0.6180375814437866,0.42137008905410767,-0.025035550817847252,0.6145402789115906,0.3801240026950836,-0.03252091631293297,0.6577020287513733,0.575757622718811,-0.021073324605822563,0.6592715382575989,0.5117237567901611,-0.024388067424297333,0.6577061414718628,0.47168344259262085,-0.026063483208417892,0.6559802889823914,0.43837815523147583,-0.028737172484397888,B
0.6389139294624329,0.7835051417350769,4.7460611085625715e-07,0.5912632942199707,0.7419240474700928,-0.021657535806298256,0.5659118890762329,0.6707178950309753,-0.030644429847598076,0.5988790392875671,0.6156032085418701,-0.03871554136276245,0.644224226474762,0.6107029914855957,-0.046502649784088135,0.5629978775978088,0.5723675489425659,-0.006316688843071461,0.5544726252555847,0.4866181015968323,-0.015804331749677658,0.5507767796516418,0.43463027477264404,-0.02778295800089836,0.5492368340492249,0.39037761092185974,-0.03816112130880356,0.5958685874938965,0.5595292448997498,-0.007344364654272795,0.5883746147155762,0.46469178795814514,-0.012525352649390697,0.5847018957138062,0.40628963708877563,-0.02273653820157051,0.5816131234169006,0.35854828357696533,-0.0316387414932251,0.6295258402824402,0.563635528087616,-0.01208856888115406,0.6273918151855469,0.4796178936958313,-0.01645960658788681,0.6247256994247437,0.4287744462490082,-0.0254205372184515,0.6213069558143616,0.3883433938026428,-0.0332559198141098,0.6633864045143127,0.581372857093811,-0.02030612900853157,0.6649042963981628,0.5191323161125183,-0.023309435695409775,0.6635382771492004,0.47973430156707764,-0.025267958641052246,0.6623136401176453,0.4476500153541565,-0.02804327942430973,B
0.7493386268615723,0.9230133295059204,9.544793329041568e-07,0.6472676396369934,0.8474624156951904,-0.048241231590509415,0.5916002988815308,0.7150997519493103,-0.0726010799407959,0.6579794883728027,0.5965895652770996,-0.09409359097480774,0.7519487738609314,0.5949324369430542,-0.11524468660354614,0.5844248533248901,0.4925326406955719,-0.013940292410552502,0.5720586180686951,0.33024197816848755,-0.03391432389616966,0.5711531043052673,0.23017928004264832,-0.06232401728630066,0.5739535689353943,0.1422688066959381,-0.08841833472251892,0.6547286510467529,0.4646531641483307,-0.01603586971759796,0.6435841917991638,0.27897393703460693,-0.029417766258120537,0.642731249332428,0.16393300890922546,-0.054705142974853516,0.6401770710945129,0.06341585516929626,-0.07747466117143631,0.7235093712806702,0.47693517804145813,-0.02621925063431263,0.7235049605369568,0.3067784309387207,-0.04075905680656433,0.7192859053611755,0.20103958249092102,-0.06411674618721008,0.7119929194450378,0.11304840445518494,-0.08369684964418411,0.7959325313568115,0.5216050148010254,-0.0433107428252697,0.7968389987945557,0.38391607999801636,-0.05619410425424576,0.7910143136978149,0.30054622888565063,-0.0655364841222763,0.7838791608810425,0.2309587299823761,-0.07540088891983032,B
0.7502265572547913,0.9136687517166138,8.659118861942261e-07,0.6500706076622009,0.8430273532867432,-0.04375431686639786,0.5932190418243408,0.7080305218696594,-0.06441657990217209,0.6597117185592651,0.5935176014900208,-0.08302735537290573,0.7529483437538147,0.5890020132064819,-0.10161392390727997,0.58640056848526,0.48919010162353516,-0.011478015221655369,0.5720081925392151,0.3319252133369446,-0.030604613944888115,0.5696356892585754,0.23610654473304749,-0.056774530559778214,0.5711507201194763,0.15200769901275635,-0.08085855096578598,0.657182514667511,0.46197253465652466,-0.015206328593194485,0.6470513939857483,0.2814079225063324,-0.02877671644091606,0.6458572149276733,0.16981375217437744,-0.052922386676073074,0.6447311043739319,0.0745776891708374,-0.07422903180122375,0.7274033427238464,0.4734271168708801,-0.026583651080727577,0.726477861404419,0.30931323766708374,-0.04106077924370766,0.7223045825958252,0.20632043480873108,-0.06356076151132584,0.7152748703956604,0.11909928917884827,-0.08230940997600555,0.7991083860397339,0.5161388516426086,-0.04435211792588234,0.7991701364517212,0.3823355436325073,-0.056583013385534286,0.7929340600967407,0.3009621500968933,-0.06473852694034576,0.7859233021736145,0.2317080795764923,-0.07364118099212646,B
0.7501430511474609,0.9101454019546509,7.327051321226463e-07,0.6553471684455872,0.8342656493186951,-0.03581798076629639,0.6025997996330261,0.6991786956787109,-0.05168015882372856,0.6679031252861023,0.5896973609924316,-0.06699264794588089,0.7583256363868713,0.5851688385009766,-0.08252570033073425,0.5993033051490784,0.48717665672302246,0.001826204126700759,0.5817791223526001,0.34174638986587524,-0.011940314434468746,0.5767337083816528,0.255984365940094,-0.0350031740963459,0.5761070251464844,0.18023782968521118,-0.05727420374751091,0.6671983003616333,0.4611504375934601,-0.003927679266780615,0.6590542793273926,0.2886722683906555,-0.012760646641254425,0.6581739187240601,0.18587160110473633,-0.03467097133398056,0.6577309370040894,0.09688389301300049,-0.05458581820130348,0.7338656783103943,0.47267240285873413,-0.017007902264595032,0.7340378761291504,0.311495304107666,-0.02783704549074173,0.7300125360488892,0.21148517727851868,-0.048926640301942825,0.7230871319770813,0.12490805983543396,-0.06718925386667252,0.8022661209106445,0.5144972801208496,-0.035836391150951385,0.8041277527809143,0.3832107186317444,-0.045287247747182846,0.7979261875152588,0.30443814396858215,-0.0522078312933445,0.7902723550796509,0.2359534502029419,-0.060542039573192596,B
0.7539128065109253,0.9182617664337158,7.756111699563917e-07,0.6602483987808228,0.8453772068023682,-0.036101143807172775,0.608284592628479,0.7078708410263062,-0.050727494060993195,0.6712533235549927,0.6002260446548462,-0.06446163356304169,0.7593450546264648,0.5974951982498169,-0.07816333323717117,0.6068447828292847,0.4986252784729004,5.583512029261328e-05,0.5893266201019287,0.35141628980636597,-0.01339484378695488,0.5839717388153076,0.2641640305519104,-0.0352848581969738,0.5828441977500916,0.18922069668769836,-0.05601060390472412,0.6725464463233948,0.47422587871551514,-0.004506463184952736,0.664147675037384,0.29900872707366943,-0.011740710586309433,0.6627256870269775,0.19461604952812195,-0.031023818999528885,0.6625702977180481,0.10897734761238098,-0.04844999685883522,0.7373339533805847,0.48680293560028076,-0.01625896245241165,0.7366805672645569,0.32493072748184204,-0.024587493389844894,0.7323101758956909,0.22725212574005127,-0.043468642979860306,0.7256321907043457,0.14471417665481567,-0.06021891161799431,0.8036157488822937,0.5287514925003052,-0.0339035838842392,0.8069526553153992,0.4048002362251282,-0.04117969796061516,0.8017123341560364,0.3309338092803955,-0.046616289764642715,0.7955150604248047,0.267959862947464,-0.05364708974957466,B
0.75102698802948,0.9218530654907227,7.616107495778124e-07,0.6590169668197632,0.8507024049758911,-0.036786504089832306,0.6073510050773621,0.7136307954788208,-0.05185958743095398,0.6687240600585938,0.606545090675354,-0.06574325263500214,0.7546224594116211,0.6038380265235901,-0.07982069253921509,0.6047302484512329,0.5104328989982605,-0.005160162225365639,0.5869461894035339,0.3617051839828491,-0.019895773380994797,0.581012487411499,0.27375248074531555,-0.041518885642290115,0.5790071487426758,0.19771206378936768,-0.06212330982089043,0.6701684594154358,0.4869117736816406,-0.009462383575737476,0.661097526550293,0.3151206374168396,-0.018408125266432762,0.6608709096908569,0.2124013602733612,-0.037663139402866364,0.6612940430641174,0.12660393118858337,-0.05508789047598839,0.7345113754272461,0.4997011423110962,-0.020696956664323807,0.7334198355674744,0.34113895893096924,-0.030719894915819168,0.7308862805366516,0.24593809247016907,-0.049439940601587296,0.7256730198860168,0.1639784872531891,-0.06604190170764923,0.8003196716308594,0.5408961176872253,-0.03772523254156113,0.8031811714172363,0.4193955659866333,-0.04680697247385979,0.7997022867202759,0.3452560305595398,-0.05321934446692467,0.7955906987190247,0.28052347898483276,-0.06094716116786003,B
0.6441055536270142,0.8307026624679565,5.43149724308023e-07,0.5925297141075134,0.7873932719230652,-0.024267172440886497,0.5653390288352966,0.7135716080665588,-0.036690495908260345,0.5963283777236938,0.6520543098449707,-0.048055995255708694,0.644115686416626,0.6463990211486816,-0.059185925871133804,0.5596182346343994,0.604945719242096,-0.010332503356039524,0.5515311360359192,0.5133196115493774,-0.02286575920879841,0.548176109790802,0.457356721162796,-0.03739379346370697,0.5471392869949341,0.4085681140422821,-0.049805574119091034,0.5933876037597656,0.591663658618927,-0.012031704187393188,0.5863021016120911,0.49225175380706787,-0.02044367417693138,0.5833988785743713,0.4290269613265991,-0.03282387927174568,0.581308126449585,0.3758944272994995,-0.043325480073690414,0.628563404083252,0.5971641540527344,-0.01764868013560772,0.6259641051292419,0.5078361630439758,-0.025245409458875656,0.6243741512298584,0.4520992636680603,-0.03587772324681282,0.6223475337028503,0.4063577651977539,-0.044709112495183945,0.6646737456321716,0.6174678802490234,-0.02691492810845375,0.6659387350082397,0.550100564956665,-0.03271882236003876,0.6650870442390442,0.5068197846412659,-0.03607403114438057,0.6644287109375,0.47118252515792847,-0.039720889180898666,B
0.6492847204208374,0.8131704330444336,5.057139560449286e-07,0.6002199649810791,0.7748380303382874,-0.02381916344165802,0.5738418102264404,0.7018823623657227,-0.03524606302380562,0.6047159433364868,0.6404075622558594,-0.04552696272730827,0.6487882137298584,0.6330816745758057,-0.05555521696805954,0.5646860599517822,0.6002652049064636,-0.01123013999313116,0.5541549921035767,0.5108223557472229,-0.023590007796883583,0.5501981377601624,0.45578157901763916,-0.03730040788650513,0.5489445924758911,0.4085136950016022,-0.048893652856349945,0.5975160598754883,0.5844149589538574,-0.012750637717545033,0.5881888270378113,0.48805928230285645,-0.020860565826296806,0.5837845802307129,0.4268186688423157,-0.03248326852917671,0.5804705023765564,0.375913143157959,-0.04235157370567322,0.631763756275177,0.587430477142334,-0.01805087924003601,0.6275948286056519,0.5000878572463989,-0.025282563641667366,0.624643862247467,0.4460861086845398,-0.035501301288604736,0.6217454075813293,0.4022562503814697,-0.044136907905340195,0.6665846705436707,0.6054867506027222,-0.02695469930768013,0.6671167016029358,0.5412711501121521,-0.032800137996673584,0.6650680899620056,0.5002205967903137,-0.03628057613968849,0.6638209819793701,0.4666193723678589,-0.04000693932175636,B
0.6618979573249817,0.800769031047821,5.229137514106696e-07,0.6133437752723694,0.7646519541740417,-0.02493176981806755,0.5864994525909424,0.6915721893310547,-0.036607526242733,0.6171954870223999,0.6299806237220764,-0.04682581499218941,0.6619949340820312,0.6216874718666077,-0.05666806921362877,0.5782368183135986,0.5881324410438538,-0.011969838291406631,0.5691545605659485,0.4986048936843872,-0.02385278418660164,0.5664846897125244,0.443554162979126,-0.03735905885696411,0.566292941570282,0.39632195234298706,-0.04879486933350563,0.6115648746490479,0.5736100673675537,-0.012402084656059742,0.6026690602302551,0.47742852568626404,-0.019583018496632576,0.5985347032546997,0.4173280596733093,-0.030569668859243393,0.5953366756439209,0.36768263578414917,-0.04009583219885826,0.645784854888916,0.5769274234771729,-0.016616281121969223,0.64137864112854,0.49057528376579285,-0.022578148171305656,0.6377382278442383,0.4384816884994507,-0.03136138990521431,0.6341627836227417,0.39654189348220825,-0.03915874660015106,0.6807031631469727,0.5942794680595398,-0.024603750556707382,0.680832028388977,0.530065655708313,-0.029126279056072235,0.6790362596511841,0.4891957640647888,-0.03147432580590248,0.6777493357658386,0.4555240571498871,-0.034460294991731644,B
0.8533452153205872,0.7780475616455078,7.126894843167975e-07,0.7885629534721375,0.7242163419723511,-0.03604092448949814,0.7548525333404541,0.6270030736923218,-0.04633007571101189,0.8009744882583618,0.5492480993270874,-0.05371791124343872,0.8602869510650635,0.5405236482620239,-0.05997117608785629,0.7346338033676147,0.5007655620574951,-0.005156845320016146,0.7199473977088928,0.38210171461105347,-0.01372807938605547,0.7144603729248047,0.3129338026046753,-0.027450375258922577,0.7103515267372131,0.2553297281265259,-0.0400889627635479,0.7806878089904785,0.48103055357933044,-0.0014295915607362986,0.7685615420341492,0.35305702686309814,-0.004324963316321373,0.7629624605178833,0.274075448513031,-0.017461827024817467,0.7574750781059265,0.2124466896057129,-0.029482726007699966,0.8264113068580627,0.48546338081359863,-0.003878152696415782,0.82414710521698,0.37406080961227417,-0.009163843467831612,0.8188026547431946,0.3026990294456482,-0.025417067110538483,0.811604380607605,0.24770081043243408,-0.038880426436662674,0.8725155591964722,0.5064638257026672,-0.011375476606190205,0.8780893683433533,0.4240626394748688,-0.01763075962662697,0.8759798407554626,0.3743782043457031,-0.02447679080069065,0.873166024684906,0.3355218768119812,-0.031187133863568306,B
0.3189479112625122,0.6446455717086792,6.027674430697516e-07,0.24004130065441132,0.6156720519065857,-0.023230278864502907,0.1883220672607422,0.5276480317115784,-0.034567274153232574,0.21224753558635712,0.4455525875091553,-0.04696766287088394,0.26233819127082825,0.42856577038764954,-0.06036671996116638,0.18610221147537231,0.3814387321472168,-0.006649347487837076,0.160854309797287,0.27654996514320374,-0.02479473315179348,0.15087729692459106,0.21073561906814575,-0.04453090950846672,0.14809179306030273,0.15167780220508575,-0.06119701638817787,0.22337090969085693,0.35367250442504883,-0.01439611054956913,0.19923919439315796,0.23242489993572235,-0.027980022132396698,0.18737918138504028,0.15316241979599,-0.04497237130999565,0.18118716776371002,0.08604055643081665,-0.05895818769931793,0.26419129967689514,0.3530659079551697,-0.027286989614367485,0.25060707330703735,0.2394198179244995,-0.040669944137334824,0.2461799532175064,0.16646349430084229,-0.055639900267124176,0.2440047413110733,0.10439801216125488,-0.0678943619132042,0.30703258514404297,0.3735520541667938,-0.04427110776305199,0.3003305196762085,0.2888384163379669,-0.05563124641776085,0.29638513922691345,0.233180969953537,-0.06220520660281181,0.29382044076919556,0.18386973440647125,-0.06872298568487167,B
0.6982743144035339,0.8068958520889282,5.068631594440376e-07,0.6431530117988586,0.7720655202865601,-0.022831039503216743,0.6080231666564941,0.7011889815330505,-0.033691368997097015,0.632485032081604,0.6377397775650024,-0.04375019669532776,0.678064227104187,0.634077787399292,-0.05409204214811325,0.6020891666412354,0.5945411920547485,-0.01003903429955244,0.5911941528320312,0.5086209774017334,-0.022527098655700684,0.5869494080543518,0.4548512101173401,-0.036863744258880615,0.5855099558830261,0.4067942202091217,-0.04935058578848839,0.6367086172103882,0.576687216758728,-0.012400905601680279,0.6266854405403137,0.4810071289539337,-0.020502867177128792,0.6215035319328308,0.4212188720703125,-0.03218817338347435,0.6172618865966797,0.37045663595199585,-0.04230827838182449,0.6727719306945801,0.5784323215484619,-0.01860148459672928,0.6686915159225464,0.4905853867530823,-0.026241527870297432,0.6643624901771545,0.43652936816215515,-0.03648819401860237,0.6602013111114502,0.3919137120246887,-0.04513641819357872,0.7087770104408264,0.5957769751548767,-0.028305821120738983,0.7077455520629883,0.5291341543197632,-0.03454536199569702,0.7058572769165039,0.4870339632034302,-0.038034774363040924,0.7046297788619995,0.45246872305870056,-0.041853781789541245,B
0.778192400932312,0.7729891538619995,6.256261144699238e-07,0.7193340063095093,0.7242844104766846,-0.027339622378349304,0.6840142607688904,0.6358517408370972,-0.037940725684165955,0.7209705114364624,0.5650439858436584,-0.04713978245854378,0.7736961245536804,0.5597220659255981,-0.05594812333583832,0.6663121581077576,0.5189611911773682,-0.007504215929657221,0.6549993753433228,0.4130367934703827,-0.018292641267180443,0.6502322554588318,0.3486834764480591,-0.03269411250948906,0.6471323370933533,0.2942686080932617,-0.045534517616033554,0.7074257135391235,0.5026319622993469,-0.00810039509087801,0.6973705291748047,0.3885992169380188,-0.013751720078289509,0.6920624375343323,0.3167814612388611,-0.026244694367051125,0.6880534887313843,0.2589409649372101,-0.037160661071538925,0.7510042190551758,0.5068320035934448,-0.013321340084075928,0.7443028092384338,0.4040997624397278,-0.019372986629605293,0.7371616363525391,0.33931559324264526,-0.03201640024781227,0.7302700877189636,0.286517858505249,-0.04272015020251274,0.7955281138420105,0.5271288752555847,-0.022590339183807373,0.7945272326469421,0.4517829418182373,-0.02859375812113285,0.7900341749191284,0.4041445851325989,-0.033083535730838776,0.786967933177948,0.3631353974342346,-0.03766759857535362,B
0.7492846250534058,0.8892329931259155,8.44242379116622e-07,0.6623656153678894,0.8247831463813782,-0.03498204052448273,0.6066817045211792,0.6922785639762878,-0.04715393856167793,0.6515310406684875,0.5862420797348022,-0.058606650680303574,0.7309632301330566,0.595377504825592,-0.06936611235141754,0.5980566740036011,0.5135233402252197,0.0033159716986119747,0.584395170211792,0.3738129138946533,-0.006074540317058563,0.5789055228233337,0.2898350954055786,-0.023659881204366684,0.5773870348930359,0.2168198823928833,-0.04086419567465782,0.6542457938194275,0.4909633994102478,0.0010951205622404814,0.6459834575653076,0.3334633708000183,-0.0018127874936908484,0.6429024338722229,0.23746153712272644,-0.014609784819185734,0.6402297616004944,0.15855249762535095,-0.026466842740774155,0.7131825089454651,0.5006884932518005,-0.00832362286746502,0.7082945108413696,0.35675615072250366,-0.011391243897378445,0.6982224583625793,0.2696259617805481,-0.02358127385377884,0.6874518990516663,0.1979805827140808,-0.035117410123348236,0.7741098999977112,0.5339941382408142,-0.023989945650100708,0.7736202478408813,0.4240238666534424,-0.0260281004011631,0.7678377628326416,0.3557668924331665,-0.027859073132276535,0.7629608511924744,0.29660242795944214,-0.0317455530166626,B
0.6760257482528687,0.9648087024688721,9.068726285477169e-07,0.5661914348602295,0.8959271907806396,-0.043321508914232254,0.4948817789554596,0.7488343119621277,-0.06756610423326492,0.5503712892532349,0.6231194138526917,-0.09107524901628494,0.6467662453651428,0.606594979763031,-0.11495620012283325,0.504793107509613,0.5101632475852966,-0.020827731117606163,0.4881146550178528,0.33386242389678955,-0.04837345331907272,0.48345011472702026,0.22615408897399902,-0.07876403629779816,0.4841761887073517,0.1285824477672577,-0.10564253479242325,0.5749661922454834,0.4849226176738739,-0.029016172513365746,0.5571024417877197,0.2933805286884308,-0.050126783549785614,0.5504174828529358,0.17442169785499573,-0.07525000721216202,0.5463919043540955,0.07186001539230347,-0.09653476625680923,0.6474981307983398,0.49688196182250977,-0.04499723017215729,0.6358163356781006,0.31645452976226807,-0.06504672020673752,0.6304765939712524,0.20431619882583618,-0.08557766675949097,0.6244117617607117,0.10690739750862122,-0.10274474322795868,0.7233323454856873,0.540279746055603,-0.06771642714738846,0.7141216397285461,0.3960663676261902,-0.08517855405807495,0.7059451341629028,0.3067496716976166,-0.09410019963979721,0.698112964630127,0.22942271828651428,-0.1028914824128151,B
0.7481961846351624,0.903265118598938,8.045331014727708e-07,0.656315267086029,0.8385732173919678,-0.035939525812864304,0.6027263402938843,0.7093149423599243,-0.05113467201590538,0.6674062013626099,0.6087934970855713,-0.06557022780179977,0.7577802538871765,0.5973978042602539,-0.07992683351039886,0.5880016088485718,0.5018727779388428,-0.005401591304689646,0.5685000419616699,0.3559413552284241,-0.02055303193628788,0.562721312046051,0.27054890990257263,-0.042025934904813766,0.5614807605743408,0.19644200801849365,-0.06229168549180031,0.6518895030021667,0.4735601842403412,-0.01084755640476942,0.6400984525680542,0.30329710245132446,-0.020616354420781136,0.6367368102073669,0.20009467005729675,-0.039868153631687164,0.63542240858078,0.11407890915870667,-0.056978754699230194,0.7168090343475342,0.483153373003006,-0.023294968530535698,0.7129591107368469,0.3239494562149048,-0.034021809697151184,0.7075945734977722,0.23357176780700684,-0.05194166675209999,0.6999239921569824,0.1548832654953003,-0.06745439767837524,0.7842224836349487,0.5226189494132996,-0.041447632014751434,0.7841113805770874,0.3990454077720642,-0.052283335477113724,0.7768057584762573,0.3247685134410858,-0.05892559885978699,0.7683126926422119,0.2581726908683777,-0.06606882065534592,B
0.6918954253196716,0.8044281601905823,6.649411830039753e-07,0.6158885955810547,0.7468104958534241,-0.026387957856059074,0.568185031414032,0.6432158350944519,-0.039227355271577835,0.6140981912612915,0.5563930869102478,-0.0521136149764061,0.6902596354484558,0.5520898103713989,-0.06503596156835556,0.5552313327789307,0.4864030182361603,-0.002873352263122797,0.5400539636611938,0.37356218695640564,-0.0150738675147295,0.5346775650978088,0.3055075705051422,-0.03259214758872986,0.533628523349762,0.24679619073867798,-0.04908141866326332,0.6029250621795654,0.45907115936279297,-0.008867654018104076,0.591151773929596,0.3190487027168274,-0.015923982486128807,0.5863842964172363,0.23634427785873413,-0.029630988836288452,0.5838137269020081,0.17135074734687805,-0.04218679666519165,0.6544776558876038,0.4616812467575073,-0.02037086710333824,0.6493686437606812,0.32827016711235046,-0.028847787529230118,0.6412085294723511,0.25198420882225037,-0.0431448332965374,0.6315345168113708,0.19061756134033203,-0.055534202605485916,0.7087013125419617,0.49025365710258484,-0.03628810495138168,0.7102653980255127,0.3889791965484619,-0.04389103874564171,0.7062458395957947,0.32660993933677673,-0.048618871718645096,0.7012930512428284,0.27493035793304443,-0.05427964776754379,B
0.6011524796485901,0.8250955939292908,3.4444883567630313e-07,0.5702556371688843,0.7974311709403992,-0.013767514377832413,0.5540380477905273,0.7507809400558472,-0.021610166877508163,0.5770710110664368,0.7187182903289795,-0.02902495674788952,0.6072611808776855,0.7209556102752686,-0.03681281581521034,0.5551117062568665,0.6831657290458679,-0.010114090517163277,0.5540323853492737,0.6260735988616943,-0.019399888813495636,0.5558426380157471,0.5908952951431274,-0.02906823717057705,0.5591884255409241,0.5605806112289429,-0.03706732392311096,0.5767759084701538,0.6764397025108337,-0.012225799262523651,0.5762078762054443,0.6131690144538879,-0.018334927037358284,0.5783362984657288,0.5733334422111511,-0.026129163801670074,0.5810458064079285,0.5399941205978394,-0.03282482549548149,0.5983399152755737,0.6822496652603149,-0.016442934051156044,0.6005480885505676,0.6267834305763245,-0.021585706621408463,0.602974534034729,0.5920372009277344,-0.028448283672332764,0.6053531169891357,0.5638556480407715,-0.03426428511738777,0.6194072961807251,0.6978204250335693,-0.02277025394141674,0.6218944787979126,0.655388355255127,-0.027160650119185448,0.6235581040382385,0.6282559633255005,-0.029759475961327553,0.6252928376197815,0.6062062978744507,-0.032479774206876755,B
0.657853364944458,0.8529127836227417,5.351579375201254e-07,0.6083667278289795,0.7990204095840454,-0.028813868761062622,0.5847880244255066,0.7207832932472229,-0.044739946722984314,0.6291418671607971,0.6648481488227844,-0.05897176265716553,0.6838468313217163,0.6458103656768799,-0.07255196571350098,0.578940749168396,0.5819571018218994,-0.01848972775042057,0.5716022253036499,0.4752868115901947,-0.03464968875050545,0.5694214701652527,0.41259270906448364,-0.05098568648099899,0.5691735744476318,0.35965779423713684,-0.06450777500867844,0.6202977299690247,0.5675145387649536,-0.020905092358589172,0.6153538823127747,0.4473409056663513,-0.03165596351027489,0.6127508878707886,0.3748423755168915,-0.04624978452920914,0.610595703125,0.3141027092933655,-0.05846407264471054,0.661741316318512,0.5788396000862122,-0.027442486956715584,0.6645443439483643,0.4717464745044708,-0.0372312106192112,0.6651229858398438,0.40911442041397095,-0.049462318420410156,0.6635186672210693,0.3563651144504547,-0.05995446443557739,0.7030676603317261,0.6111733913421631,-0.037859637290239334,0.7104770541191101,0.5339363217353821,-0.046156104654073715,0.7118927240371704,0.48644477128982544,-0.049976740032434464,0.7117116451263428,0.4455581605434418,-0.053901199251413345,B
0.74452805519104,0.7674127817153931,-3.997394912857999e-07,0.6596465110778809,0.7177356481552124,-0.03328678011894226,0.5877929925918579,0.6324629783630371,-0.04874163120985031,0.5380479693412781,0.5608271360397339,-0.06403426080942154,0.4986910820007324,0.5088446140289307,-0.07266081869602203,0.6409260630607605,0.5100998282432556,-0.011228564195334911,0.6664440035820007,0.4459104537963867,-0.043842967599630356,0.688332736492157,0.5057368874549866,-0.06122622266411781,0.6929047703742981,0.5673932433128357,-0.06659197062253952,0.6994785070419312,0.4997662305831909,-0.00819995254278183,0.722384512424469,0.4222043752670288,-0.050659313797950745,0.7347752451896667,0.5034075975418091,-0.06960418075323105,0.7313987016677856,0.5724263787269592,-0.07171736657619476,0.7514902353286743,0.5025407671928406,-0.011336970143020153,0.775454044342041,0.44046103954315186,-0.05458543077111244,0.7775764465332031,0.5115566849708557,-0.06179701164364815,0.7683907747268677,0.5726843476295471,-0.05293311923742294,0.7980093955993652,0.5213131308555603,-0.016281908378005028,0.8219319581985474,0.4411446452140808,-0.04330828785896301,0.8494442105293274,0.3985471725463867,-0.05042000859975815,0.8702719211578369,0.3602086007595062,-0.04808984696865082,Y
0.7366230487823486,0.752160906791687,-3.241961508138047e-07,0.6547644734382629,0.7044828534126282,-0.03004707768559456,0.5844627618789673,0.6231906414031982,-0.046474963426589966,0.5345263481140137,0.5540632009506226,-0.063530832529068,0.49572494626045227,0.5044745802879333,-0.07501588016748428,0.6375541090965271,0.5081202983856201,-0.011086700484156609,0.6511521339416504,0.42758288979530334,-0.046893294900655746,0.6708384156227112,0.47577905654907227,-0.06810449063777924,0.6794105768203735,0.53487229347229,-0.07560130208730698,0.6933097839355469,0.5013384819030762,-0.01045306958258152,0.7105723023414612,0.40781474113464355,-0.05705546587705612,0.7197879552841187,0.47985416650772095,-0.07773604243993759,0.7186581492424011,0.5518243908882141,-0.07937769591808319,0.7436496019363403,0.5058724880218506,-0.01578608527779579,0.7630856037139893,0.42344948649406433,-0.058771684765815735,0.7618287801742554,0.4853544235229492,-0.06565918028354645,0.7549983263015747,0.545600175857544,-0.05648588761687279,0.7883843183517456,0.5248979330062866,-0.022883279249072075,0.8117889165878296,0.4477449655532837,-0.04926503077149391,0.8339718580245972,0.4019670784473419,-0.05671920254826546,0.8517589569091797,0.35893648862838745,-0.05464022979140282,Y
0.7248186469078064,0.7505133152008057,-1.1033929325776626e-07,0.6393486261367798,0.7133905291557312,-0.026601716876029968,0.5716646313667297,0.6437999606132507,-0.04045955464243889,0.5228029489517212,0.5770387649536133,-0.05639329552650452,0.48324310779571533,0.5301738381385803,-0.0672677755355835,0.6127052903175354,0.5289611220359802,0.007750697899609804,0.6104727983474731,0.4371431767940521,-0.02990981563925743,0.6250646710395813,0.45030808448791504,-0.057292163372039795,0.63742995262146,0.49619925022125244,-0.0691094771027565,0.6632552742958069,0.5151300430297852,0.005378149449825287,0.6648183465003967,0.409268319606781,-0.04457487538456917,0.6764849424362183,0.4650697112083435,-0.07191308587789536,0.6794832944869995,0.5342584252357483,-0.07679852843284607,0.7097837924957275,0.5139678716659546,-0.004067066125571728,0.7141983509063721,0.4149593114852905,-0.04759402573108673,0.7174971699714661,0.46234530210494995,-0.0572936125099659,0.7180637121200562,0.5224080085754395,-0.04993782564997673,0.7549124360084534,0.5291314125061035,-0.015770426020026207,0.7754456400871277,0.4642937481403351,-0.04137589409947395,0.7842132449150085,0.4249809980392456,-0.05001083388924599,0.787915050983429,0.39104145765304565,-0.049056217074394226,Y
0.6875461339950562,0.6819485425949097,-3.7403455621642934e-07,0.587425947189331,0.6337528228759766,-0.027705220505595207,0.5087083578109741,0.5536940097808838,-0.044188883155584335,0.45409226417541504,0.4831799268722534,-0.06358589231967926,0.4076996445655823,0.4368138909339905,-0.07766692340373993,0.5630816221237183,0.4204145073890686,-0.0025250394828617573,0.5747697949409485,0.3389538526535034,-0.04634483531117439,0.5960217118263245,0.386902391910553,-0.07614587992429733,0.6083651185035706,0.4494253695011139,-0.0886598750948906,0.6253139972686768,0.40559595823287964,-0.006451393943279982,0.6342334151268005,0.30764591693878174,-0.06318127363920212,0.6450258493423462,0.3896806836128235,-0.09171096235513687,0.6484863758087158,0.46984124183654785,-0.09698398411273956,0.683117151260376,0.40417033433914185,-0.017333198338747025,0.6995747089385986,0.31555235385894775,-0.0709291324019432,0.6988999843597412,0.3889043927192688,-0.08088641613721848,0.6945071220397949,0.45967742800712585,-0.07091566175222397,0.737441897392273,0.42213863134384155,-0.0299383457750082,0.7608398795127869,0.3325958251953125,-0.06177985668182373,0.7824215888977051,0.2793695330619812,-0.07042673975229263,0.800214946269989,0.22941826283931732,-0.06808989495038986,Y
0.6743088960647583,0.7203691601753235,-6.945250561329885e-07,0.564041018486023,0.6681486964225769,-0.033058855682611465,0.4847845435142517,0.5832887291908264,-0.05331820249557495,0.4336959719657898,0.5141990780830383,-0.07570591568946838,0.39150431752204895,0.47182178497314453,-0.09174605458974838,0.5841313004493713,0.4530148506164551,-0.026071632280945778,0.5982889533042908,0.3876986503601074,-0.07459445297718048,0.6073682308197021,0.4723682999610901,-0.09921557456254959,0.6090573668479919,0.5564274787902832,-0.10673517733812332,0.6556391716003418,0.44822239875793457,-0.029057160019874573,0.671693742275238,0.3589559495449066,-0.09124217182397842,0.6668943166732788,0.4665110409259796,-0.11122947186231613,0.6596758365631104,0.5594348907470703,-0.11062228679656982,0.7190777659416199,0.45633935928344727,-0.038866449147462845,0.7400388121604919,0.3794364631175995,-0.09949158877134323,0.7254250049591064,0.47968921065330505,-0.10311668366193771,0.7113226652145386,0.5627304315567017,-0.0885680541396141,0.771507978439331,0.4839855432510376,-0.050645288079977036,0.8173848390579224,0.4106203615665436,-0.08892250806093216,0.8508896231651306,0.3670876622200012,-0.09896574914455414,0.8778666853904724,0.31652408838272095,-0.09807104617357254,Y
0.6314531564712524,0.7517956495285034,-1.0659421150194248e-06,0.49472349882125854,0.6858093738555908,-0.04899754002690315,0.39269500970840454,0.5510781407356262,-0.07292922586202621,0.32803767919540405,0.4415211081504822,-0.09832140803337097,0.2736832797527313,0.36586764454841614,-0.11337505280971527,0.5082188248634338,0.3650471270084381,-0.03397228941321373,0.513822078704834,0.2835695147514343,-0.09462080150842667,0.5281118154525757,0.41293156147003174,-0.11984053254127502,0.5361974239349365,0.5261035561561584,-0.1257607638835907,0.6010409593582153,0.34983721375465393,-0.034734539687633514,0.6183867454528809,0.24901124835014343,-0.11703216284513474,0.6124640107154846,0.4143310785293579,-0.1389554738998413,0.6069920659065247,0.5408313870429993,-0.1361297219991684,0.6839596033096313,0.362205445766449,-0.04606199637055397,0.7107137441635132,0.2596092224121094,-0.1313372403383255,0.6915398836135864,0.4067137539386749,-0.13903944194316864,0.675815224647522,0.5240411758422852,-0.12277905642986298,0.753587543964386,0.4049091935157776,-0.06039226055145264,0.8233939409255981,0.29700469970703125,-0.12620152533054352,0.8811749815940857,0.23519420623779297,-0.15408608317375183,0.9320414662361145,0.16638293862342834,-0.16288669407367706,Y
